text,text_clean,token,normalisasi,stopwords,stemming,label
@TxtdariHI dampaknya kayaknya mulai kerasa ketika pemerintah Indonesia berani memindahkan ibukota dari Jakarta (Jawa) ke Nusantara (Kalimantan) seperti negara? di Kalimantan Malaysia dan Brunei bangun u/membangun kenapa kok ndk dari dulu kepikiran kereta api melintas 3 negara,dampaknya kayaknya mulai kerasa ketika pemerintah indonesia berani memindahkan ibukota dari jakarta jawa ke nusantara kalimantan seperti negara di kalimantan malaysia dan brunei bangun umembangun kenapa kok ndk dari dulu kepikiran kereta api melintas negara,dampaknya kayaknya mulai kerasa ketika pemerintah indonesia berani memindahkan ibukota dari jakarta jawa ke nusantara kalimantan seperti negara di kalimantan malaysia dan brunei bangun umembangun kenapa kok ndk dari dulu kepikiran kereta api melintas negara,dampaknya kayaknya mulai kerasa ketika pemerintah indonesia berani memindahkan ibukota dari jakarta jawa ke nusantara kalimantan seperti negara di kalimantan malaysia dan brunei bangun membangun kenapa kok tidak dari dulu kepikiran kereta api melintas negara,dampaknya kayaknya kerasa pemerintah indonesia berani memindahkan ibukota jakarta jawa nusantara kalimantan negara kalimantan malaysia brunei bangun membangun kepikiran kereta api melintas negara,dampak kayak rasa perintah indonesia berani pindah ibukota jakarta jawa nusantara kalimantan negara kalimantan malaysia brunei bangun bangun pikir kereta api lintas negara,Netral
Prabowo-Gibran Mulai Godok Program yang Anggarannya Setara IKN Nusantara Belajar dari China-India #IKN #IKNNusantara #IbuKotaNegara #Sepaku #Kaltim #KalimantanTimur #IbuKotaNusantara #makansianggratis #PrabowoGibran https://t.co/yFWqL3xr4t lewat @tribunkaltim,prabowogibran mulai godok program yang anggarannya setara ikn nusantara belajar dari chinaindia lewat,prabowogibran mulai godok program yang anggarannya setara ikn nusantara belajar dari chinaindia lewat,prabowogibran mulai godok program yang anggarannya setara ikn nusantara belajar dari chinaindia lewat,godok program anggarannya setara ikn nusantara belajar chinaindia,godok program anggar tara ikn nusantara ajar chinaindia,Netral
Terungkap fakta baru kagetnya Malaysia dengar rencana proyek kereta cepat IKN Nusantara - Brunei https://t.co/1pLwrQTdzZ #ikn #beritaterkini #beritaterbaru,terungkap fakta baru kagetnya malaysia dengar rencana proyek kereta cepat ikn nusantara brunei,terungkap fakta baru kagetnya malaysia dengar rencana proyek kereta cepat ikn nusantara brunei,terungkap fakta baru kagetnya malaysia dengar rencana proyek kereta cepat ikn nusantara brunei,terungkap fakta kagetnya malaysia dengar rencana proyek kereta cepat ikn nusantara brunei,ungkap fakta kaget malaysia dengar rencana proyek kereta cepat ikn nusantara brunei,Netral
Sebagai tambahan informasi per Maret 2024 progres pembangunan Ibu Kota Nusantara (IKN) batch 1 telah tembus 77%. #PrabowoPilihanRakyat Prabowo Subianto,sebagai tambahan informasi per maret progres pembangunan ibu kota nusantara ikn batch telah tembus prabowo subianto,sebagai tambahan informasi per maret progres pembangunan ibu kota nusantara ikn batch telah tembus prabowo subianto,sebagai tambahan informasi per maret progres pembangunan ibu kota nusantara ikn batch telah tembus prabowo subianto,tambahan informasi maret progres pembangunan kota nusantara ikn batch tembus subianto,tambah informasi maret progres bangun kota nusantara ikn batch tembus subianto,Netral
Rencananya presiden terpilih 2024-2029 akan dilantik di Ibu Kota Nusantara (IKN) Kalimantan Timur. #PrabowoPilihanRakyat Prabowo Subianto,rencananya presiden terpilih akan dilantik di ibu kota nusantara ikn kalimantan timur prabowo subianto,rencananya presiden terpilih akan dilantik di ibu kota nusantara ikn kalimantan timur prabowo subianto,rencananya presiden terpilih akan dilantik di ibu kota nusantara ikn kalimantan timur prabowo subianto,rencananya presiden terpilih dilantik kota nusantara ikn kalimantan timur subianto,rencana presiden pilih lantik kota nusantara ikn kalimantan timur subianto,Netral
@prabowo @gibran_tweet Sebelumnya Basuki Hadimuljono membocorkan rencana pelantikan Presiden dan Wakil Presiden RI terpilih. Menurutnya pelantikan akan digelar di Ibu Kota Nusantara (IKN) Kalimantan Timur.,sebelumnya basuki hadimuljono membocorkan rencana pelantikan presiden dan wakil presiden ri terpilih menurutnya pelantikan akan digelar di ibu kota nusantara ikn kalimantan timur,sebelumnya basuki hadimuljono membocorkan rencana pelantikan presiden dan wakil presiden ri terpilih menurutnya pelantikan akan digelar di ibu kota nusantara ikn kalimantan timur,sebelumnya basuki hadimuljono membocorkan rencana pelantikan presiden dan wakil presiden ri terpilih menurutnya pelantikan akan digelar di ibu kota nusantara ikn kalimantan timur,basuki hadimuljono membocorkan rencana pelantikan presiden wakil presiden ri terpilih menurutnya pelantikan digelar kota nusantara ikn kalimantan timur,basuki hadimuljono bocor rencana lantik presiden wakil presiden ri pilih turut lantik gelar kota nusantara ikn kalimantan timur,Netral
@prabowo @gibran_tweet Menteri Pekerjaan Umum dan Perumahan Rakyat (PUPR) Basuki Hadimuljono menyebut ada rencana pelantikan presiden dan wakil presiden periode 2024-2029 akan dilakukan di Ibu Kota Nusantara (IKN).,menteri pekerjaan umum dan perumahan rakyat pupr basuki hadimuljono menyebut ada rencana pelantikan presiden dan wakil presiden periode akan dilakukan di ibu kota nusantara ikn,menteri pekerjaan umum dan perumahan rakyat pupr basuki hadimuljono menyebut ada rencana pelantikan presiden dan wakil presiden periode akan dilakukan di ibu kota nusantara ikn,menteri pekerjaan umum dan perumahan rakyat pupr basuki hadimuljono menyebut ada rencana pelantikan presiden dan wakil presiden periode akan dilakukan di ibu kota nusantara ikn,menteri pekerjaan perumahan rakyat pupr basuki hadimuljono menyebut rencana pelantikan presiden wakil presiden periode kota nusantara ikn,menteri kerja rumah rakyat pupr basuki hadimuljono sebut rencana lantik presiden wakil presiden periode kota nusantara ikn,Netral
Wah ini ternyata tanggapan mas Gibran soal kabar katanya Presiden dan Wakil Presiden terpilih nantinya akan dilantik di IKN! Ini dari bocorannya Pak Bas lohh...! [THREAD] @prabowo @gibran_tweet #MenataMasaDepan #PrabowoGibran2024 #IKN #Nusantara #Gibran https://t.co/ukGWCVNRl6,wah ini ternyata tanggapan mas gibran soal kabar katanya presiden dan wakil presiden terpilih nantinya akan dilantik di ikn ini dari bocorannya pak bas lohh thread,wah ini ternyata tanggapan mas gibran soal kabar katanya presiden dan wakil presiden terpilih nantinya akan dilantik di ikn ini dari bocorannya pak bas lohh thread,wah ini ternyata tanggapan kakak gibran soal kabar katanya presiden dan wakil presiden terpilih nantinya akan dilantik di ikn ini dari bocorannya bapak bas lohh thread,tanggapan kakak gibran kabar presiden wakil presiden terpilih dilantik ikn bocorannya bas thread,tanggap kakak gibran kabar presiden wakil presiden pilih lantik ikn bocor bas thread,Netral
Progres landasan pacu Bandara VVIP IKN Nusantara 14% https://t.co/9WOeJnskzo,progres landasan pacu bandara vvip ikn nusantara,progres landasan pacu bandara vvip ikn nusantara,progres landasan pacu bandara vvip ikn nusantara,progres landasan pacu bandara vvip ikn nusantara,progres landas pacu bandara vvip ikn nusantara,Netral
OIKN Komitmen fasilitasi warga Sepaku maju seiring pembangunan IKN Nusantara https://t.co/4tzFXbgAOE,oikn komitmen fasilitasi warga sepaku maju seiring pembangunan ikn nusantara,oikn komitmen fasilitasi warga sepaku maju seiring pembangunan ikn nusantara,oikn komitmen fasilitasi warga sepaku maju seiring pembangunan ikn nusantara,oikn komitmen fasilitasi warga sepaku maju seiring pembangunan ikn nusantara,oikn komitmen fasilitas warga paku maju iring bangun ikn nusantara,Positif
Walaupun UU tersebut telah disahkan dalam rapat paripurna DPR peralihan status ibu kota dari Jakarta ke IKN Nusantara masih menunggu penerbitan Keputusan Presiden (Keppres) terlebih dahulu.,walaupun uu tersebut telah disahkan dalam rapat paripurna dpr peralihan status ibu kota dari jakarta ke ikn nusantara masih menunggu penerbitan keputusan presiden keppres terlebih dahulu,walaupun uu tersebut telah disahkan dalam rapat paripurna dpr peralihan status ibu kota dari jakarta ke ikn nusantara masih menunggu penerbitan keputusan presiden keppres terlebih dahulu,walaupun uu tersebut telah disahkan dalam rapat paripurna dpr peralihan status ibu kota dari jakarta ke ikn nusantara masih menunggu penerbitan keputusan presiden keppres terlebih dahulu,uu disahkan rapat paripurna dpr peralihan status kota jakarta ikn nusantara menunggu penerbitan keputusan presiden keppres,uu sah rapat paripurna dpr alih status kota jakarta ikn nusantara tunggu terbit putus presiden keppres,Netral
OIKN Komitmen fasilitasi warga Selalu maju seiring pembangunan IKN Nusantara https://t.co/PX7FymOZZD,oikn komitmen fasilitasi warga selalu maju seiring pembangunan ikn nusantara,oikn komitmen fasilitasi warga selalu maju seiring pembangunan ikn nusantara,oikn komitmen fasilitasi warga selalu maju seiring pembangunan ikn nusantara,oikn komitmen fasilitasi warga maju seiring pembangunan ikn nusantara,oikn komitmen fasilitas warga maju iring bangun ikn nusantara,Positif
Warga setempat akan segera memiliki identitas Kartu Tanda Penduduk (KTP) dengan alamat IKN Nusantara https://t.co/hyBwWQbKgJ,warga setempat akan segera memiliki identitas kartu tanda penduduk ktp dengan alamat ikn nusantara,warga setempat akan segera memiliki identitas kartu tanda penduduk ktp dengan alamat ikn nusantara,warga setempat akan segera memiliki identitas kartu tanda penduduk ktp dengan alamat ikn nusantara,warga memiliki identitas kartu tanda penduduk ktp alamat ikn nusantara,warga milik identitas kartu tanda duduk ktp alamat ikn nusantara,Netral
#IKN Nusantara Dibangun Tak Mengabaikan Peran Swasta https://t.co/80k5ir6hCB,nusantara dibangun tak mengabaikan peran swasta,nusantara dibangun tak mengabaikan peran swasta,nusantara dibangun tidak mengabaikan peran swasta,nusantara dibangun mengabaikan peran swasta,nusantara bangun abai peran swasta,Netral
Gus Yahya menegaskan Dukung IKN https://t.co/stZ51Ccjtg,gus yahya menegaskan dukung ikn,gus yahya menegaskan dukung ikn,gus yahya menegaskan dukung ikn,gus yahya dukung ikn,gus yahya dukung ikn,Positif
Semua harus mendukung pembangunan IKN Nusantara https://t.co/jcHgxYq4p7,semua harus mendukung pembangunan ikn nusantara,semua harus mendukung pembangunan ikn nusantara,semua harus mendukung pembangunan ikn nusantara,mendukung pembangunan ikn nusantara,dukung bangun ikn nusantara,Positif
Tokoh adat mendukung IKN https://t.co/XpUrdPwmAO,tokoh adat mendukung ikn,tokoh adat mendukung ikn,tokoh adat mendukung ikn,tokoh adat mendukung ikn,tokoh adat dukung ikn,Positif
Pembangunan infrastruktur fisik IKN Nusantara terus dipacu guna mengejar target Upacara Peringatan HUT ke-79 Kemerdekaan RI tanggal 17 Agustus 2024. https://t.co/hJ1Kzgc7e1,pembangunan infrastruktur fisik ikn nusantara terus dipacu guna mengejar target upacara peringatan hut ke kemerdekaan ri tanggal agustus,pembangunan infrastruktur fisik ikn nusantara terus dipacu guna mengejar target upacara peringatan hut ke kemerdekaan ri tanggal agustus,pembangunan infrastruktur fisik ikn nusantara terus dipacu guna mengejar target upacara peringatan hut ke kemerdekaan ri tanggal agustus,pembangunan infrastruktur fisik ikn nusantara dipacu mengejar target upacara peringatan hut kemerdekaan ri tanggal agustus,bangun infrastruktur fisik ikn nusantara pacu kejar target upacara ingat hut merdeka ri tanggal agustus,Netral
IKN Nusantara awal dari Kejayaan Bangsa dan Negara. #IKNNusantara #IndonesiaJaya https://t.co/ZuE6hBolRU,ikn nusantara awal dari kejayaan bangsa dan negara,ikn nusantara awal dari kejayaan bangsa dan negara,ikn nusantara awal dari kejayaan bangsa dan negara,ikn nusantara kejayaan bangsa negara,ikn nusantara jaya bangsa negara,Netral
IKN Nusantara dibangun tak mengabaikan peran swasta https://t.co/TkHl0XWWw4,ikn nusantara dibangun tak mengabaikan peran swasta,ikn nusantara dibangun tak mengabaikan peran swasta,ikn nusantara dibangun tidak mengabaikan peran swasta,ikn nusantara dibangun mengabaikan peran swasta,ikn nusantara bangun abai peran swasta,Netral
Pembangunan IKN Nusantara adalah bentuk Pemerataan Pembangunan di Indonesia!! https://t.co/89wnydutJ3,pembangunan ikn nusantara adalah bentuk pemerataan pembangunan di indonesia,pembangunan ikn nusantara adalah bentuk pemerataan pembangunan di indonesia,pembangunan ikn nusantara adalah bentuk pemerataan pembangunan di indonesia,pembangunan ikn nusantara bentuk pemerataan pembangunan indonesia,bangun ikn nusantara bentuk perata bangun indonesia,Netral
@PUTRY_NUSANTARA Semangat yuk kawal sampai Pak Prabowo dilantik di IKN,semangat yuk kawal sampai pak prabowo dilantik di ikn,semangat yuk kawal sampai pak prabowo dilantik di ikn,semangat ayo kawal sampai bapak prabowo dilantik di ikn,semangat ayo kawal dilantik ikn,semangat ayo kawal lantik ikn,Positif
Mari Kita Dukung Pembangunan IKN Nusantara!! https://t.co/1zfT117sYY,mari kita dukung pembangunan ikn nusantara,mari kita dukung pembangunan ikn nusantara,mari kita dukung pembangunan ikn nusantara,mari dukung pembangunan ikn nusantara,mari dukung bangun ikn nusantara,Positif
https://t.co/qjkwY1aqAN PPU Personil Satuan Tugas Operasi Nusantara Mahakam Polda Kaltim melaksanakan Patroli Kamtibmas secara intensif serta pengamanan di beberapa titik penting di kawasan Ibu Kota Negara (IKN). https://t.co/DWqaNI7dWy,ppu personil satuan tugas operasi nusantara mahakam polda kaltim melaksanakan patroli kamtibmas secara intensif serta pengamanan di beberapa titik penting di kawasan ibu kota negara ikn,ppu personil satuan tugas operasi nusantara mahakam polda kaltim melaksanakan patroli kamtibmas secara intensif serta pengamanan di beberapa titik penting di kawasan ibu kota negara ikn,ppu personil satuan tugas operasi nusantara mahakam polda kaltim melaksanakan patroli kamtibmas secara intensif serta pengamanan di beberapa titik penting di kawasan ibu kota negara ikn,ppu personil satuan tugas operasi nusantara mahakam polda kaltim melaksanakan patroli kamtibmas intensif pengamanan titik kawasan kota negara ikn,ppu personil satu tugas operasi nusantara mahakam polda kaltim laksana patroli kamtibmas intensif aman titik kawasan kota negara ikn,Netral
Menteri PUPR Basuki Hadimuljono menyebutkan pelantikan Presiden RI yang baru dilaksanakan di Ibu Kota Nusantara (IKN). Pengucapan sumpah dan janji Presiden dan Wapres tersebut akan digelar Minggu (20/10/2024). Manchester United #WhatsApp Papua #THEDREAMSHOW3 Onana BEM UI https://t.co/6VbsCQBcGl,menteri pupr basuki hadimuljono menyebutkan pelantikan presiden ri yang baru dilaksanakan di ibu kota nusantara ikn pengucapan sumpah dan janji presiden dan wapres tersebut akan digelar minggu manchester united papua onana bem ui,menteri pupr basuki hadimuljono menyebutkan pelantikan presiden ri yang baru dilaksanakan di ibu kota nusantara ikn pengucapan sumpah dan janji presiden dan wapres tersebut akan digelar minggu manchester united papua onana bem ui,menteri pupr basuki hadimuljono menyebutkan pelantikan presiden ri yang baru dilaksanakan di ibu kota nusantara ikn pengucapan sumpah dan janji presiden dan wapres tersebut akan digelar minggu manchester united papua onana bem ui,menteri pupr basuki hadimuljono pelantikan presiden ri dilaksanakan kota nusantara ikn pengucapan sumpah janji presiden wapres digelar minggu manchester united papua onana bem ui,menteri pupr basuki hadimuljono lantik presiden ri laksana kota nusantara ikn ucap sumpah janji presiden wapres gelar minggu manchester united papua onana bem ui,Netral
Dukung pembangunan IKN,dukung pembangunan ikn,dukung pembangunan ikn,dukung pembangunan ikn,dukung pembangunan ikn,dukung bangun ikn,Positif
IKN Nusantara????,ikn nusantara,ikn nusantara,ikn nusantara,ikn nusantara,ikn nusantara,Netral
@riegosee IKN????,ikn,ikn,ikn,ikn,ikn,Netral
@riegosee Keren IKN,keren ikn,keren ikn,keren ikn,keren ikn,keren ikn,Positif
@meraaahputiiih Banyak investor global yang sudah berkomitmen untuk menanamkan modalnya di IKN Nusantara #IbuKotaNegara,banyak investor global yang sudah berkomitmen untuk menanamkan modalnya di ikn nusantara,banyak investor global yang sudah berkomitmen untuk menanamkan modalnya di ikn nusantara,banyak investor global yang sudah berkomitmen untuk menanamkan modalnya di ikn nusantara,investor global berkomitmen menanamkan modalnya ikn nusantara,investor global komitmen tanam modal ikn nusantara,Netral
@meraaahputiiih IKN Nusantara akan meningkatkan daya saing industri manufaktur Indonesia di pasar global. #IbuKotaNegara,ikn nusantara akan meningkatkan daya saing industri manufaktur indonesia di pasar global,ikn nusantara akan meningkatkan daya saing industri manufaktur indonesia di pasar global,ikn nusantara akan meningkatkan daya saing industri manufaktur indonesia di pasar global,ikn nusantara meningkatkan daya saing industri manufaktur indonesia pasar global,ikn nusantara tingkat daya saing industri manufaktur indonesia pasar global,Netral
@meraaahputiiih IKN Nusantara dapat meningkatkan kualitas infrastruktur dan konektivitas di Indonesia. #PindahIbuKota,ikn nusantara dapat meningkatkan kualitas infrastruktur dan konektivitas di indonesia,ikn nusantara dapat meningkatkan kualitas infrastruktur dan konektivitas di indonesia,ikn nusantara dapat meningkatkan kualitas infrastruktur dan konektivitas di indonesia,ikn nusantara meningkatkan kualitas infrastruktur konektivitas indonesia,ikn nusantara tingkat kualitas infrastruktur konektivitas indonesia,Netral
@RebeldeFC29 Terima kasih PUPR telah membantu penyelesaian pembangunan IKN Nusantara,terima kasih pupr telah membantu penyelesaian pembangunan ikn nusantara,terima kasih pupr telah membantu penyelesaian pembangunan ikn nusantara,terima kasih pupr telah membantu penyelesaian pembangunan ikn nusantara,terima kasih pupr membantu penyelesaian pembangunan ikn nusantara,terima kasih pupr bantu selesai bangun ikn nusantara,Netral
@meraaahputiiih IKN Nusantara dapat meningkatkan konektivitas digital dan mempercepat transformasi digital di Indonesia. #IKNNusantara,ikn nusantara dapat meningkatkan konektivitas digital dan mempercepat transformasi digital di indonesia,ikn nusantara dapat meningkatkan konektivitas digital dan mempercepat transformasi digital di indonesia,ikn nusantara dapat meningkatkan konektivitas digital dan mempercepat transformasi digital di indonesia,ikn nusantara meningkatkan konektivitas digital mempercepat transformasi digital indonesia,ikn nusantara tingkat konektivitas digital cepat transformasi digital indonesia,Netral
@meraaahputiiih semoga penataan kota ikn nusantara seperti kota BARCELONA DI SPANYOL rapi dan indah #PindahIbuKota,semoga penataan kota ikn nusantara seperti kota barcelona di spanyol rapi dan indah,semoga penataan kota ikn nusantara seperti kota barcelona di spanyol rapi dan indah,semoga penataan kota ikn nusantara seperti kota barcelona di spanyol rapi dan indah,semoga penataan kota ikn nusantara kota barcelona spanyol rapi indah,moga tata kota ikn nusantara kota barcelona spanyol rapi indah,Positif
@meraaahputiiih IKN Nusantara membuka peluang besar untuk pengembangan industri baja di Indonesia. #PindahIbuKota,ikn nusantara membuka peluang besar untuk pengembangan industri baja di indonesia,ikn nusantara membuka peluang besar untuk pengembangan industri baja di indonesia,ikn nusantara membuka peluang besar untuk pengembangan industri baja di indonesia,ikn nusantara membuka peluang pengembangan industri baja indonesia,ikn nusantara buka peluang kembang industri baja indonesia,Netral
IKN Nusantara magnet pertumbuhan ekonomi baru https://t.co/N04EvaOzzu,ikn nusantara magnet pertumbuhan ekonomi baru,ikn nusantara magnet pertumbuhan ekonomi baru,ikn nusantara magnet pertumbuhan ekonomi baru,ikn nusantara magnet pertumbuhan ekonomi,ikn nusantara magnet tumbuh ekonomi,Positif
Ketua Umum PBNU Gus Yahya menegaskan dukung IKN Nusantara https://t.co/a6ToND5GWl,ketua umum pbnu gus yahya menegaskan dukung ikn nusantara,ketua umum pbnu gus yahya menegaskan dukung ikn nusantara,ketua umum pbnu gus yahya menegaskan dukung ikn nusantara,ketua pbnu gus yahya dukung ikn nusantara,ketua pbnu gus yahya dukung ikn nusantara,Positif
@colorhejo_ Mantap IKN Nusantara,mantap ikn nusantara,mantap ikn nusantara,mantap ikn nusantara,mantap ikn nusantara,mantap ikn nusantara,Positif
Pemerintah Provinsi (Pemprov) Papua Barat berencana akan membangun kantor penghubung dan guest house staf di Kota Balikpapan sebagai lokasi yang terdekat dengan Ibu Kota Nusantara (IKN) Kalimantan Timur (Kaltim). #ikn #nusantara Baca selengkapnya https://t.co/KOkXomolwK,pemerintah provinsi pemprov papua barat berencana akan membangun kantor penghubung dan guest house staf di kota balikpapan sebagai lokasi yang terdekat dengan ibu kota nusantara ikn kalimantan timur kaltim baca selengkapnya,pemerintah provinsi pemprov papua barat berencana akan membangun kantor penghubung dan guest house staf di kota balikpapan sebagai lokasi yang terdekat dengan ibu kota nusantara ikn kalimantan timur kaltim baca selengkapnya,pemerintah provinsi pemprov papua barat berencana akan membangun kantor penghubung dan guest house staf di kota balikpapan sebagai lokasi yang terdekat dengan ibu kota nusantara ikn kalimantan timur kaltim baca selengkapnya,pemerintah provinsi pemprov papua barat berencana membangun kantor penghubung guest house staf kota balikpapan lokasi terdekat kota nusantara ikn kalimantan timur kaltim baca selengkapnya,perintah provinsi pemprov papua barat rencana bangun kantor hubung guest house staf kota balikpapan lokasi dekat kota nusantara ikn kalimantan timur kaltim baca lengkap,Netral
Pembangunan stadion sepak bola berstandar FIFA menjadi salah satu proyek unggulan dalam pembangunan IKN Nusantara. #IbuKotaNegara #IKNNusantara #PindahIbuKota https://t.co/nMxttDN0lo,pembangunan stadion sepak bola berstandar fifa menjadi salah satu proyek unggulan dalam pembangunan ikn nusantara,pembangunan stadion sepak bola berstandar fifa menjadi salah satu proyek unggulan dalam pembangunan ikn nusantara,pembangunan stadion sepak bola berstandar fifa menjadi salah satu proyek unggulan dalam pembangunan ikn nusantara,pembangunan stadion sepak bola berstandar fifa salah proyek unggulan pembangunan ikn nusantara,bangun stadion sepak bola standar fifa salah proyek unggul bangun ikn nusantara,Negatif
Pelantikan presiden terpilih akan dilakukan di IKN Nusantara. Hal itu disampaikan oleh MenPUPR. Goblok Manchester United #WhatsApp Papua #THEDREAMSHOW3 Onana BEM UI Tim Tolol https://t.co/mWEEJhua26,pelantikan presiden terpilih akan dilakukan di ikn nusantara hal itu disampaikan oleh menpupr goblok manchester united papua onana bem ui tim tolol,pelantikan presiden terpilih akan dilakukan di ikn nusantara hal itu disampaikan oleh menpupr goblok manchester united papua onana bem ui tim tolol,pelantikan presiden terpilih akan dilakukan di ikn nusantara hal itu disampaikan oleh menpupr goblok manchester united papua onana bem ui grup bodoh,pelantikan presiden terpilih ikn nusantara menpupr goblok manchester united papua onana bem ui grup bodoh,lantik presiden pilih ikn nusantara menpupr goblok manchester united papua onana bem ui grup bodoh,Netral
Otorita IKN Nusantara dan Forum Komunikasi Pengusaha IKN Nusantara permudah Investor tanam modal. Pembentukan forum ini sangat bermanfaat bagi para investor maupun calon investor. Goblok Manchester United #WhatsApp Papua #THEDREAMSHOW3 Onana BEM UI Tim Tolol https://t.co/2lyVATc4MQ,otorita ikn nusantara dan forum komunikasi pengusaha ikn nusantara permudah investor tanam modal pembentukan forum ini sangat bermanfaat bagi para investor maupun calon investor goblok manchester united papua onana bem ui tim tolol,otorita ikn nusantara dan forum komunikasi pengusaha ikn nusantara permudah investor tanam modal pembentukan forum ini sangat bermanfaat bagi para investor maupun calon investor goblok manchester united papua onana bem ui tim tolol,otorita ikn nusantara dan forum komunikasi pengusaha ikn nusantara permudah investor tanam modal pembentukan forum ini sangat bermanfaat bagi para investor maupun calon investor goblok manchester united papua onana bem ui grup bodoh,otorita ikn nusantara forum komunikasi pengusaha ikn nusantara permudah investor tanam modal pembentukan forum bermanfaat investor calon investor goblok manchester united papua onana bem ui grup bodoh,otorita ikn nusantara forum komunikasi usaha ikn nusantara mudah investor tanam modal bentuk forum manfaat investor calon investor goblok manchester united papua onana bem ui grup bodoh,Positif
Menteri Pekerjaan Umum dan Perumahan Rakyat (PUPR) Basuki Hadimuljono menyebut?pelantikan presiden?dan wakil presiden periode 2024-2029 akan dilaksanakan di Ibu Kota Nusantara (IKN). ___ Manchester United #WhatsApp Papua #THEDREAMSHOW3 Onana BEM UI https://t.co/WXdm6JgMC5,menteri pekerjaan umum dan perumahan rakyat pupr basuki hadimuljono menyebutpelantikan presidendan wakil presiden periode akan dilaksanakan di ibu kota nusantara ikn manchester united papua onana bem ui,menteri pekerjaan umum dan perumahan rakyat pupr basuki hadimuljono menyebutpelantikan presidendan wakil presiden periode akan dilaksanakan di ibu kota nusantara ikn manchester united papua onana bem ui,menteri pekerjaan umum dan perumahan rakyat pupr basuki hadimuljono menyebutpelantikan presidendan wakil presiden periode akan dilaksanakan di ibu kota nusantara ikn manchester united papua onana bem ui,menteri pekerjaan perumahan rakyat pupr basuki hadimuljono menyebutpelantikan presidendan wakil presiden periode dilaksanakan kota nusantara ikn manchester united papua onana bem ui,menteri kerja rumah rakyat pupr basuki hadimuljono menyebutpelantikan presidendan wakil presiden periode laksana kota nusantara ikn manchester united papua onana bem ui,Netral
Menteri PUPR Basuki Hadimuljono menyebut rencananya pelantikan Presiden baru akan dilaksanakan di Ibu Kota Nusantara atau IKN. Selain pelantikan Presiden baru upacara peringatan HUT ke-79 RI juga akan digelar di IKN Manchester United #WhatsApp Papua #THEDREAMSHOW3 Onana BEM UI https://t.co/EBgVyY3G0H,menteri pupr basuki hadimuljono menyebut rencananya pelantikan presiden baru akan dilaksanakan di ibu kota nusantara atau ikn selain pelantikan presiden baru upacara peringatan hut ke ri juga akan digelar di ikn manchester united papua onana bem ui,menteri pupr basuki hadimuljono menyebut rencananya pelantikan presiden baru akan dilaksanakan di ibu kota nusantara atau ikn selain pelantikan presiden baru upacara peringatan hut ke ri juga akan digelar di ikn manchester united papua onana bem ui,menteri pupr basuki hadimuljono menyebut rencananya pelantikan presiden baru akan dilaksanakan di ibu kota nusantara atau ikn selain pelantikan presiden baru upacara peringatan hut ke ri juga akan digelar di ikn manchester united papua onana bem ui,menteri pupr basuki hadimuljono menyebut rencananya pelantikan presiden dilaksanakan kota nusantara ikn pelantikan presiden upacara peringatan hut ri digelar ikn manchester united papua onana bem ui,menteri pupr basuki hadimuljono sebut rencana lantik presiden laksana kota nusantara ikn lantik presiden upacara ingat hut ri gelar ikn manchester united papua onana bem ui,Netral
IKN Nusantara akan menjadi pusat peradaban baru bukan saja di level nasional tapi di tingkatan dunia. Hal ini akan menjadi kebanggaan semua masyarakat Indonesia. #IKNPemerataanEkonomi #IKNSejahterakanIndonesia #IKN #IKNtingkatkanKesejahteraan #dukungproyekIKN #IKNNusantara https://t.co/aBKSujaelV,ikn nusantara akan menjadi pusat peradaban baru bukan saja di level nasional tapi di tingkatan dunia hal ini akan menjadi kebanggaan semua masyarakat indonesia,ikn nusantara akan menjadi pusat peradaban baru bukan saja di level nasional tapi di tingkatan dunia hal ini akan menjadi kebanggaan semua masyarakat indonesia,ikn nusantara akan menjadi pusat peradaban baru bukan saja di level nasional tapi di tingkatan dunia hal ini akan menjadi kebanggaan semua masyarakat indonesia,ikn nusantara pusat peradaban level nasional tingkatan dunia kebanggaan masyarakat indonesia,ikn nusantara pusat adab level nasional tingkat dunia bangga masyarakat indonesia,Positif
Menteri PUPR Basuki Hadimuljono mengungkapkan presiden RI ke-8 yang nanti akan menggantikan Presiden Jokowi direncanakan akan dilantik di Ibu Kota Negara (IKN) Nusantara. Manchester Unite #WhatsApp Papua #THEDREAMSHOW3 Onana BEM UI https://t.co/f1c2AYMnt6,menteri pupr basuki hadimuljono mengungkapkan presiden ri ke yang nanti akan menggantikan presiden jokowi direncanakan akan dilantik di ibu kota negara ikn nusantara manchester unite papua onana bem ui,menteri pupr basuki hadimuljono mengungkapkan presiden ri ke yang nanti akan menggantikan presiden jokowi direncanakan akan dilantik di ibu kota negara ikn nusantara manchester unite papua onana bem ui,menteri pupr basuki hadimuljono mengungkapkan presiden ri ke yang nanti akan menggantikan presiden jokowi direncanakan akan dilantik di ibu kota negara ikn nusantara manchester unite papua onana bem ui,menteri pupr basuki hadimuljono presiden ri menggantikan presiden jokowi direncanakan dilantik kota negara ikn nusantara manchester unite papua onana bem ui,menteri pupr basuki hadimuljono presiden ri ganti presiden jokowi rencana lantik kota negara ikn nusantara manchester unite papua onana bem ui,Netral
@rasa2086 Mantap IKN,mantap ikn,mantap ikn,mantap ikn,mantap ikn,mantap ikn,Positif
Menteri Pekerjaan Umum dan Perumahan Rakyat (PUPR) Basuki Hadimuljono menyebut pelantikan presiden dan wakil presiden periode 2024-2029 akan dilaksanakan di Ibu Kota Nusantara (IKN) Manchester United #WhatsApp Papua #THEDREAMSHOW3 Onana BEM UI https://t.co/tgqaqipdiv,menteri pekerjaan umum dan perumahan rakyat pupr basuki hadimuljono menyebut pelantikan presiden dan wakil presiden periode akan dilaksanakan di ibu kota nusantara ikn manchester united papua onana bem ui,menteri pekerjaan umum dan perumahan rakyat pupr basuki hadimuljono menyebut pelantikan presiden dan wakil presiden periode akan dilaksanakan di ibu kota nusantara ikn manchester united papua onana bem ui,menteri pekerjaan umum dan perumahan rakyat pupr basuki hadimuljono menyebut pelantikan presiden dan wakil presiden periode akan dilaksanakan di ibu kota nusantara ikn manchester united papua onana bem ui,menteri pekerjaan perumahan rakyat pupr basuki hadimuljono menyebut pelantikan presiden wakil presiden periode dilaksanakan kota nusantara ikn manchester united papua onana bem ui,menteri kerja rumah rakyat pupr basuki hadimuljono sebut lantik presiden wakil presiden periode laksana kota nusantara ikn manchester united papua onana bem ui,Netral
Menteri PUPR Basuki Hadimuljono menyebutkan pelantikan Presiden RI yang baru dilaksanakan di Ibu Kota Nusantara (IKN). Pengucapan sumpah dan janji Presiden dan Wakil Presiden tersebut akan digelar Minggu (20/10/2024). Manchester Unite #WhatsApp Papua #THEDREAMSHOW3 Onana BEM UI https://t.co/br2IHXl71y,menteri pupr basuki hadimuljono menyebutkan pelantikan presiden ri yang baru dilaksanakan di ibu kota nusantara ikn pengucapan sumpah dan janji presiden dan wakil presiden tersebut akan digelar minggu manchester unite papua onana bem ui,menteri pupr basuki hadimuljono menyebutkan pelantikan presiden ri yang baru dilaksanakan di ibu kota nusantara ikn pengucapan sumpah dan janji presiden dan wakil presiden tersebut akan digelar minggu manchester unite papua onana bem ui,menteri pupr basuki hadimuljono menyebutkan pelantikan presiden ri yang baru dilaksanakan di ibu kota nusantara ikn pengucapan sumpah dan janji presiden dan wakil presiden tersebut akan digelar minggu manchester unite papua onana bem ui,menteri pupr basuki hadimuljono pelantikan presiden ri dilaksanakan kota nusantara ikn pengucapan sumpah janji presiden wakil presiden digelar minggu manchester unite papua onana bem ui,menteri pupr basuki hadimuljono lantik presiden ri laksana kota nusantara ikn ucap sumpah janji presiden wakil presiden gelar minggu manchester unite papua onana bem ui,Netral
Menteri PUPR Sebut Pelantikan Presiden Baru Dilaksanakan di IKN Menteri PUPR Basuki Hadimuljono mengatakan presiden yang baru akan dilantik di Ibu Kota Nusantara (IKN) pada saat pelantikan tahun 2024 nanti. Manchester Unite #WhatsApp Papua #THEDREAMSHOW3 Onana BEM UI https://t.co/gRMU1BMbqs,menteri pupr sebut pelantikan presiden baru dilaksanakan di ikn menteri pupr basuki hadimuljono mengatakan presiden yang baru akan dilantik di ibu kota nusantara ikn pada saat pelantikan tahun nanti manchester unite papua onana bem ui,menteri pupr sebut pelantikan presiden baru dilaksanakan di ikn menteri pupr basuki hadimuljono mengatakan presiden yang baru akan dilantik di ibu kota nusantara ikn pada saat pelantikan tahun nanti manchester unite papua onana bem ui,menteri pupr sebut pelantikan presiden baru dilaksanakan di ikn menteri pupr basuki hadimuljono mengatakan presiden yang baru akan dilantik di ibu kota nusantara ikn pada saat pelantikan tahun nanti manchester unite papua onana bem ui,menteri pupr pelantikan presiden dilaksanakan ikn menteri pupr basuki hadimuljono presiden dilantik kota nusantara ikn pelantikan manchester unite papua onana bem ui,menteri pupr lantik presiden laksana ikn menteri pupr basuki hadimuljono presiden lantik kota nusantara ikn lantik manchester unite papua onana bem ui,Netral
Menteri PUPR Basuki Hadimuljono mengatakan presiden yg baru akan dilantik di Ibu Kota Nusantara (IKN) pada saat pelantikan tahun 2024 nanti. Basuki juga menyampaikan upacara 17 Agustus nanti juga akan digelar di IKN Manchester Unite #WhatsApp Papua #THEDREAMSHOW3 Onana BEM UI https://t.co/wY1eEhhPtS,menteri pupr basuki hadimuljono mengatakan presiden yg baru akan dilantik di ibu kota nusantara ikn pada saat pelantikan tahun nanti basuki juga menyampaikan upacara agustus nanti juga akan digelar di ikn manchester unite papua onana bem ui,menteri pupr basuki hadimuljono mengatakan presiden yg baru akan dilantik di ibu kota nusantara ikn pada saat pelantikan tahun nanti basuki juga menyampaikan upacara agustus nanti juga akan digelar di ikn manchester unite papua onana bem ui,menteri pupr basuki hadimuljono mengatakan presiden yang baru akan dilantik di ibu kota nusantara ikn pada saat pelantikan tahun nanti basuki juga menyampaikan upacara agustus nanti juga akan digelar di ikn manchester unite papua onana bem ui,menteri pupr basuki hadimuljono presiden dilantik kota nusantara ikn pelantikan basuki upacara agustus digelar ikn manchester unite papua onana bem ui,menteri pupr basuki hadimuljono presiden lantik kota nusantara ikn lantik basuki upacara agustus gelar ikn manchester unite papua onana bem ui,Netral
Kepala Staf Kepresidenan Moeldoko mengemukakan dampak positif dan negatif dari rencana Brunei Darussalam membangun kereta cepat hingga ke Ibu Kota Negara (IKN) Nusantara. https://t.co/vRyWLKmRC5,kepala staf kepresidenan moeldoko mengemukakan dampak positif dan negatif dari rencana brunei darussalam membangun kereta cepat hingga ke ibu kota negara ikn nusantara,kepala staf kepresidenan moeldoko mengemukakan dampak positif dan negatif dari rencana brunei darussalam membangun kereta cepat hingga ke ibu kota negara ikn nusantara,kepala staf kepresidenan moeldoko mengemukakan dampak positif dan negatif dari rencana brunei darussalam membangun kereta cepat hingga ke ibu kota negara ikn nusantara,kepala staf kepresidenan moeldoko mengemukakan dampak positif negatif rencana brunei darussalam membangun kereta cepat kota negara ikn nusantara,kepala staf presiden moeldoko muka dampak positif negatif rencana brunei darussalam bangun kereta cepat kota negara ikn nusantara,Positif
IKN Nusantara untuk Indonesia maju #IKNSejahterakanIndonesia #IKNPemerataanEkonomi https://t.co/K1GTG57k5e,ikn nusantara untuk indonesia maju,ikn nusantara untuk indonesia maju,ikn nusantara untuk indonesia maju,ikn nusantara indonesia maju,ikn nusantara indonesia maju,Positif
@lysavana1 Tetap semangat mba.... Semoga badai cepat berlalu... Harus disadari bahwa semua org punya dosa dan khilaf dgn porsi masing2 jadi jangan saling menghujat...,tetap semangat mba semoga badai cepat berlalu harus disadari bahwa semua org punya dosa dan khilaf dgn porsi masing jadi jangan saling menghujat,tetap semangat mba semoga badai cepat berlalu harus disadari bahwa semua org punya dosa dan khilaf dgn porsi masing jadi jangan saling menghujat,tetap semangat kakak semoga badai cepat berlalu harus disadari bahwa semua orang punya dosa dan khilaf dengan porsi masing jadi jangan saling menghujat,semangat kakak semoga badai cepat disadari orang dosa khilaf porsi menghujat,semangat kakak moga badai cepat sadar orang dosa khilaf porsi hujat,Positif
@meraaahputiiih Kami warga Mataram mendukung pembangunan IKN Nusantara,kami warga mataram mendukung pembangunan ikn nusantara,kami warga mataram mendukung pembangunan ikn nusantara,kami warga mataram mendukung pembangunan ikn nusantara,warga mataram mendukung pembangunan ikn nusantara,warga mataram dukung bangun ikn nusantara,Positif
@meraaahputiiih Allah ya tuhan kamilancarkan usaha bangsa indonesia u menuju indonesia maju ber ahlak dan sejahtera Lancarkan usaha kami membangun nkri yg solid di mulai dr IKN NUSANTARA ini,allah ya tuhan kamilancarkan usaha bangsa indonesia u menuju indonesia maju ber ahlak dan sejahtera lancarkan usaha kami membangun nkri yg solid di mulai dr ikn nusantara ini,allah ya tuhan kamilancarkan usaha bangsa indonesia u menuju indonesia maju ber ahlak dan sejahtera lancarkan usaha kami membangun nkri yg solid di mulai dr ikn nusantara ini,allah ya tuhan kamilancarkan usaha bangsa indonesia kamu menuju indonesia maju ber ahlak dan sejahtera lancarkan usaha kami membangun nkri yang solid di mulai dari ikn nusantara ini,allah tuhan kamilancarkan usaha bangsa indonesia indonesia maju ber ahlak sejahtera lancarkan usaha membangun nkri solid ikn nusantara,allah tuhan kamilancarkan usaha bangsa indonesia indonesia maju ber ahlak sejahtera lancar usaha bangun nkri solid ikn nusantara,Positif
@meraaahputiiih Investasi IKN Nusantara harus adil dan menguntungkan bagi kedua belah pihak,investasi ikn nusantara harus adil dan menguntungkan bagi kedua belah pihak,investasi ikn nusantara harus adil dan menguntungkan bagi kedua belah pihak,investasi ikn nusantara harus adil dan menguntungkan bagi kedua belah pihak,investasi ikn nusantara adil menguntungkan belah,investasi ikn nusantara adil untung belah,Positif
Pembangunan stadion sepak bola ini menjadi salah satu langkah strategis dalam memperkuat infrastruktur di IKN Nusantara. #IbuKotaNegara #IKNNusantara #PindahIbuKota https://t.co/hadM1zdpwz,pembangunan stadion sepak bola ini menjadi salah satu langkah strategis dalam memperkuat infrastruktur di ikn nusantara,pembangunan stadion sepak bola ini menjadi salah satu langkah strategis dalam memperkuat infrastruktur di ikn nusantara,pembangunan stadion sepak bola ini menjadi salah satu langkah strategis dalam memperkuat infrastruktur di ikn nusantara,pembangunan stadion sepak bola salah langkah strategis memperkuat infrastruktur ikn nusantara,bangun stadion sepak bola salah langkah strategis kuat infrastruktur ikn nusantara,Netral
@jokowi Sampai kiamat masa lalumu akan di catat sejarah https://t.co/5t4CinmytH,sampai kiamat masa lalumu akan di catat sejarah,sampai kiamat masa lalumu akan di catat sejarah,sampai kiamat masa lalumu akan di catat sejarah,kiamat lalumu catat sejarah,kiamat lalu catat sejarah,Netral
@BBerizik Pembela yg akan menjadi sampah https://t.co/kKjLaGjPzc,pembela yg akan menjadi sampah,pembela yg akan menjadi sampah,pembela yang akan menjadi sampah,pembela sampah,bela sampah,Netral
@jokowi Bansos cair ndan https://t.co/ioLanVtX6a,bansos cair ndan,bansos cair ndan,bansos cair ndan,bansos cair ndan,bansos cair ndan,Netral
@gibran_tweet Duh... Sampah..,duh sampah,duh sampah,aduh sampah,aduh sampah,aduh sampah,Netral
Dukung Pembangunan IKN Nusantara untuk kemajuan bangsa Indonesia #KotaDuniaUntukSemua https://t.co/v6q9AspRvZ,dukung pembangunan ikn nusantara untuk kemajuan bangsa indonesia,dukung pembangunan ikn nusantara untuk kemajuan bangsa indonesia,dukung pembangunan ikn nusantara untuk kemajuan bangsa indonesia,dukung pembangunan ikn nusantara kemajuan bangsa indonesia,dukung bangun ikn nusantara maju bangsa indonesia,Positif
Jika direnungkan bangsa ini sedang dibawa ke arah pemutar balikan rasa ke Indonesian nya . Coba pikir kita lebih sering dengar kata Nusantara daripada Indonesia . Kemudian ibukota negara pun dipindah dgn nama IKN lagi2 tidak menggunakan kata ibukota negara Indonesia tapi IKN,jika direnungkan bangsa ini sedang dibawa ke arah pemutar balikan rasa ke indonesian nya coba pikir kita lebih sering dengar kata nusantara daripada indonesia kemudian ibukota negara pun dipindah dgn nama ikn lagi tidak menggunakan kata ibukota negara indonesia tapi ikn,jika direnungkan bangsa ini sedang dibawa ke arah pemutar balikan rasa ke indonesian nya coba pikir kita lebih sering dengar kata nusantara daripada indonesia kemudian ibukota negara pun dipindah dgn nama ikn lagi tidak menggunakan kata ibukota negara indonesia tapi ikn,jika direnungkan bangsa ini sedang dibawa ke arah pemutar balikan rasa ke indonesian nya coba pikir kita lebih sering dengar kata nusantara daripada indonesia kemudian ibukota negara pun dipindah dengan nama ikn lagi tidak menggunakan kata ibukota negara indonesia tapi ikn,direnungkan bangsa dibawa arah pemutar balikan indonesian nya coba pikir dengar nusantara indonesia ibukota negara dipindah nama ikn ibukota negara indonesia ikn,renung bangsa bawa arah putar balik indonesian nya coba pikir dengar nusantara indonesia ibukota negara pindah nama ikn ibukota negara indonesia ikn,Netral
Alasan Ekonom Senior sebut Program Makan Siang Gratis Lebih Penting dari Bangun IKN Nusantara #IKN #IKNNusantara #IbuKotaNegara #Sepaku #Kaltim #KalimantanTimur #IbuKotaNusantara #makansianggratis https://t.co/rVyQi8zjQ9 lewat @tribunkaltim,alasan ekonom senior sebut program makan siang gratis lebih penting dari bangun ikn nusantara lewat,alasan ekonom senior sebut program makan siang gratis lebih penting dari bangun ikn nusantara lewat,alasan ekonomi senior sebut program makan siang gratis lebih penting dari bangun ikn nusantara lewat,alasan ekonomi senior program makan siang gratis bangun ikn nusantara,alas ekonomi senior program makan siang gratis bangun ikn nusantara,Netral
jakarta bukan lg jadi ibukota mari menyambut ibu kota nusantara kalimantan.,jakarta bukan lg jadi ibukota mari menyambut ibu kota nusantara kalimantan,jakarta bukan lg jadi ibukota mari menyambut ibu kota nusantara kalimantan,jakarta bukan lagi jadi ibukota mari menyambut ibu kota nusantara kalimantan,jakarta ibukota mari menyambut kota nusantara kalimantan,jakarta ibukota mari sambut kota nusantara kalimantan,Netral
Bang @irwan_fecho minta Kementerian PUPR perhatiakan infrastruktur Sekolah di wilayah sekitar IKN Nusantara https://t.co/eY9gaiHEgc,bang minta kementerian pupr perhatiakan infrastruktur sekolah di wilayah sekitar ikn nusantara,bang minta kementerian pupr perhatiakan infrastruktur sekolah di wilayah sekitar ikn nusantara,kakak minta kementerian pupr perhatiakan infrastruktur sekolah di wilayah sekitar ikn nusantara,kakak kementerian pupr perhatiakan infrastruktur sekolah wilayah ikn nusantara,kakak menteri pupr perhatiakan infrastruktur sekolah wilayah ikn nusantara,Netral
Deputi Kebangsaan Lemhannas RI menekankan bahwa pertahanan suatu negara tidak semata-mata ditopang oleh kekuatan militer saja. #LemhannasRI #Nusantara #Unhan #IKN,deputi kebangsaan lemhannas ri menekankan bahwa pertahanan suatu negara tidak sematamata ditopang oleh kekuatan militer saja,deputi kebangsaan lemhannas ri menekankan bahwa pertahanan suatu negara tidak sematamata ditopang oleh kekuatan militer saja,deputi kebangsaan lemhannas ri menekankan bahwa pertahanan suatu negara tidak sematamata ditopang oleh kekuatan militer saja,deputi kebangsaan lemhannas ri menekankan pertahanan negara sematamata ditopang kekuatan militer,deputi bangsa lemhannas ri tekan tahan negara sematamata topang kuat militer,Netral
saat menjadi narasumber pada FGD Konsep Strategi dan Keamanan IKN Nusantara berbasis The Smart Defence and Security 5.0 .,saat menjadi narasumber pada fgd konsep strategi dan keamanan ikn nusantara berbasis the smart defence and security,saat menjadi narasumber pada fgd konsep strategi dan keamanan ikn nusantara berbasis the smart defence and security,saat menjadi narasumber pada fgd konsep strategi dan keamanan ikn nusantara berbasis sebuah smart defence dan security,narasumber fgd konsep strategi keamanan ikn nusantara berbasis smart defence security,narasumber fgd konsep strategi aman ikn nusantara bas smart defence security,Positif
pemerataan semakin di depan mata #ikn #indonesia #borneo #ikn #atlantis #kalimantanbarat #fyp??iral??024 #indonesia #NusantaraSakti #nusantara #jokowidodo #viralindonesia #indonesiaku #fypchallenge #ibukotabaru #fyp https://t.co/VT8RUcgg3o,pemerataan semakin di depan mata iral,pemerataan semakin di depan mata iral,pemerataan semakin di depan mata iral,pemerataan mata iral,perata mata iral,Netral
pembangunan istana negara #ikn #nusantara #indonesiaku #nusantara #kaltim #fyp??iral??024 #indonesia #jokowidodo #borneo #NusantaraSakti #ikn #b #viralindonesia #atlantis #kalimantanbarat https://t.co/YGassgfIwl,pembangunan istana negara iral,pembangunan istana negara iral,pembangunan istana negara iral,pembangunan istana negara iral,bangun istana negara iral,Netral
mega proyek pembangunan ikn #ikn #indonesia #kaltim #borneo #fyp??iral??024 #kalimantanbarat #indonesia #viralindonesia #ikn #fypchallenge #nusantara #NusantaraSakti #b #borneo #atlantis #jokowidodo https://t.co/nCeRtrvZ1m,mega proyek pembangunan ikn iral,mega proyek pembangunan ikn iral,mega proyek pembangunan ikn iral,mega proyek pembangunan ikn iral,mega proyek bangun ikn iral,Netral
ikn sungguh cantik luar biasa #ikn #kaltim #borneo #borneo #nusantara #jokowidodo #atlantis #viralindonesia #ikn #NusantaraSakti #b #indonesia #kalimantanbarat #fypchallenge #fyp??iral??024 https://t.co/KANfIZk2SQ,ikn sungguh cantik luar biasa iral,ikn sungguh cantik luar biasa iral,ikn sungguh cantik luar biasa iral,ikn sungguh cantik iral,ikn sungguh cantik iral,Netral
kalo ibukota nya pindah ke kalimantan nanti konser konder di pindah kesana juga ga,kalo ibukota nya pindah ke kalimantan nanti konser konder di pindah kesana juga ga,kalo ibukota nya pindah ke kalimantan nanti konser konder di pindah kesana juga ga,kalau ibukota nya pindah ke kalimantan nanti konser konder di pindah kesana juga tidak,ibukota nya pindah kalimantan konser konder pindah kesana,ibukota nya pindah kalimantan konser konder pindah kesana,Netral
@NarasiNewsroom Cairo dan ibukota baru mesir hanya 1 jam perjalanan mobil. Lebih masuk akal sih tetap tinggal di cairo kerja di ibukota apalagi ntar disediain kereta cepat lah kita jarak jkt ikn brp lama perjalanan. Gak kebayang brp biaya pindah dan SPDD menjelang pindah full.,cairo dan ibukota baru mesir hanya jam perjalanan mobil lebih masuk akal sih tetap tinggal di cairo kerja di ibukota apalagi ntar disediain kereta cepat lah kita jarak jkt ikn brp lama perjalanan gak kebayang brp biaya pindah dan spdd menjelang pindah full,cairo dan ibukota baru mesir hanya jam perjalanan mobil lebih masuk akal sih tetap tinggal di cairo kerja di ibukota apalagi ntar disediain kereta cepat lah kita jarak jkt ikn brp lama perjalanan gak kebayang brp biaya pindah dan spdd menjelang pindah full,cairo dan ibukota baru mesir hanya jam perjalanan mobil lebih masuk akal sih tetap tinggal di cairo kerja di ibukota apalagi nanti disediain kereta cepat lah kita jarak jakarta ikn berapa lama perjalanan tidak kebayang berapa biaya pindah dan spdd menjelang pindah penuh,cairo ibukota mesir jam perjalanan mobil masuk akal tinggal cairo kerja ibukota disediain kereta cepat jarak jakarta ikn perjalanan kebayang biaya pindah spdd menjelang pindah penuh,cairo ibukota mesir jam jalan mobil masuk akal tinggal cairo kerja ibukota ain kereta cepat jarak jakarta ikn jalan bayang biaya pindah spdd jelang pindah penuh,Netral
Barusan aku dengerin lagu seventeen AKB48 dan JKT48. Tapi setelah ibukota pindah apa bakal jadi IKN48 ya Wkkwkw,barusan aku dengerin lagu seventeen akb dan jkt tapi setelah ibukota pindah apa bakal jadi ikn ya wkkwkw,barusan aku dengerin lagu seventeen akb dan jkt tapi setelah ibukota pindah apa bakal jadi ikn ya wkkwkw,barusan aku dengerin lagu seventeen akb dan jakarta tapi setelah ibukota pindah apa akan jadi ikn ya wkkwkw,barusan dengerin lagu seventeen akb jakarta ibukota pindah ikn wkkwkw,barusan dengerin lagu seventeen akb jakarta ibukota pindah ikn wkkwkw,Netral
awalnya gw bingung knp jkt dibilang kabupaten stlh ibukota pindah. soalnya yg ada dipikiran gw jkt itu provinsi wkwk kalo kabupaten tuh ya jkt barat jkt pusat dll,awalnya gw bingung knp jkt dibilang kabupaten stlh ibukota pindah soalnya yg ada dipikiran gw jkt itu provinsi wkwk kalo kabupaten tuh ya jkt barat jkt pusat dll,awalnya gw bingung knp jkt dibilang kabupaten stlh ibukota pindah soalnya yg ada dipikiran gw jkt itu provinsi wkwk kalo kabupaten tuh ya jkt barat jkt pusat dll,awalnya aku bingung kenapa jakarta dibilang kabupaten stlh ibukota pindah soalnya yang ada dipikiran aku jakarta itu provinsi wkwk kalau kabupaten itu ya jakarta barat jakarta pusat dsb,bingung jakarta dibilang kabupaten stlh ibukota pindah dipikiran jakarta provinsi kabupaten jakarta barat jakarta pusat dsb,bingung jakarta bilang kabupaten stlh ibukota pindah pikir jakarta provinsi kabupaten jakarta barat jakarta pusat dsb,Netral
@NarasiNewsroom Karena IKN udah terlanjur. Maka harus kita dukung sampe jalan. Setidaknya menguntungkan di area kalimantan. Perkara ibukota mo balik lagi ke DKI ato malah pindah ke BSD. Bodoamatlah. Kalo perlu bikin ibukotan pindah2 tiap 10 tahun. Biar tiap propinsi merasakan jadi ibukota,karena ikn udah terlanjur maka harus kita dukung sampe jalan setidaknya menguntungkan di area kalimantan perkara ibukota mo balik lagi ke dki ato malah pindah ke bsd bodoamatlah kalo perlu bikin ibukotan pindah tiap tahun biar tiap propinsi merasakan jadi ibukota,karena ikn udah terlanjur maka harus kita dukung sampe jalan setidaknya menguntungkan di area kalimantan perkara ibukota mo balik lagi ke dki ato malah pindah ke bsd bodoamatlah kalo perlu bikin ibukotan pindah tiap tahun biar tiap propinsi merasakan jadi ibukota,karena ikn sudah terlanjur maka harus kita dukung sampai jalan setidaknya menguntungkan di area kalimantan perkara ibukota ingin balik lagi ke dki atau malah pindah ke bsd bodoamatlah kalau perlu bikin ibukotan pindah tiap tahun biar tiap propinsi merasakan jadi ibukota,ikn terlanjur dukung jalan menguntungkan area kalimantan perkara ibukota dki pindah bsd bodoamatlah bikin ibukotan pindah biar propinsi merasakan ibukota,ikn lanjur dukung jalan untung area kalimantan perkara ibukota dki pindah bsd bodoamatlah bikin ibukotan pindah biar propinsi rasa ibukota,Positif
Dapat video diberanda apakah DPR akan tinggal diam apabila ibukota pindah ke Kalimatan otomatis kedaulatan NKRI berada du tangan cina Seiring dgn video medsos yg mengabarkan permintaan xijingping unt mengirim 200rb warganya ke kalimantan #TikTok https://t.co/lkna0ln8CT,dapat video diberanda apakah dpr akan tinggal diam apabila ibukota pindah ke kalimatan otomatis kedaulatan nkri berada du tangan cina seiring dgn video medsos yg mengabarkan permintaan xijingping unt mengirim rb warganya ke kalimantan,dapat video diberanda apakah dpr akan tinggal diam apabila ibukota pindah ke kalimatan otomatis kedaulatan nkri berada du tangan cina seiring dgn video medsos yg mengabarkan permintaan xijingping unt mengirim rb warganya ke kalimantan,dapat video diberanda apakah dpr akan tinggal diam apabila ibukota pindah ke kalimatan otomatis kedaulatan nkri berada du tangan cina seiring dengan video medsos yang mengabarkan permintaan xijingping unt mengirim rb warganya ke kalimantan,video diberanda dpr tinggal diam ibukota pindah kalimatan otomatis kedaulatan nkri du tangan cina seiring video medsos mengabarkan permintaan xijingping unt mengirim rb warganya kalimantan,video beranda dpr tinggal diam ibukota pindah kalimat otomatis daulat nkri du tangan cina iring video medsos abar minta xijingping unt kirim rb warga kalimantan,Netral
@Spectacuros salah lah pindah ibukota ger,salah lah pindah ibukota ger,salah lah pindah ibukota ger,salah lah pindah ibukota ger,salah pindah ibukota ger,salah pindah ibukota ger,Negatif
Pesawat mn yg gak bangkrut kalo penumpang segitu ? Knp KEDIRI berani bangun BANDARA ? coba hubungkn dgn gosip yg mnyatak SATRIO PININGIT telah muncul. Kira2 ada kmungkinan ibukota RI di pindah k KEDIRI sama dia apa nggak ? Kalo sdh jadi ibu kota perekono ....... #pikiran007,pesawat mn yg gak bangkrut kalo penumpang segitu knp kediri berani bangun bandara coba hubungkn dgn gosip yg mnyatak satrio piningit telah muncul kira ada kmungkinan ibukota ri di pindah k kediri sama dia apa nggak kalo sdh jadi ibu kota perekono,pesawat mn yg gak bangkrut kalo penumpang segitu knp kediri berani bangun bandara coba hubungkn dgn gosip yg mnyatak satrio piningit telah muncul kira ada kmungkinan ibukota ri di pindah k kediri sama dia apa nggak kalo sdh jadi ibu kota perekono,pesawat mana yang tidak bangkrut kalau penumpang segitu kenapa kediri berani bangun bandara coba hubungkn dengan gosip yang mnyatak satrio piningit telah muncul kira ada kmungkinan ibukota ri di pindah k kediri sama dia apa tidak kalau sudah jadi ibu kota perekono,pesawat bangkrut penumpang segitu kediri berani bangun bandara coba hubungkn gosip mnyatak satrio piningit muncul kmungkinan ibukota ri pindah k kediri kota perekono,pesawat bangkrut tumpang segitu diri berani bangun bandara coba hubungkn gosip mnyatak satrio pingit muncul kmungkinan ibukota ri pindah k diri kota perekono,Netral
Tiba2 kepikiran gimana kalau JKT48 bakal ganti nama jadi IKN48 karena ibukota pindah dan nanti lagu jakarta48 yang di setlist Aitakatta jadi gimana?,tiba kepikiran gimana kalau jkt bakal ganti nama jadi ikn karena ibukota pindah dan nanti lagu jakarta yang di setlist aitakatta jadi gimana,tiba kepikiran gimana kalau jkt bakal ganti nama jadi ikn karena ibukota pindah dan nanti lagu jakarta yang di setlist aitakatta jadi gimana,tiba kepikiran gimana kalau jakarta akan ganti nama jadi ikn karena ibukota pindah dan nanti lagu jakarta yang di setlist aitakatta jadi gimana,kepikiran gimana jakarta ganti nama ikn ibukota pindah lagu jakarta setlist aitakatta gimana,pikir gimana jakarta ganti nama ikn ibukota pindah lagu jakarta setlist aitakatta gimana,Netral
@Dzoel_999 Kata nya dulu kalian sangat bangga ibukota pindah ke kalimantan IKN,kata nya dulu kalian sangat bangga ibukota pindah ke kalimantan ikn,kata nya dulu kalian sangat bangga ibukota pindah ke kalimantan ikn,kata nya dulu kalian sangat bangga ibukota pindah ke kalimantan ikn,nya bangga ibukota pindah kalimantan ikn,nya bangga ibukota pindah kalimantan ikn,Positif
@Mas_Puput Langkah pemprov dki dah bener... Kalo dah ancur kan enak ngomongnya bahwa DKI sdh tidak sanggup jadi ibukota jadi memang harus pindah. Gitu kali ya?,langkah pemprov dki dah bener kalo dah ancur kan enak ngomongnya bahwa dki sdh tidak sanggup jadi ibukota jadi memang harus pindah gitu kali ya,langkah pemprov dki dah bener kalo dah ancur kan enak ngomongnya bahwa dki sdh tidak sanggup jadi ibukota jadi memang harus pindah gitu kali ya,langkah pemprov dki sudah benar kalau sudah hancur kan enak ngomongnya bahwa dki sudah tidak sanggup jadi ibukota jadi memang harus pindah gitu kali ya,langkah pemprov dki hancur enak ngomongnya dki sanggup ibukota pindah gitu kali,langkah pemprov dki hancur enak ngomongnya dki sanggup ibukota pindah gitu kali,Netral
Kalau Ibukota jadi pindah Gedung dpr di IKN desainnya gini aja please biar ga pada tidur https://t.co/hYnMxtG4KR,kalau ibukota jadi pindah gedung dpr di ikn desainnya gini aja please biar ga pada tidur,kalau ibukota jadi pindah gedung dpr di ikn desainnya gini aja please biar ga pada tidur,kalau ibukota jadi pindah gedung dpr di ikn desainnya gini saja tolong biar tidak pada tidur,ibukota pindah gedung dpr ikn desainnya gini tolong biar tidur,ibukota pindah gedung dpr ikn desain gin tolong biar tidur,Netral
Prabowo Gibran udah di pindah ke ibukota IKN Kaltim,prabowo gibran udah di pindah ke ibukota ikn kaltim,prabowo gibran udah di pindah ke ibukota ikn kaltim,prabowo gibran sudah di pindah ke ibukota ikn kaltim,gibran pindah ibukota ikn kaltim,gibran pindah ibukota ikn kaltim,Netral
Eh ibukota indonesia udh pindah ya??,eh ibukota indonesia udh pindah ya,eh ibukota indonesia udh pindah ya,eh ibukota indonesia sudah pindah ya,ibukota indonesia pindah,ibukota indonesia pindah,Netral
@toe_giman Suatu pembiaran oleh PJ....agar menjadi alasan pindah ibukota,suatu pembiaran oleh pjagar menjadi alasan pindah ibukota,suatu pembiaran oleh pjagar menjadi alasan pindah ibukota,suatu pembiaran oleh pjagar menjadi alasan pindah ibukota,pembiaran pjagar alasan pindah ibukota,biar pjagar alas pindah ibukota,Netral
@katzen_jammer @TSugijana Sama saya dulu orang kota juga semenjak ibukota pindah saya jd orang kampung skrg,sama saya dulu orang kota juga semenjak ibukota pindah saya jd orang kampung skrg,sama saya dulu orang kota juga semenjak ibukota pindah saya jd orang kampung skrg,sama aku dulu orang kota juga semenjak ibukota pindah aku jadi orang kampung sekarang,orang kota semenjak ibukota pindah orang kampung,orang kota semenjak ibukota pindah orang kampung,Netral
@toe_giman sadarlah... brenti menjadi katak dungu yg sembunyi dr kebenaran... dorong program utk pembenahan kembalikan setidaknya spt masa mas Anies dukung gubernur yg selaras dg Perubahan. jangan malah dijadikan alasan utk pindah ibukota malah bikin miskin rakyat se-Indonesia.,sadarlah brenti menjadi katak dungu yg sembunyi dr kebenaran dorong program utk pembenahan kembalikan setidaknya spt masa mas anies dukung gubernur yg selaras dg perubahan jangan malah dijadikan alasan utk pindah ibukota malah bikin miskin rakyat seindonesia,sadarlah brenti menjadi katak dungu yg sembunyi dr kebenaran dorong program utk pembenahan kembalikan setidaknya spt masa mas anies dukung gubernur yg selaras dg perubahan jangan malah dijadikan alasan utk pindah ibukota malah bikin miskin rakyat seindonesia,sadarlah brenti menjadi katak dungu yang sembunyi dari kebenaran dorong program untuk pembenahan kembalikan setidaknya seperti masa kakak anies dukung gubernur yang selaras dengan perubahan jangan malah dijadikan alasan untuk pindah ibukota malah bikin miskin rakyat seindonesia,sadarlah brenti katak dungu sembunyi kebenaran dorong program pembenahan kembalikan kakak dukung gubernur selaras perubahan dijadikan alasan pindah ibukota bikin miskin rakyat seindonesia,sadar brenti katak dungu sembunyi benar dorong program benah kembali kakak dukung gubernur selaras ubah jadi alas pindah ibukota bikin miskin rakyat indonesia,Netral
Uhuk2 dlu anak Kota yg d Jabodetabek (khususnya Jkt) suka bilang yg d kabupaten sbg anak daerah Sbentar lagi nih status Ibukota pindah dan Jkt akan diubah menjadi DKJ (Daerah Khusus Jakarta) Akhirnya jd kota ke2 stelah Daerah Istimewa Yogyakarta (Jogja),uhuk dlu anak kota yg d jabodetabek khususnya jkt suka bilang yg d kabupaten sbg anak daerah sbentar lagi nih status ibukota pindah dan jkt akan diubah menjadi dkj daerah khusus jakarta akhirnya jd kota ke stelah daerah istimewa yogyakarta jogja,uhuk dlu anak kota yg d jabodetabek khususnya jkt suka bilang yg d kabupaten sbg anak daerah sbentar lagi nih status ibukota pindah dan jkt akan diubah menjadi dkj daerah khusus jakarta akhirnya jd kota ke stelah daerah istimewa yogyakarta jogja,uhuk dulu anak kota yang di jabodetabek khususnya jakarta suka bilang yang di kabupaten sebagai anak daerah sebentar lagi ini status ibukota pindah dan jakarta akan diubah menjadi dkj daerah khusus jakarta akhirnya jadi kota ke stelah daerah istimewa yogyakarta jogja,uhuk anak kota jabodetabek jakarta suka bilang kabupaten anak daerah sebentar status ibukota pindah jakarta diubah dkj daerah khusus jakarta kota stelah daerah istimewa yogyakarta jogja,uhuk anak kota jabodetabek jakarta suka bilang kabupaten anak daerah sebentar status ibukota pindah jakarta ubah dkj daerah khusus jakarta kota stelah daerah istimewa yogyakarta jogja,Positif
Selamat datang dulur dulur sek rantau ning kabupaten sek mbakone ampek iki macet ibukota pindah ning gunung ngadirejo disik.,selamat datang dulur dulur sek rantau ning kabupaten sek mbakone ampek iki macet ibukota pindah ning gunung ngadirejo disik,selamat datang dulur dulur sek rantau ning kabupaten sek mbakone ampek iki macet ibukota pindah ning gunung ngadirejo disik,selamat datang dulur dulur masih rantau ning kabupaten masih mbakone ampek ini macet ibukota pindah ning gunung ngadirejo disik,selamat dulur dulur rantau ning kabupaten mbakone ampek macet ibukota pindah ning gunung ngadirejo disik,selamat dulur dulur rantau ning kabupaten mbakone ampek macet ibukota pindah ning gunung ngadirejo disik,Negatif
@kompascom Makanya ibukota pindah aja segera ke IKN. Ribet yang mudik bawa2 temen2nya. Nganga aja disini diajak demo bayaran mau aja. Jakarta sudah sumpek dan padat. IKN adalah penyebaran penduduk merata. Orang2 gak ke Jakarta aja tapi juga mau mencari nafkah ke Kalimantan yg luas.,makanya ibukota pindah aja segera ke ikn ribet yang mudik bawa temennya nganga aja disini diajak demo bayaran mau aja jakarta sudah sumpek dan padat ikn adalah penyebaran penduduk merata orang gak ke jakarta aja tapi juga mau mencari nafkah ke kalimantan yg luas,makanya ibukota pindah aja segera ke ikn ribet yang mudik bawa temennya nganga aja disini diajak demo bayaran mau aja jakarta sudah sumpek dan padat ikn adalah penyebaran penduduk merata orang gak ke jakarta aja tapi juga mau mencari nafkah ke kalimantan yg luas,makanya ibukota pindah saja segera ke ikn ribet yang mudik bawa temennya nganga saja disini diajak demo bayaran mau saja jakarta sudah sumpek dan padat ikn adalah penyebaran penduduk merata orang tidak ke jakarta saja tapi juga mau mencari nafkah ke kalimantan yang luas,ibukota pindah ikn ribet mudik bawa temennya nganga diajak demo bayaran jakarta sumpek padat ikn penyebaran penduduk merata orang jakarta mencari nafkah kalimantan luas,ibukota pindah ikn ribet mudik bawa temennya nganga ajak demo bayar jakarta sumpek padat ikn sebar duduk rata orang jakarta cari nafkah kalimantan luas,Netral
@toe_giman Emang sengaja dia bikin begitu untuk menguatkan alasan pindah ibukota.,emang sengaja dia bikin begitu untuk menguatkan alasan pindah ibukota,emang sengaja dia bikin begitu untuk menguatkan alasan pindah ibukota,memang sengaja dia bikin begitu untuk menguatkan alasan pindah ibukota,sengaja bikin menguatkan alasan pindah ibukota,sengaja bikin kuat alas pindah ibukota,Netral
@MuldamZr9 @UpdateBolabola nunggu ibukota pindah IKN batakan bkl sering dipakai timnas.,nunggu ibukota pindah ikn batakan bkl sering dipakai timnas,nunggu ibukota pindah ikn batakan bkl sering dipakai timnas,nunggu ibukota pindah ikn batakan bkl sering dipakai timnas,nunggu ibukota pindah ikn batakan bkl dipakai timnas,nunggu ibukota pindah ikn bata bkl pakai timnas,Netral
@BiLLRaY2019 Buat nambah kuat alasan untuk pindah ibukota.,buat nambah kuat alasan untuk pindah ibukota,buat nambah kuat alasan untuk pindah ibukota,buat nambah kuat alasan untuk pindah ibukota,nambah kuat alasan pindah ibukota,nambah kuat alas pindah ibukota,Netral
Aku lahir dan besar disalah satu Kota di Jawa Tengah. Memasuki sekolah dasar aku dan keluargaku pindah ke Ibukota Negara. Oleh karenanya kalian becus dapati tutur bicaraku yang terkesan medhok-medhok imut.,aku lahir dan besar disalah satu kota di jawa tengah memasuki sekolah dasar aku dan keluargaku pindah ke ibukota negara oleh karenanya kalian becus dapati tutur bicaraku yang terkesan medhokmedhok imut,aku lahir dan besar disalah satu kota di jawa tengah memasuki sekolah dasar aku dan keluargaku pindah ke ibukota negara oleh karenanya kalian becus dapati tutur bicaraku yang terkesan medhokmedhok imut,aku lahir dan besar disalah satu kota di jawa tengah memasuki sekolah dasar aku dan keluargaku pindah ke ibukota negara oleh karenanya kalian becus dapati tutur bicaraku yang terkesan medhokmedhok imut,lahir disalah kota jawa memasuki sekolah dasar keluargaku pindah ibukota negara becus dapati bicaraku terkesan medhokmedhok imut,lahir salah kota jawa pasuk sekolah dasar keluarga pindah ibukota negara becus dapat bicara kes medhokmedhok imut,Netral
@abu_waras Maklum sja sdh didesain spya Jkrta Kebnjiran terus agr opini bsa digiring ibukota Pindah ke IKN .,maklum sja sdh didesain spya jkrta kebnjiran terus agr opini bsa digiring ibukota pindah ke ikn,maklum sja sdh didesain spya jkrta kebnjiran terus agr opini bsa digiring ibukota pindah ke ikn,maklum saja sudah didesain spya jakarta kebnjiran terus agr opini bsa digiring ibukota pindah ke ikn,maklum didesain spya jakarta kebnjiran agr opini bsa digiring ibukota pindah ikn,maklum desain spya jakarta kebnjiran agr opini bsa giring ibukota pindah ikn,Netral
@narkosun Kenapa ya dibuat ruwet. Padahal sudah online. Kmrn saudara pindah stnk plat nomor sepeda motor antar propinsi Jatim Jateng harus datang ke Polda-nya. Atau diminta bayar 500rb di samsat Kabupaten. Akhirnya ya harus ke Ibukota Propinsi supaya hemat uang.,kenapa ya dibuat ruwet padahal sudah online kmrn saudara pindah stnk plat nomor sepeda motor antar propinsi jatim jateng harus datang ke poldanya atau diminta bayar rb di samsat kabupaten akhirnya ya harus ke ibukota propinsi supaya hemat uang,kenapa ya dibuat ruwet padahal sudah online kmrn saudara pindah stnk plat nomor sepeda motor antar propinsi jatim jateng harus datang ke poldanya atau diminta bayar rb di samsat kabupaten akhirnya ya harus ke ibukota propinsi supaya hemat uang,kenapa ya dibuat ruwet padahal sudah daring kemarin saudara pindah stnk plat nomor sepeda motor antar propinsi jatim jateng harus datang ke poldanya atau diminta bayar rb di samsat kabupaten akhirnya ya harus ke ibukota propinsi supaya hemat uang,ruwet daring kemarin saudara pindah stnk plat nomor sepeda motor propinsi jatim jateng poldanya bayar rb samsat kabupaten ibukota propinsi hemat uang,ruwet daring kemarin saudara pindah stnk plat nomor sepeda motor propinsi jatim jateng poldanya bayar rb samsat kabupaten ibukota propinsi hemat uang,Netral
@toe_giman Kan ada yang ngotot pengen banget pindah ibukota yaudah jakarta dibanjirin aja biar punya alibi kuat untuk pindah secepat. Kayak bocah bae kalo ngebeka kalau ditunda? kemauannya meriang,kan ada yang ngotot pengen banget pindah ibukota yaudah jakarta dibanjirin aja biar punya alibi kuat untuk pindah secepat kayak bocah bae kalo ngebeka kalau ditunda kemauannya meriang,kan ada yang ngotot pengen banget pindah ibukota yaudah jakarta dibanjirin aja biar punya alibi kuat untuk pindah secepat kayak bocah bae kalo ngebeka kalau ditunda kemauannya meriang,kan ada yang ngotot ingin sekali pindah ibukota yasudah jakarta dibanjirin saja biar punya alibi kuat untuk pindah secepat seperti anak bae kalau ngebeka kalau ditunda kemauannya meriang,ngotot pindah ibukota yasudah jakarta dibanjirin biar alibi kuat pindah secepat anak bae ngebeka ditunda kemauannya meriang,ngotot pindah ibukota yasudah jakarta dibanjirin biar alibi kuat pindah cepat anak bae ngebeka tunda mau meriang,Netral
Jakarta selama Pak @aniesbaswedan jadi DKI1 tidak sesemeraut ini. Apa ada unsur kesengajaan adanya orang TITIPAN DKI1 saat ini agar ada ALASAN Ibukota jadi benar2 pindah ke IKN? https://t.co/HoG4RPPkBO,jakarta selama pak jadi dki tidak sesemeraut ini apa ada unsur kesengajaan adanya orang titipan dki saat ini agar ada alasan ibukota jadi benar pindah ke ikn,jakarta selama pak jadi dki tidak sesemeraut ini apa ada unsur kesengajaan adanya orang titipan dki saat ini agar ada alasan ibukota jadi benar pindah ke ikn,jakarta selama bapak jadi dki tidak sesemeraut ini apa ada unsur kesengajaan adanya orang titipan dki saat ini agar ada alasan ibukota jadi benar pindah ke ikn,jakarta dki sesemeraut unsur kesengajaan orang titipan dki alasan ibukota pindah ikn,jakarta dki raut unsur sengaja orang titip dki alas ibukota pindah ikn,Netral
@abu_waras Hrp maklom krn mo pindah ibukota,hrp maklom krn mo pindah ibukota,hrp maklom krn mo pindah ibukota,hrp maklom karena ingin pindah ibukota,hrp maklom pindah ibukota,hrp maklom pindah ibukota,Netral
@misoyaaa_ Jkt kayak gto masih pada nyinyir ibukota di pindah,jkt kayak gto masih pada nyinyir ibukota di pindah,jkt kayak gto masih pada nyinyir ibukota di pindah,jakarta seperti gto masih pada nyinyir ibukota di pindah,jakarta gto nyinyir ibukota pindah,jakarta gto nyinyir ibukota pindah,Netral
@zkmfz @kusukasushi @tanyakanrl Siapa yg butuh support di dunia internasional? KKB memang disupport dunia internasional kok kalo gak mana mungkin bisa punya senjata duit darimana beli senjata tingkat NATO begitu. Jelas ada yg ngebiayai kan. Untuk alasan itu juga ibukota pindah biar barat juga segan,siapa yg butuh support di dunia internasional kkb memang disupport dunia internasional kok kalo gak mana mungkin bisa punya senjata duit darimana beli senjata tingkat nato begitu jelas ada yg ngebiayai kan untuk alasan itu juga ibukota pindah biar barat juga segan,siapa yg butuh support di dunia internasional kkb memang disupport dunia internasional kok kalo gak mana mungkin bisa punya senjata duit darimana beli senjata tingkat nato begitu jelas ada yg ngebiayai kan untuk alasan itu juga ibukota pindah biar barat juga segan,siapa yang butuh dukung di dunia internasional kkb memang disupport dunia internasional kok kalau tidak mana mungkin bisa punya senjata uang darimana beli senjata tingkat nato begitu jelas ada yang ngebiayai kan untuk alasan itu juga ibukota pindah biar barat juga segan,butuh dukung dunia internasional kkb disupport dunia internasional senjata uang darimana beli senjata tingkat nato ngebiayai alasan ibukota pindah biar barat segan,butuh dukung dunia internasional kkb disupport dunia internasional senjata uang darimana beli senjata tingkat nato ngebiayai alas ibukota pindah biar barat segan,Netral
@satriohendri Sepertinya Beliau sengaja membiarkan kemacetan dan banjir yang semakin MELUAS di Jakarta agar semakin kuat alasan untuk PINDAH IBUKOTA ..... ???,sepertinya beliau sengaja membiarkan kemacetan dan banjir yang semakin meluas di jakarta agar semakin kuat alasan untuk pindah ibukota,sepertinya beliau sengaja membiarkan kemacetan dan banjir yang semakin meluas di jakarta agar semakin kuat alasan untuk pindah ibukota,sepertinya beliau sengaja membiarkan kemacetan dan banjir yang semakin meluas di jakarta agar semakin kuat alasan untuk pindah ibukota,beliau sengaja membiarkan kemacetan banjir meluas jakarta kuat alasan pindah ibukota,beliau sengaja biar macet banjir luas jakarta kuat alas pindah ibukota,Netral
@NephilaXmus Tau gt ibukota pindah aja ke solo gak perlu modal banyak,tau gt ibukota pindah aja ke solo gak perlu modal banyak,tau gt ibukota pindah aja ke solo gak perlu modal banyak,tau gitu ibukota pindah saja ke solo tidak perlu modal banyak,tau gitu ibukota pindah solo modal,tau gitu ibukota pindah solo modal,Netral
Maaf bgt nih tp liat Jakarta banjir parah dmn? brgn sm kabar ibukota pindah kok kayak setelah merusak satu area habis-habisan waktunya pindah ke area lain yg lebi asri semoga bukan buat dirusak dan dieksploitasi habis?an kayak Jakarta ya,maaf bgt nih tp liat jakarta banjir parah dmn brgn sm kabar ibukota pindah kok kayak setelah merusak satu area habishabisan waktunya pindah ke area lain yg lebi asri semoga bukan buat dirusak dan dieksploitasi habisan kayak jakarta ya,maaf bgt nih tp liat jakarta banjir parah dmn brgn sm kabar ibukota pindah kok kayak setelah merusak satu area habishabisan waktunya pindah ke area lain yg lebi asri semoga bukan buat dirusak dan dieksploitasi habisan kayak jakarta ya,maaf sekali ini tapi lihat jakarta banjir parah dmn brgn sama kabar ibukota pindah kok seperti setelah merusak satu area habishabisan waktunya pindah ke area lain yang lebih asri semoga bukan buat dirusak dan dieksploitasi habisan seperti jakarta ya,maaf lihat jakarta banjir parah dmn brgn kabar ibukota pindah merusak area habishabisan pindah area asri semoga dirusak dieksploitasi habisan jakarta,maaf lihat jakarta banjir parah dmn brgn kabar ibukota pindah rusak area habishabisan pindah area asri moga rusak eksploitasi habis jakarta,Negatif
Ibukota resmi pindah ke kalimantan. Apakah jkt48 akan ganti nama jadi IKN48?,ibukota resmi pindah ke kalimantan apakah jkt akan ganti nama jadi ikn,ibukota resmi pindah ke kalimantan apakah jkt akan ganti nama jadi ikn,ibukota resmi pindah ke kalimantan apakah jakarta akan ganti nama jadi ikn,ibukota resmi pindah kalimantan jakarta ganti nama ikn,ibukota resmi pindah kalimantan jakarta ganti nama ikn,Netral
@Beluwuga_ @YungKenReds @UpdateBolabola kalo ibukota jadi pindah kan IKN bakal ikut rame,kalo ibukota jadi pindah kan ikn bakal ikut rame,kalo ibukota jadi pindah kan ikn bakal ikut rame,kalau ibukota jadi pindah kan ikn akan ikut rame,ibukota pindah ikn rame,ibukota pindah ikn rame,Netral
banjir lebih mudah diatas kalo jadi presiden and boom mengatasinya dengan pindah ibukota dan mendirikan IKN,banjir lebih mudah diatas kalo jadi presiden and boom mengatasinya dengan pindah ibukota dan mendirikan ikn,banjir lebih mudah diatas kalo jadi presiden and boom mengatasinya dengan pindah ibukota dan mendirikan ikn,banjir lebih mudah diatas kalau jadi presiden dan boom mengatasinya dengan pindah ibukota dan mendirikan ikn,banjir mudah diatas presiden boom mengatasinya pindah ibukota mendirikan ikn,banjir mudah atas presiden boom atas pindah ibukota diri ikn,Netral
@InfoLurah Begitu Ibukota terealisasi jadi pindah ke IKN maka Salam GOODBYE NKRI.,begitu ibukota terealisasi jadi pindah ke ikn maka salam goodbye nkri,begitu ibukota terealisasi jadi pindah ke ikn maka salam goodbye nkri,begitu ibukota terealisasi jadi pindah ke ikn maka salam goodbye nkri,ibukota terealisasi pindah ikn salam goodbye nkri,ibukota realisasi pindah ikn salam goodbye nkri,Netral
@Gunto_Jaya9 @satriohendri Naah.. Tiap hari ratusan kendaraan baru maupun bekas keluar dari dealer. Blm lagi yg hijrah ke kota mencari pekerjaan. Makanya ibukota pindah ke IKN agar Jakarta jd pusat bisnis aja. Dari dulu pengamat omon omon ini emang agak beda. Blm lurus2 makanya apa yg dia ngmng ngawur.,naah tiap hari ratusan kendaraan baru maupun bekas keluar dari dealer blm lagi yg hijrah ke kota mencari pekerjaan makanya ibukota pindah ke ikn agar jakarta jd pusat bisnis aja dari dulu pengamat omon omon ini emang agak beda blm lurus makanya apa yg dia ngmng ngawur,naah tiap hari ratusan kendaraan baru maupun bekas keluar dari dealer blm lagi yg hijrah ke kota mencari pekerjaan makanya ibukota pindah ke ikn agar jakarta jd pusat bisnis aja dari dulu pengamat omon omon ini emang agak beda blm lurus makanya apa yg dia ngmng ngawur,naah tiap hari ratusan kendaraan baru maupun bekas keluar dari dealer belum lagi yang hijrah ke kota mencari pekerjaan makanya ibukota pindah ke ikn agar jakarta jadi pusat bisnis saja dari dulu pengamat omon omon ini memang agak beda belum lurus makanya apa yang dia ngmng ngawur,naah ratusan kendaraan bekas dealer hijrah kota mencari pekerjaan ibukota pindah ikn jakarta pusat bisnis pengamat omon omon beda lurus ngmng ngawur,naah ratus kendara bekas dealer hijrah kota cari kerja ibukota pindah ikn jakarta pusat bisnis amat omon omon beda lurus ngmng ngawur,Negatif
@KiIndonesiaEmas @satriohendri Jakarta biangnya macet. Sejak dulu. Tiap bulan berapa bertambah kendaraan ? Kota kota besar selain Jakarta sudah mulai rasakan macet . Public transportation yang memadai itu solusi nya. Disertai pembatasan kendaraan pribadi sangat ketat dan mahal. Wajar ibukota pindah.,jakarta biangnya macet sejak dulu tiap bulan berapa bertambah kendaraan kota kota besar selain jakarta sudah mulai rasakan macet public transportation yang memadai itu solusi nya disertai pembatasan kendaraan pribadi sangat ketat dan mahal wajar ibukota pindah,jakarta biangnya macet sejak dulu tiap bulan berapa bertambah kendaraan kota kota besar selain jakarta sudah mulai rasakan macet public transportation yang memadai itu solusi nya disertai pembatasan kendaraan pribadi sangat ketat dan mahal wajar ibukota pindah,jakarta biangnya macet sejak dulu tiap bulan berapa bertambah kendaraan kota kota besar selain jakarta sudah mulai rasakan macet publik transportation yang memadai itu solusi nya disertai pembatasan kendaraan pribadi sangat ketat dan mahal wajar ibukota pindah,jakarta biangnya macet bertambah kendaraan kota kota jakarta rasakan macet publik transportation memadai solusi nya disertai pembatasan kendaraan pribadi ketat mahal wajar ibukota pindah,jakarta biang macet tambah kendara kota kota jakarta rasa macet publik transportation pada solusi nya serta batas kendara pribadi ketat mahal wajar ibukota pindah,Negatif
My evil thought said: ini adlh konspirasi biar jkrt hilang sj sekalian krna banjir sebab ibukota pindah ke ikn wkwkwk ngeri juga klo bener,my evil thought said ini adlh konspirasi biar jkrt hilang sj sekalian krna banjir sebab ibukota pindah ke ikn wkwkwk ngeri juga klo bener,my evil thought said ini adlh konspirasi biar jkrt hilang sj sekalian krna banjir sebab ibukota pindah ke ikn wkwkwk ngeri juga klo bener,punyaku evil pikir said ini adalah konspirasi biar jkrt hilang sj sekalian karena banjir sebab ibukota pindah ke ikn wkwkwk ngeri juga kalau benar,punyaku evil pikir said konspirasi biar jkrt hilang sj banjir ibukota pindah ikn ngeri,punya evil pikir said konspirasi biar jkrt hilang sj banjir ibukota pindah ikn ngeri,Netral
Terima kasih Petals &amp; Kudis sudah menjadikan Puroland tempat yang aman dan nyaman soalnya ada anjing galak (EnDOG). Denger-denger ibukota Indonesia pindah ke Purokerto?,terima kasih petals amp kudis sudah menjadikan puroland tempat yang aman dan nyaman soalnya ada anjing galak endog dengerdenger ibukota indonesia pindah ke purokerto,terima kasih petals amp kudis sudah menjadikan puroland tempat yang aman dan nyaman soalnya ada anjing galak endog dengerdenger ibukota indonesia pindah ke purokerto,terima kasih petals sampai kudis sudah menjadikan puroland tempat yang aman dan nyaman soalnya ada anjing galak endog dengerdenger ibukota indonesia pindah ke purokerto,terima kasih petals kudis menjadikan puroland aman nyaman anjing galak endog dengerdenger ibukota indonesia pindah purokerto,terima kasih petals kudis jadi puroland aman nyaman anjing galak endog dengerdenger ibukota indonesia pindah purokerto,Positif
@TSolihien kalau q gk heran karna sewaktu jokowi jadi presiden yg mau pindah kan ibukota INDONESIA ke IKN itu strategi jokowi mau menjajah indonesia secara perlahan tapi pasti di tambah mebangun bisnis di REMPANG bertambah hancur indonesia rakyatx terus jadi budak/ di bodoh2hin terus,kalau q gk heran karna sewaktu jokowi jadi presiden yg mau pindah kan ibukota indonesia ke ikn itu strategi jokowi mau menjajah indonesia secara perlahan tapi pasti di tambah mebangun bisnis di rempang bertambah hancur indonesia rakyatx terus jadi budak di bodohhin terus,kalau q gk heran karna sewaktu jokowi jadi presiden yg mau pindah kan ibukota indonesia ke ikn itu strategi jokowi mau menjajah indonesia secara perlahan tapi pasti di tambah mebangun bisnis di rempang bertambah hancur indonesia rakyatx terus jadi budak di bodohhin terus,kalau q tidak heran karena sewaktu jokowi jadi presiden yang mau pindah kan ibukota indonesia ke ikn itu strategi jokowi mau menjajah indonesia secara perlahan tapi pasti di tambah mebangun bisnis di rempang bertambah hancur indonesia rakyatx terus jadi budak di bodohhin terus,q heran jokowi presiden pindah ibukota indonesia ikn strategi jokowi menjajah indonesia perlahan mebangun bisnis rempang bertambah hancur indonesia rakyatx budak bodohhin,q heran jokowi presiden pindah ibukota indonesia ikn strategi jokowi jajah indonesia perlahan mebangun bisnis rempang tambah hancur indonesia rakyatx budak bodohhin,Negatif
@PutraErlangga95 Aturan itu bisa disiasati tanpa harus merubah batas usia. Caranya tinggal keluarkan peraturan penundaan Pilkada DKI sampai waktu dimana Kaesang genap usia 30 th kalo ada yg protes ke apa pilkada DKI di tunda tinggal bilang saja masa transisi pindah ibukota. Gampang to,aturan itu bisa disiasati tanpa harus merubah batas usia caranya tinggal keluarkan peraturan penundaan pilkada dki sampai waktu dimana kaesang genap usia th kalo ada yg protes ke apa pilkada dki di tunda tinggal bilang saja masa transisi pindah ibukota gampang to,aturan itu bisa disiasati tanpa harus merubah batas usia caranya tinggal keluarkan peraturan penundaan pilkada dki sampai waktu dimana kaesang genap usia th kalo ada yg protes ke apa pilkada dki di tunda tinggal bilang saja masa transisi pindah ibukota gampang to,aturan itu bisa disiasati tanpa harus merubah batas usia caranya tinggal keluarkan peraturan penundaan pilkada dki sampai waktu dimana kaesang genap usia th kalau ada yang protes ke apa pilkada dki di tunda tinggal bilang saja masa transisi pindah ibukota gampang ke,aturan disiasati merubah batas usia tinggal keluarkan peraturan penundaan pilkada dki dimana kaesang genap usia th protes pilkada dki tunda tinggal bilang transisi pindah ibukota gampang,atur siasat rubah batas usia tinggal keluar atur tunda pilkada dki mana kaesang genap usia th protes pilkada dki tunda tinggal bilang transisi pindah ibukota gampang,Netral
biar alasan pindah ibukota semakin valid.,biar alasan pindah ibukota semakin valid,biar alasan pindah ibukota semakin valid,biar alasan pindah ibukota semakin valid,biar alasan pindah ibukota valid,biar alas pindah ibukota valid,Netral
Partai itu be like: ibukota udah pindah. Mana gw peduli di situ banjir,partai itu be like ibukota udah pindah mana gw peduli di situ banjir,partai itu be like ibukota udah pindah mana gw peduli di situ banjir,partai itu be suka ibukota sudah pindah mana aku peduli di situ banjir,partai be suka ibukota pindah peduli situ banjir,partai be suka ibukota pindah peduli situ banjir,Netral
@mrchocopeanut Kudu pindah ibukota ini mah,kudu pindah ibukota ini mah,kudu pindah ibukota ini mah,harus pindah ibukota ini mah,pindah ibukota mah,pindah ibukota mah,Netral
@crochet_teena Namun di dalam Alkitab Jav?n itu dikatakan anaknya Japhet. Padahal sudah jelas Jawa adanya ya di Nusantara sejak dahulu. Untuk mengelabuhi itu makanya Zionist Israel jg membuat wilayah sendiri dengan nama Java/Jaffa. Ibukota Israel dinamakan Java Tel Aviv,namun di dalam alkitab javn itu dikatakan anaknya japhet padahal sudah jelas jawa adanya ya di nusantara sejak dahulu untuk mengelabuhi itu makanya zionist israel jg membuat wilayah sendiri dengan nama javajaffa ibukota israel dinamakan java tel aviv,namun di dalam alkitab javn itu dikatakan anaknya japhet padahal sudah jelas jawa adanya ya di nusantara sejak dahulu untuk mengelabuhi itu makanya zionist israel jg membuat wilayah sendiri dengan nama javajaffa ibukota israel dinamakan java tel aviv,namun di dalam alkitab javn itu dikatakan anaknya japhet padahal sudah jelas jawa adanya ya di nusantara sejak dahulu untuk mengelabuhi itu makanya zionist israel juga membuat wilayah sendiri dengan nama javajaffa ibukota israel dinamakan java tel aviv,alkitab javn anaknya japhet jawa nusantara mengelabuhi zionist israel wilayah nama javajaffa ibukota israel dinamakan java tel aviv,alkitab javn anak japhet jawa nusantara labuh zionist israel wilayah nama javajaffa ibukota israel nama java tel aviv,Netral
@detectiveweedee https://t.co/fdyfPW48Qr Lihat youtube Kok Bisa aja. Itu dijelasin juga alasan lain kenapa ibukota harus pindah ke tengah.,lihat youtube kok bisa aja itu dijelasin juga alasan lain kenapa ibukota harus pindah ke tengah,lihat youtube kok bisa aja itu dijelasin juga alasan lain kenapa ibukota harus pindah ke tengah,lihat youtube kok bisa saja itu dijelasin juga alasan lain kenapa ibukota harus pindah ke tengah,lihat youtube dijelasin alasan ibukota pindah,lihat youtube dijelasin alas ibukota pindah,Netral
@agannyi Belum pindah Ibukota negara aja udah ga semangat,belum pindah ibukota negara aja udah ga semangat,belum pindah ibukota negara aja udah ga semangat,belum pindah ibukota negara saja sudah tidak semangat,pindah ibukota negara semangat,pindah ibukota negara semangat,Positif
Jakarta memang sengaja dibiarin kelelep supaya ada alasan pindah ibukota. Jaman ABW berhasil ngurangin banjir signifikan n banjir cepet surut makanya dimusuhin krn bikin sulit cari alasan pindah ibukota. #MyThoughts,jakarta memang sengaja dibiarin kelelep supaya ada alasan pindah ibukota jaman abw berhasil ngurangin banjir signifikan n banjir cepet surut makanya dimusuhin krn bikin sulit cari alasan pindah ibukota,jakarta memang sengaja dibiarin kelelep supaya ada alasan pindah ibukota jaman abw berhasil ngurangin banjir signifikan n banjir cepet surut makanya dimusuhin krn bikin sulit cari alasan pindah ibukota,jakarta memang sengaja dibiarin kelelep supaya ada alasan pindah ibukota zaman abw berhasil ngurangin banjir signifikan n banjir cepat surut makanya dimusuhin karena bikin sulit cari alasan pindah ibukota,jakarta sengaja dibiarin kelelep alasan pindah ibukota zaman abw berhasil ngurangin banjir signifikan n banjir cepat surut dimusuhin bikin sulit cari alasan pindah ibukota,jakarta sengaja dibiarin lelep alas pindah ibukota zaman abw hasil ngurangin banjir signifikan n banjir cepat surut dimusuhin bikin sulit cari alas pindah ibukota,Netral
Klo ibukota pindah ke kalimantan apa nanti orang utan jadi orang kota kalimantan? Atau orang ibu kota kalimantan? Kan udah bukan utan,klo ibukota pindah ke kalimantan apa nanti orang utan jadi orang kota kalimantan atau orang ibu kota kalimantan kan udah bukan utan,klo ibukota pindah ke kalimantan apa nanti orang utan jadi orang kota kalimantan atau orang ibu kota kalimantan kan udah bukan utan,kalau ibukota pindah ke kalimantan apa nanti orang utan jadi orang kota kalimantan atau orang ibu kota kalimantan kan sudah bukan utan,ibukota pindah kalimantan orang utan orang kota kalimantan orang kota kalimantan utan,ibukota pindah kalimantan orang utan orang kota kalimantan orang kota kalimantan utan,Netral
@fmyvfnkoig @Mdy_Asmara1701 @aniesbaswedan Wkwkwk kasihan nasib Jakarta cuman buzzer buzzer kadrun aja yang masih menganggapnya Ibukota Negara. Padahal Ibukota sudah pindah ke IKN jadi gak ngaruh. Kasihan kaum kelompok kadrun gak bisa demo lagi.,wkwkwk kasihan nasib jakarta cuman buzzer buzzer kadrun aja yang masih menganggapnya ibukota negara padahal ibukota sudah pindah ke ikn jadi gak ngaruh kasihan kaum kelompok kadrun gak bisa demo lagi,wkwkwk kasihan nasib jakarta cuman buzzer buzzer kadrun aja yang masih menganggapnya ibukota negara padahal ibukota sudah pindah ke ikn jadi gak ngaruh kasihan kaum kelompok kadrun gak bisa demo lagi,wkwkwk kasihan nasib jakarta hanya buzzer buzzer kadrun saja yang masih menganggapnya ibukota negara padahal ibukota sudah pindah ke ikn jadi tidak ngaruh kasihan kaum kelompok kadrun tidak bisa demo lagi,kasihan nasib jakarta buzzer buzzer kadrun menganggapnya ibukota negara ibukota pindah ikn ngaruh kasihan kaum kelompok kadrun demo,kasihan nasib jakarta buzzer buzzer kadrun anggap ibukota negara ibukota pindah ikn ngaruh kasihan kaum kelompok kadrun demo,Netral
setai ini ges currency kita... terus bela belain lagi pindah ibukota wkwkwkwk,setai ini ges currency kita terus bela belain lagi pindah ibukota wkwkwkwk,setai ini ges currency kita terus bela belain lagi pindah ibukota wkwkwkwk,setai ini teman currency kita terus bela belain lagi pindah ibukota wkwkwkwk,setai teman currency bela belain pindah ibukota,setai teman currency bela bain pindah ibukota,Netral
Dan masih ada yang ngotot aja ibukota gak usah pindah bajingan.,dan masih ada yang ngotot aja ibukota gak usah pindah bajingan,dan masih ada yang ngotot aja ibukota gak usah pindah bajingan,dan masih ada yang ngotot saja ibukota tidak usah pindah bajingan,ngotot ibukota pindah bajingan,ngotot ibukota pindah bajing,Netral
@MafiaWasit ibukota KL CITY ? PERSIJA NUSANTARA,ibukota kl city persija nusantara,ibukota kl city persija nusantara,ibukota kalau city persija nusantara,ibukota city persija nusantara,ibukota city persija nusantara,Netral
@Miduk17 Di sengaja kali sama Heru supaya cepat pindah ibukota baru...,di sengaja kali sama heru supaya cepat pindah ibukota baru,di sengaja kali sama heru supaya cepat pindah ibukota baru,di sengaja kali sama heru supaya cepat pindah ibukota baru,sengaja kali heru cepat pindah ibukota,sengaja kali heru cepat pindah ibukota,Netral
pantesan aja ibukota pindah sih ga selesai2 ni banjir kalau ada tamu dari negara lain ya masa kena banjir. palingan dia bilang banjir kecil di wilayah dia ga cek wilayah lain,pantesan aja ibukota pindah sih ga selesai ni banjir kalau ada tamu dari negara lain ya masa kena banjir palingan dia bilang banjir kecil di wilayah dia ga cek wilayah lain,pantesan aja ibukota pindah sih ga selesai ni banjir kalau ada tamu dari negara lain ya masa kena banjir palingan dia bilang banjir kecil di wilayah dia ga cek wilayah lain,pantesan saja ibukota pindah sih tidak selesai ini banjir kalau ada tamu dari negara lain ya masa kena banjir palingan dia bilang banjir kecil di wilayah dia tidak cek wilayah lain,pantesan ibukota pindah selesai banjir tamu negara kena banjir palingan bilang banjir wilayah cek wilayah,pantesan ibukota pindah selesai banjir tamu negara kena banjir paling bilang banjir wilayah cek wilayah,Netral
@txtdaritrg jelajahi nusantara singgahi malioboro nya ibukota,jelajahi nusantara singgahi malioboro nya ibukota,jelajahi nusantara singgahi malioboro nya ibukota,jelajahi nusantara singgahi malioboro nya ibukota,jelajahi nusantara singgahi malioboro nya ibukota,jelajah nusantara singgah malioboro nya ibukota,Netral
@RianEkkyP kalo ibukota pindah ke IKN jakarta bakal tetep macet ga ya?,kalo ibukota pindah ke ikn jakarta bakal tetep macet ga ya,kalo ibukota pindah ke ikn jakarta bakal tetep macet ga ya,kalau ibukota pindah ke ikn jakarta akan tetap macet tidak ya,ibukota pindah ikn jakarta macet,ibukota pindah ikn jakarta macet,Negatif
Ibukota pindah ke Solo aja. Jalannya bagus budayanya banyak kotanya rapi investasi dan APBN nya gemuk,ibukota pindah ke solo aja jalannya bagus budayanya banyak kotanya rapi investasi dan apbn nya gemuk,ibukota pindah ke solo aja jalannya bagus budayanya banyak kotanya rapi investasi dan apbn nya gemuk,ibukota pindah ke solo saja jalannya bagus budayanya banyak kotanya rapi investasi dan apbn nya gemuk,ibukota pindah solo jalannya bagus budayanya kotanya rapi investasi apbn nya gemuk,ibukota pindah solo jalan bagus budaya kota rapi investasi apbn nya gemuk,Positif
@potatochecks Ah itu sabotase wkwkw akal? an disuruh pindah ibukota,ah itu sabotase wkwkw akal an disuruh pindah ibukota,ah itu sabotase wkwkw akal an disuruh pindah ibukota,ah itu sabotase wkwkw akal an disuruh pindah ibukota,sabotase wkwkw akal an disuruh pindah ibukota,sabotase wkwkw akal an suruh pindah ibukota,Netral
@eddoarddot pindah mutiara aja sebagai pusat ibukota indo,pindah mutiara aja sebagai pusat ibukota indo,pindah mutiara aja sebagai pusat ibukota indo,pindah mutiara saja sebagai pusat ibukota indonesia,pindah mutiara pusat ibukota indonesia,pindah mutiara pusat ibukota indonesia,Netral
@ktagana pindah ke ibukota aja pak,pindah ke ibukota aja pak,pindah ke ibukota aja pak,pindah ke ibukota saja bapak,pindah ibukota,pindah ibukota,Netral
Serta investor dari Kalimantan mengajak mas angger Purwoko Harimanthias survei dan observasi di ibukota nusantara ????,serta investor dari kalimantan mengajak mas angger purwoko harimanthias survei dan observasi di ibukota nusantara,serta investor dari kalimantan mengajak mas angger purwoko harimanthias survei dan observasi di ibukota nusantara,serta investor dari kalimantan mengajak kakak angger purwoko harimanthias survei dan observasi di ibukota nusantara,investor kalimantan mengajak kakak angger purwoko harimanthias survei observasi ibukota nusantara,investor kalimantan ajak kakak angger purwoko harimanthias survei observasi ibukota nusantara,Netral
Sayangnya Majapahit dan Mataram Islam kemudian jatuh. Namun bukan berarti praktik mudik ikut berakhir. Pada 1946 ibukota Jakarta pindah ke Yogyakarta. Kemudian Agresi Militer II oleh tentara Belanda terjadi sebagai bagian banyaknya pergolakan pasca kemerdekaan. https://t.co/hW1phREtiC,sayangnya majapahit dan mataram islam kemudian jatuh namun bukan berarti praktik mudik ikut berakhir pada ibukota jakarta pindah ke yogyakarta kemudian agresi militer ii oleh tentara belanda terjadi sebagai bagian banyaknya pergolakan pasca kemerdekaan,sayangnya majapahit dan mataram islam kemudian jatuh namun bukan berarti praktik mudik ikut berakhir pada ibukota jakarta pindah ke yogyakarta kemudian agresi militer ii oleh tentara belanda terjadi sebagai bagian banyaknya pergolakan pasca kemerdekaan,sayangnya majapahit dan mataram islam kemudian jatuh namun bukan berarti praktik mudik ikut berakhir pada ibukota jakarta pindah ke yogyakarta kemudian agresi militer ii oleh tentara belanda terjadi sebagai bagian banyaknya pergolakan pasca kemerdekaan,sayangnya majapahit mataram islam jatuh praktik mudik ibukota jakarta pindah yogyakarta agresi militer ii tentara belanda banyaknya pergolakan pasca kemerdekaan,sayang majapahit mataram islam jatuh praktik mudik ibukota jakarta pindah yogyakarta agresi militer ii tentara belanda banyak pergola pasca merdeka,Netral
@Miduk17 rmang sengaja didiemin biar kelelep gak dih m biar alesan pindah ibukota makin kuat dan makin divalidasi masyarakat,rmang sengaja didiemin biar kelelep gak dih m biar alesan pindah ibukota makin kuat dan makin divalidasi masyarakat,rmang sengaja didiemin biar kelelep gak dih m biar alesan pindah ibukota makin kuat dan makin divalidasi masyarakat,rmang sengaja didiemin biar kelelep tidak dih m biar alasan pindah ibukota makin kuat dan makin divalidasi masyarakat,rmang sengaja didiemin biar kelelep dih m biar alasan pindah ibukota kuat divalidasi masyarakat,rmang sengaja didiemin biar lelep dih m biar alas pindah ibukota kuat divalidasi masyarakat,Netral
bener2 kek udh dehhh gws deh jakarta resapan air skrg ditutup aspal trus skrg banjir biar apeehhh bikin org2 makin setuju ibukota pindah ke ikn,bener kek udh dehhh gws deh jakarta resapan air skrg ditutup aspal trus skrg banjir biar apeehhh bikin org makin setuju ibukota pindah ke ikn,bener kek udh dehhh gws deh jakarta resapan air skrg ditutup aspal trus skrg banjir biar apeehhh bikin org makin setuju ibukota pindah ke ikn,benar seperti sudah dehhh gws deh jakarta resapan air sekarang ditutup aspal terus sekarang banjir biar apeehhh bikin orang makin setuju ibukota pindah ke ikn,dehhh gws deh jakarta resapan air ditutup aspal banjir biar apeehhh bikin orang setuju ibukota pindah ikn,dehhh gws deh jakarta resap air tutup aspal banjir biar apeehhh bikin orang tuju ibukota pindah ikn,Positif
Lama2 ngehype idol ibukota jg nih Eh tp sekarang ibu kota kan udah pindah,lama ngehype idol ibukota jg nih eh tp sekarang ibu kota kan udah pindah,lama ngehype idol ibukota jg nih eh tp sekarang ibu kota kan udah pindah,lama ngehype idol ibukota juga ini eh tapi sekarang ibu kota kan sudah pindah,ngehype idol ibukota kota pindah,ngehype idol ibukota kota pindah,Netral
Jakarta pernah kehilangan status ibukota dan pindah ke Yogyakarta sewaktu agresi militer Belanda. Tak ada yg perlu disedihkan.,jakarta pernah kehilangan status ibukota dan pindah ke yogyakarta sewaktu agresi militer belanda tak ada yg perlu disedihkan,jakarta pernah kehilangan status ibukota dan pindah ke yogyakarta sewaktu agresi militer belanda tak ada yg perlu disedihkan,jakarta pernah kehilangan status ibukota dan pindah ke yogyakarta sewaktu agresi militer belanda tidak ada yang perlu disedihkan,jakarta kehilangan status ibukota pindah yogyakarta agresi militer belanda disedihkan,jakarta hilang status ibukota pindah yogyakarta agresi militer belanda sedih,Netral
@txtdrjkt Jauh2 gua merantau ke ibukota eh malah ibukota pindah ke kota gua,jauh gua merantau ke ibukota eh malah ibukota pindah ke kota gua,jauh gua merantau ke ibukota eh malah ibukota pindah ke kota gua,jauh aku merantau ke ibukota eh malah ibukota pindah ke kota aku,merantau ibukota ibukota pindah kota,rantau ibukota ibukota pindah kota,Netral
@txtdrjkt Lho beneran ya jakarta sudah nggak ibukota lg emang ibukota pindah di kota mana? Serius tanya,lho beneran ya jakarta sudah nggak ibukota lg emang ibukota pindah di kota mana serius tanya,lho beneran ya jakarta sudah nggak ibukota lg emang ibukota pindah di kota mana serius tanya,lho beneran ya jakarta sudah tidak ibukota lagi memang ibukota pindah di kota mana serius tanya,beneran jakarta ibukota ibukota pindah kota serius,beneran jakarta ibukota ibukota pindah kota serius,Netral
@tanyarlfes Nih tapi kalo konser2 tetep di jakarta kan? Plis nangis banget kalo pindah ke ibukota,nih tapi kalo konser tetep di jakarta kan plis nangis banget kalo pindah ke ibukota,nih tapi kalo konser tetep di jakarta kan plis nangis banget kalo pindah ke ibukota,ini tapi kalau konser tetap di jakarta kan tolong nangis sekali kalau pindah ke ibukota,konser jakarta tolong nangis pindah ibukota,konser jakarta tolong nang pindah ibukota,Netral
Sabar gaes masih nunggu Keppres Nanti kalo Keppres udah keluar mulai latihan nyebut dan nulis Jakarta tanpa DKI Kalo ke bule biar gampang jelasin bahwa Jakarta itu kaya New York dan ibukota Indonesia adalah IKN Nusantara https://t.co/UhwsZTNBWX,sabar gaes masih nunggu keppres nanti kalo keppres udah keluar mulai latihan nyebut dan nulis jakarta tanpa dki kalo ke bule biar gampang jelasin bahwa jakarta itu kaya new york dan ibukota indonesia adalah ikn nusantara,sabar gaes masih nunggu keppres nanti kalo keppres udah keluar mulai latihan nyebut dan nulis jakarta tanpa dki kalo ke bule biar gampang jelasin bahwa jakarta itu kaya new york dan ibukota indonesia adalah ikn nusantara,sabar teman masih nunggu keppres nanti kalau keppres sudah keluar mulai latihan nyebut dan nulis jakarta tanpa dki kalau ke bule biar gampang jelasin bahwa jakarta itu seperti baru york dan ibukota indonesia adalah ikn nusantara,sabar teman nunggu keppres keppres latihan nyebut nulis jakarta dki bule biar gampang jelasin jakarta york ibukota indonesia ikn nusantara,sabar teman nunggu keppres keppres latih nyebut nulis jakarta dki bule biar gampang jelasin jakarta york ibukota indonesia ikn nusantara,Netral
@tanyarlfes Ini cuma pindah dari ibukota ke kota. Bukan ganti dari kota ke kabupaten.,ini cuma pindah dari ibukota ke kota bukan ganti dari kota ke kabupaten,ini cuma pindah dari ibukota ke kota bukan ganti dari kota ke kabupaten,ini hanya pindah dari ibukota ke kota bukan ganti dari kota ke kabupaten,pindah ibukota kota ganti kota kabupaten,pindah ibukota kota ganti kota kabupaten,Netral
@skyouziverse Nanti aku tlpn mas nya buat jelasin knp ibukota indonesia pindah,nanti aku tlpn mas nya buat jelasin knp ibukota indonesia pindah,nanti aku tlpn mas nya buat jelasin knp ibukota indonesia pindah,nanti aku tlpn kakak nya buat jelasin kenapa ibukota indonesia pindah,tlpn kakak nya jelasin ibukota indonesia pindah,tlpn kakak nya jelasin ibukota indonesia pindah,Netral
ih lucu ga sih cuma di Indonesia yang ibu kota nya bisa pindah apa ga bingung dunia nanti? kok bisa? WKWKWK trus ntar pas org luneg atau idol? kpop yg blom tau trus di tanya apa ibukota indonesia? Jakarta. Malah salah kan auto syok mereka,ih lucu ga sih cuma di indonesia yang ibu kota nya bisa pindah apa ga bingung dunia nanti kok bisa wkwkwk trus ntar pas org luneg atau idol kpop yg blom tau trus di tanya apa ibukota indonesia jakarta malah salah kan auto syok mereka,ih lucu ga sih cuma di indonesia yang ibu kota nya bisa pindah apa ga bingung dunia nanti kok bisa wkwkwk trus ntar pas org luneg atau idol kpop yg blom tau trus di tanya apa ibukota indonesia jakarta malah salah kan auto syok mereka,ih lucu tidak sih hanya di indonesia yang ibu kota nya bisa pindah apa tidak bingung dunia nanti kok bisa wkwkwk terus nanti pas orang luneg atau idol kpop yang blom tau terus di tanya apa ibukota indonesia jakarta malah salah kan auto syok mereka,ih lucu indonesia kota nya pindah bingung dunia pas orang luneg idol kpop blom tau ibukota indonesia jakarta salah auto syok,ih lucu indonesia kota nya pindah bingung dunia pas orang luneg idol kpop blom tau ibukota indonesia jakarta salah auto syok,Negatif
Eh ibukota udH resmi pindah??? Kemana aja gue,eh ibukota udh resmi pindah kemana aja gue,eh ibukota udh resmi pindah kemana aja gue,eh ibukota sudah resmi pindah kemana saja aku,ibukota resmi pindah kemana,ibukota resmi pindah mana,Netral
Coba kt bandingkan 10 tahun @jokowi dengan 10 tahun era SBY apa yg telah ia bangun jujur kt katakan Pemindahan ibukota negara dari JKT ke Nusantara adalah sebuah sejarah besar bagi bangsa ini akhirnya kt mampu membangun IKN non peninggalan kolonial Belanda.,coba kt bandingkan tahun dengan tahun era sby apa yg telah ia bangun jujur kt katakan pemindahan ibukota negara dari jkt ke nusantara adalah sebuah sejarah besar bagi bangsa ini akhirnya kt mampu membangun ikn non peninggalan kolonial belanda,coba kt bandingkan tahun dengan tahun era sby apa yg telah ia bangun jujur kt katakan pemindahan ibukota negara dari jkt ke nusantara adalah sebuah sejarah besar bagi bangsa ini akhirnya kt mampu membangun ikn non peninggalan kolonial belanda,coba kt bandingkan tahun dengan tahun era surabaya apa yang telah ia bangun jujur kt katakan pemindahan ibukota negara dari jakarta ke nusantara adalah sebuah sejarah besar bagi bangsa ini akhirnya kt mampu membangun ikn non peninggalan kolonial belanda,coba kt bandingkan era surabaya bangun jujur kt pemindahan ibukota negara jakarta nusantara sejarah bangsa kt membangun ikn non peninggalan kolonial belanda,coba kt banding era surabaya bangun jujur kt pindah ibukota negara jakarta nusantara sejarah bangsa kt bangun ikn non tinggal kolonial belanda,Netral
@dinulfadli_ @tanyarlfes Dari warkop sampe pindah ibukota? Hahaha lucu banget sih pemerintah! ANGKOT88 tertawa dalam keheranan.,dari warkop sampe pindah ibukota hahaha lucu banget sih pemerintah angkot tertawa dalam keheranan,dari warkop sampe pindah ibukota hahaha lucu banget sih pemerintah angkot tertawa dalam keheranan,dari warkop sampai pindah ibukota hahaha lucu sekali sih pemerintah angkot tertawa dalam keheranan,warkop pindah ibukota hahaha lucu pemerintah angkot tertawa keheranan,warkop pindah ibukota hahaha lucu perintah angkot tertawa heran,Netral
Jakarta menyelesaikan tugasnya jadi Ibukota negara bersamaan dengan gue yg akhirnya pindah KTP jadi warga Jawa Barat.,jakarta menyelesaikan tugasnya jadi ibukota negara bersamaan dengan gue yg akhirnya pindah ktp jadi warga jawa barat,jakarta menyelesaikan tugasnya jadi ibukota negara bersamaan dengan gue yg akhirnya pindah ktp jadi warga jawa barat,jakarta menyelesaikan tugasnya jadi ibukota negara bersamaan dengan aku yang akhirnya pindah ktp jadi warga jawa barat,jakarta menyelesaikan tugasnya ibukota negara bersamaan pindah ktp warga jawa barat,jakarta selesai tugas ibukota negara sama pindah ktp warga jawa barat,Netral
Ibukota Pindah ke Nusantara Hotel &amp; Ritel di Jakarta Diklaim Tak Terdampak - https://t.co/eod0Hlzjy2 https://t.co/5q9wJ88Dnv,ibukota pindah ke nusantara hotel amp ritel di jakarta diklaim tak terdampak,ibukota pindah ke nusantara hotel amp ritel di jakarta diklaim tak terdampak,ibukota pindah ke nusantara hotel sampai ritel di jakarta diklaim tidak terdampak,ibukota pindah nusantara hotel ritel jakarta diklaim terdampak,ibukota pindah nusantara hotel ritel jakarta klaim dampak,Netral
eh ibukota kan pindah ya apakah nanti konser jadi di IKN bukan di Jakarta lagi?,eh ibukota kan pindah ya apakah nanti konser jadi di ikn bukan di jakarta lagi,eh ibukota kan pindah ya apakah nanti konser jadi di ikn bukan di jakarta lagi,eh ibukota kan pindah ya apakah nanti konser jadi di ikn bukan di jakarta lagi,ibukota pindah konser ikn jakarta,ibukota pindah konser ikn jakarta,Netral
@lolipo_ppp Iya kakk soalnya susah juga kalau semua2 nya dipindahin aku juga yakin banyak dari perusahaan gamau pindah kesana kecuali udah bener2 maju dan mumpuni. Kan buat ibukota ga gampang ya kak bisa aja trust issue,iya kakk soalnya susah juga kalau semua nya dipindahin aku juga yakin banyak dari perusahaan gamau pindah kesana kecuali udah bener maju dan mumpuni kan buat ibukota ga gampang ya kak bisa aja trust issue,iya kakk soalnya susah juga kalau semua nya dipindahin aku juga yakin banyak dari perusahaan gamau pindah kesana kecuali udah bener maju dan mumpuni kan buat ibukota ga gampang ya kak bisa aja trust issue,iya kakk soalnya susah juga kalau semua nya dipindahin aku juga yakin banyak dari perusahaan gamau pindah kesana kecuali sudah benar maju dan mumpuni kan buat ibukota tidak gampang ya kakak bisa saja trust isu,iya kakk susah nya dipindahin perusahaan gamau pindah kesana kecuali maju mumpuni ibukota gampang kakak trust isu,iya kakk susah nya dipindahin usaha gamau pindah kesana kecuali maju mumpuni ibukota gampang kakak trust isu,Positif
@lolipo_ppp Setau aku engga kak jakarta bukan ibukota lagi tapi tetep kayaknya kalau untuk urusan ekonomi2 geraknya di jakartaa Kayaknya yang pindah nama ibukota aja dan bagian2 administrasi negara yang pindah. Sisanya tetep kalau ga salah Jadi kaya pns2 tu banyak yang dipindahin kesana,setau aku engga kak jakarta bukan ibukota lagi tapi tetep kayaknya kalau untuk urusan ekonomi geraknya di jakartaa kayaknya yang pindah nama ibukota aja dan bagian administrasi negara yang pindah sisanya tetep kalau ga salah jadi kaya pns tu banyak yang dipindahin kesana,setau aku engga kak jakarta bukan ibukota lagi tapi tetep kayaknya kalau untuk urusan ekonomi geraknya di jakartaa kayaknya yang pindah nama ibukota aja dan bagian administrasi negara yang pindah sisanya tetep kalau ga salah jadi kaya pns tu banyak yang dipindahin kesana,setau aku tidak kakak jakarta bukan ibukota lagi tapi tetap kayaknya kalau untuk urusan ekonomi geraknya di jakartaa kayaknya yang pindah nama ibukota saja dan bagian administrasi negara yang pindah sisanya tetap kalau tidak salah jadi seperti pns itu banyak yang dipindahin kesana,setau kakak jakarta ibukota kayaknya urusan ekonomi geraknya jakartaa kayaknya pindah nama ibukota administrasi negara pindah sisanya salah pns dipindahin kesana,tau kakak jakarta ibukota kayak urus ekonomi gerak jakartaa kayak pindah nama ibukota administrasi negara pindah sisa salah pns dipindahin kesana,Negatif
@tanyarlfes Sekampung kampung jakarta masih lebih kota dari ibukota Nusantara buat saat ini ehehehe,sekampung kampung jakarta masih lebih kota dari ibukota nusantara buat saat ini ehehehe,sekampung kampung jakarta masih lebih kota dari ibukota nusantara buat saat ini ehehehe,sekampung kampung jakarta masih lebih kota dari ibukota nusantara buat saat ini ehehehe,sekampung kampung jakarta kota ibukota nusantara ehehehe,kampung kampung jakarta kota ibukota nusantara ehehehe,Netral
@SayurLodehBTW2 @plusjakarta_ @belajarlagiHQ @DKIJakarta sepertinya dihitung per tahun 1964 yang sudah permanen karena sebelumnya ibukota masih sempat berpindah-pindah,sepertinya dihitung per tahun yang sudah permanen karena sebelumnya ibukota masih sempat berpindahpindah,sepertinya dihitung per tahun yang sudah permanen karena sebelumnya ibukota masih sempat berpindahpindah,sepertinya dihitung per tahun yang sudah permanen karena sebelumnya ibukota masih sempat berpindahpindah,dihitung permanen ibukota berpindahpindah,hitung permanen ibukota berpindahpindah,Netral
"@yoursweetliar funfact gini? gw banyak tau ibukota negara sejak kicik. w sama ade w dulu sukanya bacain atlas dan lomba tebak?an ibukota. jd kalo cuma mo ngajarin ibu kota negara mah gw ga perlu pindah jalur ngajar ??,1775087756211024182""",funfact gini gw banyak tau ibukota negara sejak kicik w sama ade w dulu sukanya bacain atlas dan lomba tebakan ibukota jd kalo cuma mo ngajarin ibu kota negara mah gw ga perlu pindah jalur ngajar,funfact gini gw banyak tau ibukota negara sejak kicik w sama ade w dulu sukanya bacain atlas dan lomba tebakan ibukota jd kalo cuma mo ngajarin ibu kota negara mah gw ga perlu pindah jalur ngajar,funfact gini aku banyak tau ibukota negara sejak kicik aku sama adik aku dulu sukanya bacain atlas dan lomba tebakan ibukota jadi kalau hanya ingin ngajarin ibu kota negara mah aku tidak perlu pindah jalur ngajar,funfact gini tau ibukota negara kicik adik sukanya bacain atlas lomba tebakan ibukota ngajarin kota negara mah pindah jalur ngajar,funfact gin tau ibukota negara kicik adik suka bacain atlas lomba tebak ibukota ngajarin kota negara mah pindah jalur ngajar,Netral
@AndiPitopang7 Ga viral ga gerak. Uda viral ngaku miskomunikasi. Emang hebat poci indon.,ga viral ga gerak uda viral ngaku miskomunikasi emang hebat poci indon,ga viral ga gerak uda viral ngaku miskomunikasi emang hebat poci indon,tidak viral tidak gerak sudah viral ngaku miskomunikasi memang hebat poci indonesia,viral gerak viral ngaku miskomunikasi hebat poci indonesia,viral gerak viral ngaku miskomunikasi hebat poci indonesia,Positif
@adriansyahyasin Apakah ini suatu upaya pemprov DKJ untuk menjadikan detabek as wilayahnya setelah ibukota negara pindah?,apakah ini suatu upaya pemprov dkj untuk menjadikan detabek as wilayahnya setelah ibukota negara pindah,apakah ini suatu upaya pemprov dkj untuk menjadikan detabek as wilayahnya setelah ibukota negara pindah,apakah ini suatu upaya pemprov dkj untuk menjadikan detabek sebagai wilayahnya setelah ibukota negara pindah,upaya pemprov dkj menjadikan detabek wilayahnya ibukota negara pindah,upaya pemprov dkj jadi detabek wilayah ibukota negara pindah,Netral
Masuk Pak Ekoo... Ibukota Nusantara https://t.co/lYDDh7qmEo,masuk pak ekoo ibukota nusantara,masuk pak ekoo ibukota nusantara,masuk bapak ekoo ibukota nusantara,masuk ekoo ibukota nusantara,masuk ekoo ibukota nusantara,Netral
Pildun 2014 Jawa Pos bikin feuilleton ke Brasilia wwcr orang Indonesia keturunan Tionghoa yg pindah ke Brasil naik kapal via Mauritius di thn 1960an krn diiming?i lagi bangun ibukota baru Dia buka resto Indonesia di sana. Lupa nama bpknya tapi ada hubungan dg Bpk Liem-kah?,pildun jawa pos bikin feuilleton ke brasilia wwcr orang indonesia keturunan tionghoa yg pindah ke brasil naik kapal via mauritius di thn an krn diimingi lagi bangun ibukota baru dia buka resto indonesia di sana lupa nama bpknya tapi ada hubungan dg bpk liemkah,pildun jawa pos bikin feuilleton ke brasilia wwcr orang indonesia keturunan tionghoa yg pindah ke brasil naik kapal via mauritius di thn an krn diimingi lagi bangun ibukota baru dia buka resto indonesia di sana lupa nama bpknya tapi ada hubungan dg bpk liemkah,pildun jawa pos bikin feuilleton ke brasilia wwcr orang indonesia keturunan tionghoa yang pindah ke brasil naik kapal via mauritius di thn an karena diimingi lagi bangun ibukota baru dia buka resto indonesia di sana lupa nama bpknya tapi ada hubungan dengan bapak liemkah,pildun jawa pos bikin feuilleton brasilia wwcr orang indonesia keturunan tionghoa pindah brasil kapal via mauritius thn an diimingi bangun ibukota buka resto indonesia lupa nama bpknya hubungan liemkah,pildun jawa pos bikin feuilleton brasilia wwcr orang indonesia turun tionghoa pindah brasil kapal via mauritius thn an diimingi bangun ibukota buka resto indonesia lupa nama bpknya hubung liemkah,Netral
@mhuseinali Seumur2 tinggal di bandung gamau pindah. Trus kuliah diluar kota. Sekarang balik ke bandung malah jadi ga betah; makin panas dikit2 macet. Ibukota provinsi kok terbelakang,seumur tinggal di bandung gamau pindah trus kuliah diluar kota sekarang balik ke bandung malah jadi ga betah makin panas dikit macet ibukota provinsi kok terbelakang,seumur tinggal di bandung gamau pindah trus kuliah diluar kota sekarang balik ke bandung malah jadi ga betah makin panas dikit macet ibukota provinsi kok terbelakang,seumur tinggal di bandung gamau pindah terus kuliah diluar kota sekarang balik ke bandung malah jadi tidak betah makin panas dikit macet ibukota provinsi kok terbelakang,seumur tinggal bandung gamau pindah kuliah diluar kota bandung betah panas dikit macet ibukota provinsi terbelakang,umur tinggal bandung gamau pindah kuliah luar kota bandung betah panas dikit macet ibukota provinsi belakang,Negatif
ada masanya junta segitu parno sampai beneran pindah ibukota dari Yangon ke Naypyidaw karena dukungan kuat US ke separatis Karen. Beneran udah khawatir diinvasi. Belakangan emang kendor sih ya pressure yang begini. Terlepas Tatmadaw udah mulai kehilangan kontrol di beberapa kota,ada masanya junta segitu parno sampai beneran pindah ibukota dari yangon ke naypyidaw karena dukungan kuat us ke separatis karen beneran udah khawatir diinvasi belakangan emang kendor sih ya pressure yang begini terlepas tatmadaw udah mulai kehilangan kontrol di beberapa kota,ada masanya junta segitu parno sampai beneran pindah ibukota dari yangon ke naypyidaw karena dukungan kuat us ke separatis karen beneran udah khawatir diinvasi belakangan emang kendor sih ya pressure yang begini terlepas tatmadaw udah mulai kehilangan kontrol di beberapa kota,ada masanya junta segitu parno sampai beneran pindah ibukota dari yangon ke naypyidaw karena dukungan kuat kami ke separatis karen beneran sudah khawatir diinvasi belakangan memang kendor sih ya tekanan yang begini terlepas tatmadaw sudah mulai kehilangan kontrol di beberapa kota,masanya junta segitu parno beneran pindah ibukota yangon naypyidaw dukungan kuat separatis karen beneran khawatir diinvasi kendor tekanan terlepas tatmadaw kehilangan kontrol kota,masa junta segitu parno beneran pindah ibukota yangon naypyidaw dukung kuat separatis karen beneran khawatir invasi kendor tekan lepas tatmadaw hilang kontrol kota,Positif
@pacalminaa Tpi pindah ibukota juga nggk segampang itu butuh hal2 lain yg perlu dibenahi dll tpi itu langkah awal bener pindah ibukota biar nggk over penduduk disini,tpi pindah ibukota juga nggk segampang itu butuh hal lain yg perlu dibenahi dll tpi itu langkah awal bener pindah ibukota biar nggk over penduduk disini,tpi pindah ibukota juga nggk segampang itu butuh hal lain yg perlu dibenahi dll tpi itu langkah awal bener pindah ibukota biar nggk over penduduk disini,tapi pindah ibukota juga tidak segampang itu butuh hal lain yang perlu dibenahi dsb tapi itu langkah awal benar pindah ibukota biar tidak over penduduk disini,pindah ibukota segampang butuh dibenahi dsb langkah pindah ibukota biar over penduduk,pindah ibukota gampang butuh benah dsb langkah pindah ibukota biar over duduk,Netral
@ganjarpranowo @WisnuSos Pas pak ganjar online. Kalo aku 24 september 1985 lahirnya di Samarinda. Di ibukota propinsi gaes. Di RS Wahab Syahrani. Pindah ke jawa 1991 pas adik ku umur 1 thn.,pas pak ganjar online kalo aku september lahirnya di samarinda di ibukota propinsi gaes di rs wahab syahrani pindah ke jawa pas adik ku umur thn,pas pak ganjar online kalo aku september lahirnya di samarinda di ibukota propinsi gaes di rs wahab syahrani pindah ke jawa pas adik ku umur thn,pas bapak ganjar daring kalau aku september lahirnya di samarinda di ibukota propinsi teman di rs wahab syahrani pindah ke jawa pas adik ku umur thn,pas daring september lahirnya samarinda ibukota propinsi teman rs wahab syahrani pindah jawa pas adik ku umur thn,pas daring september lahir samarinda ibukota propinsi teman rs wahab syahrani pindah jawa pas adik ku umur thn,Netral
@RagilSemar @yatch_as @PKSejahtera @FPKSDPRRI Ambisi lurah IKN hrs jd sbg ibukota negara status DKI sbg ibukota dicabut pdhl ibukota msh blm apa2 &amp; tdk ada 1 urgensi khusus hrs pindah ibukota kecuali krn kepentingan lurah elit2 antek kapitalis &amp; Xing jing ping utk road map OBOR nya,ambisi lurah ikn hrs jd sbg ibukota negara status dki sbg ibukota dicabut pdhl ibukota msh blm apa amp tdk ada urgensi khusus hrs pindah ibukota kecuali krn kepentingan lurah elit antek kapitalis amp xing jing ping utk road map obor nya,ambisi lurah ikn hrs jd sbg ibukota negara status dki sbg ibukota dicabut pdhl ibukota msh blm apa amp tdk ada urgensi khusus hrs pindah ibukota kecuali krn kepentingan lurah elit antek kapitalis amp xing jing ping utk road map obor nya,ambisi lurah ikn harus jadi sebagai ibukota negara status dki sebagai ibukota dicabut padahal ibukota masih belum apa sampai tidak ada urgensi khusus harus pindah ibukota kecuali karena kepentingan lurah elit antek kapitalis sampai xing jing ping untuk road map obor nya,ambisi lurah ikn ibukota negara status dki ibukota dicabut ibukota urgensi khusus pindah ibukota kecuali kepentingan lurah elit antek kapitalis xing jing ping road map obor nya,ambisi lurah ikn ibukota negara status dki ibukota cabut ibukota urgensi khusus pindah ibukota kecuali penting lurah elit antek kapitalis xing jing ping road map obor nya,Netral
Bisa beli saham 50 lebih agensi kpop dan aktor trus pindah ke ibukota baru IKN WKWKWK,bisa beli saham lebih agensi kpop dan aktor trus pindah ke ibukota baru ikn wkwkwk,bisa beli saham lebih agensi kpop dan aktor trus pindah ke ibukota baru ikn wkwkwk,bisa beli saham lebih agensi kpop dan aktor terus pindah ke ibukota baru ikn wkwkwk,beli saham agensi kpop aktor pindah ibukota ikn,beli saham agens kpop aktor pindah ibukota ikn,Netral
channel NET tv mau pindah ke ibukota SOLO utara SEMARANG sekarang,channel net tv mau pindah ke ibukota solo utara semarang sekarang,channel net tv mau pindah ke ibukota solo utara semarang sekarang,channel net tv mau pindah ke ibukota solo utara semarang sekarang,channel net tv pindah ibukota solo utara semarang,channel net tv pindah ibukota solo utara semarang,Netral
Jakarta Tetap Jadi Daerah Khusus Meski Ibukota RI Sudah Pindah https://t.co/JaZpsfh9Uj,jakarta tetap jadi daerah khusus meski ibukota ri sudah pindah,jakarta tetap jadi daerah khusus meski ibukota ri sudah pindah,jakarta tetap jadi daerah khusus meski ibukota ri sudah pindah,jakarta daerah khusus ibukota ri pindah,jakarta daerah khusus ibukota ri pindah,Netral
PROGRAM MAKAN SIANG GRATIS + SEKOLAH/KULIAH GRATIS LEBIH MASUK AKAL UNTUK RAKYAT NKRI DARIPADA PINDAH IBUKOTA NEGARA YANG TAK TERLALU PENTING. @myputun https://t.co/IaWBOtGXnz,program makan siang gratis sekolahkuliah gratis lebih masuk akal untuk rakyat nkri daripada pindah ibukota negara yang tak terlalu penting,program makan siang gratis sekolahkuliah gratis lebih masuk akal untuk rakyat nkri daripada pindah ibukota negara yang tak terlalu penting,program makan siang gratis sekolahkuliah gratis lebih masuk akal untuk rakyat nkri daripada pindah ibukota negara yang tidak terlalu penting,program makan siang gratis sekolahkuliah gratis masuk akal rakyat nkri pindah ibukota negara,program makan siang gratis sekolahkuliah gratis masuk akal rakyat nkri pindah ibukota negara,Netral
@TimunSakti84 ...kota Nusantara di Kalimantan Timur telah sungguh eksis sebagai ibukota Indonesia atau bahkan apa jadinya jika Indonesia mengganti namanya jadi Nusantara pula?,kota nusantara di kalimantan timur telah sungguh eksis sebagai ibukota indonesia atau bahkan apa jadinya jika indonesia mengganti namanya jadi nusantara pula,kota nusantara di kalimantan timur telah sungguh eksis sebagai ibukota indonesia atau bahkan apa jadinya jika indonesia mengganti namanya jadi nusantara pula,kota nusantara di kalimantan timur telah sungguh eksis sebagai ibukota indonesia atau bahkan apa jadinya jika indonesia mengganti namanya jadi nusantara pula,kota nusantara kalimantan timur sungguh eksis ibukota indonesia indonesia mengganti namanya nusantara,kota nusantara kalimantan timur sungguh eks ibukota indonesia indonesia ganti nama nusantara,Netral
@ARSIPAJA Seharusnya mencalonkan diri di Kaltim kan Ibukota Indonesia sudah pindah ke IKN - Kaltim atau Jateng. Bukankah PSI adalah Partai Seputar Ibukota.,seharusnya mencalonkan diri di kaltim kan ibukota indonesia sudah pindah ke ikn kaltim atau jateng bukankah psi adalah partai seputar ibukota,seharusnya mencalonkan diri di kaltim kan ibukota indonesia sudah pindah ke ikn kaltim atau jateng bukankah psi adalah partai seputar ibukota,seharusnya mencalonkan diri di kaltim kan ibukota indonesia sudah pindah ke ikn kaltim atau jateng bukankah psi adalah partai seputar ibukota,mencalonkan kaltim ibukota indonesia pindah ikn kaltim jateng psi partai seputar ibukota,calon kaltim ibukota indonesia pindah ikn kaltim jateng psi partai putar ibukota,Netral
Udah bosen kalo ada berita jakarta banjir atau sudirman macet atau bundaran hi tenggelam. Ibukota harus pindah biar pada tahu tempat lain banyak yg harus dibangun. Jakarta mulu,udah bosen kalo ada berita jakarta banjir atau sudirman macet atau bundaran hi tenggelam ibukota harus pindah biar pada tahu tempat lain banyak yg harus dibangun jakarta mulu,udah bosen kalo ada berita jakarta banjir atau sudirman macet atau bundaran hi tenggelam ibukota harus pindah biar pada tahu tempat lain banyak yg harus dibangun jakarta mulu,sudah bosan kalau ada berita jakarta banjir atau sudirman macet atau bundaran hi tenggelam ibukota harus pindah biar pada tahu tempat lain banyak yang harus dibangun jakarta selalu,bosan berita jakarta banjir sudirman macet bundaran hi tenggelam ibukota pindah biar dibangun jakarta,bosan berita jakarta banjir sudirman macet bundar hi tenggelam ibukota pindah biar bangun jakarta,Negatif
@kallinikos1980 @sefkelik Perpindahan ibukota yg disepakati pada saat akhir masa Sriwijaya ke Jambi bahkan saat Chola menyerang 2x dikatakan pindah ke wilayah Malaysia namun untuk awal berdiri berada di Palembang,perpindahan ibukota yg disepakati pada saat akhir masa sriwijaya ke jambi bahkan saat chola menyerang x dikatakan pindah ke wilayah malaysia namun untuk awal berdiri berada di palembang,perpindahan ibukota yg disepakati pada saat akhir masa sriwijaya ke jambi bahkan saat chola menyerang x dikatakan pindah ke wilayah malaysia namun untuk awal berdiri berada di palembang,perpindahan ibukota yang disepakati pada saat akhir masa sriwijaya ke jambi bahkan saat chola menyerang x dikatakan pindah ke wilayah malaysia namun untuk awal berdiri berada di palembang,perpindahan ibukota disepakati sriwijaya jambi chola menyerang x pindah wilayah malaysia berdiri palembang,pindah ibukota pakat sriwijaya jambi chola serang x pindah wilayah malaysia diri palembang,Netral
@sechathena Ibukota Nusantara,ibukota nusantara,ibukota nusantara,ibukota nusantara,ibukota nusantara,ibukota nusantara,Netral
@tanyarlfes belum jg pernah ke ibukota yg masi sepulau eh sekarang udah pindah pulau,belum jg pernah ke ibukota yg masi sepulau eh sekarang udah pindah pulau,belum jg pernah ke ibukota yg masi sepulau eh sekarang udah pindah pulau,belum juga pernah ke ibukota yang masih sepulau eh sekarang sudah pindah pulau,ibukota sepulau pindah pulau,ibukota pulau pindah pulau,Netral
@RagilSemar @DidiekMurdock @PKSejahtera @FPKSDPRRI Katanya ibukota mau pindah ke IKN... kenapa Jakarta masih jadi rebutan ya? Ada yangvtahu kenapa???,katanya ibukota mau pindah ke ikn kenapa jakarta masih jadi rebutan ya ada yangvtahu kenapa,katanya ibukota mau pindah ke ikn kenapa jakarta masih jadi rebutan ya ada yangvtahu kenapa,katanya ibukota mau pindah ke ikn kenapa jakarta masih jadi rebutan ya ada yangvtahu kenapa,ibukota pindah ikn jakarta rebutan yangvtahu,ibukota pindah ikn jakarta rebut yangvtahu,Netral
@AyuDwi390 @DokterTifa Proyek kan menguntungkan yang kebagian proyek. Ga mungkin untuk Jkw scara langsung. Se urgent apa bangunan2 yg kurang penting itu? Kalopun mau pindah ibukota bangun bagian yang krusial dulu sisanya bangun perekonomian tuntaskan masalah2 kemiskinan dan pendidikan,proyek kan menguntungkan yang kebagian proyek ga mungkin untuk jkw scara langsung se urgent apa bangunan yg kurang penting itu kalopun mau pindah ibukota bangun bagian yang krusial dulu sisanya bangun perekonomian tuntaskan masalah kemiskinan dan pendidikan,proyek kan menguntungkan yang kebagian proyek ga mungkin untuk jkw scara langsung se urgent apa bangunan yg kurang penting itu kalopun mau pindah ibukota bangun bagian yang krusial dulu sisanya bangun perekonomian tuntaskan masalah kemiskinan dan pendidikan,proyek kan menguntungkan yang kebagian proyek tidak mungkin untuk jokowi secara langsung se urgent apa bangunan yang kurang penting itu kalopun mau pindah ibukota bangun bagian yang penting dulu sisanya bangun perekonomian tuntaskan masalah kemiskinan dan pendidikan,proyek menguntungkan kebagian proyek jokowi langsung urgent bangunan kalopun pindah ibukota bangun sisanya bangun perekonomian tuntaskan kemiskinan pendidikan,proyek untung bagi proyek jokowi langsung urgent bangun kalo pindah ibukota bangun sisa bangun ekonomi tuntas miskin didik,Negatif
@__luvs nek ibukota wis pindah ikn ngko okeh,nek ibukota wis pindah ikn ngko okeh,nek ibukota wis pindah ikn ngko okeh,nek ibukota sudah pindah ikn ngko oke,nek ibukota pindah ikn ngko oke,nek ibukota pindah ikn ngko oke,Netral
@Kacaback678910 Jangan macem? dengan TP bentak anak buahnya aja bisa pindah ke ujung dunia.. FYI Kubar salah satu kabupaten yg jauh dari Ibukota Provinsi.. Tapi masih ada lagi yg paling pelosok yakni Kab. Mahakam Ulu mutasi ke Long Apari buat merongos,jangan macem dengan tp bentak anak buahnya aja bisa pindah ke ujung dunia fyi kubar salah satu kabupaten yg jauh dari ibukota provinsi tapi masih ada lagi yg paling pelosok yakni kab mahakam ulu mutasi ke long apari buat merongos,jangan macem dengan tp bentak anak buahnya aja bisa pindah ke ujung dunia fyi kubar salah satu kabupaten yg jauh dari ibukota provinsi tapi masih ada lagi yg paling pelosok yakni kab mahakam ulu mutasi ke long apari buat merongos,jangan macam dengan tapi bentak anak buahnya saja bisa pindah ke ujung dunia fyi kubar salah satu kabupaten yang jauh dari ibukota provinsi tapi masih ada lagi yang paling pelosok yakni kab mahakam ulu mutasi ke long apari buat merongos,bentak anak buahnya pindah ujung dunia fyi kubar salah kabupaten ibukota provinsi pelosok kab mahakam ulu mutasi long apari merongos,bentak anak buah pindah ujung dunia fyi bar salah kabupaten ibukota provinsi pelosok kab mahakam ulu mutasi long apar rongos,Negatif
@jokowi untuk ibukota baru IKN tidak perlu banyak orang tinggal disana tetapi sistim dibuat agar semua otomatis dan tidak usah semua pejabat pindah disana kota yang dibuat seperti Silicon valley,untuk ibukota baru ikn tidak perlu banyak orang tinggal disana tetapi sistim dibuat agar semua otomatis dan tidak usah semua pejabat pindah disana kota yang dibuat seperti silicon valley,untuk ibukota baru ikn tidak perlu banyak orang tinggal disana tetapi sistim dibuat agar semua otomatis dan tidak usah semua pejabat pindah disana kota yang dibuat seperti silicon valley,untuk ibukota baru ikn tidak perlu banyak orang tinggal disana tetapi sistim dibuat agar semua otomatis dan tidak usah semua pejabat pindah disana kota yang dibuat seperti silicon valley,ibukota ikn orang tinggal disana sistim otomatis pejabat pindah disana kota silicon valley,ibukota ikn orang tinggal sana sistim otomatis jabat pindah sana kota silicon valley,Netral
@JoJohankurnia @karfianda TRUE ngapain perbaiki tata kota yang buruk mending pindah ibukota,true ngapain perbaiki tata kota yang buruk mending pindah ibukota,true ngapain perbaiki tata kota yang buruk mending pindah ibukota,true apa perbaiki tata kota yang buruk mending pindah ibukota,true perbaiki tata kota buruk mending pindah ibukota,true baik tata kota buruk mending pindah ibukota,Negatif
@tvOneNews Kapan para anggota DPR akan pindah dan berkedudukan di Ibukota negara untuk mengabdi dan memperjuangkan aspirasi rakyat @DPR_RI,kapan para anggota dpr akan pindah dan berkedudukan di ibukota negara untuk mengabdi dan memperjuangkan aspirasi rakyat,kapan para anggota dpr akan pindah dan berkedudukan di ibukota negara untuk mengabdi dan memperjuangkan aspirasi rakyat,kapan para anggota dpr akan pindah dan berkedudukan di ibukota negara untuk mengabdi dan memperjuangkan aspirasi rakyat,anggota dpr pindah berkedudukan ibukota negara mengabdi memperjuangkan aspirasi rakyat,anggota dpr pindah keduduk ibukota negara abdi juang aspirasi rakyat,Netral
Jakarta Tetap Menjadi Daerah Khusus Meski Ibukota RI Sudah Pindah https://t.co/u564iq2vNT,jakarta tetap menjadi daerah khusus meski ibukota ri sudah pindah,jakarta tetap menjadi daerah khusus meski ibukota ri sudah pindah,jakarta tetap menjadi daerah khusus meski ibukota ri sudah pindah,jakarta daerah khusus ibukota ri pindah,jakarta daerah khusus ibukota ri pindah,Netral
Lah bukannya pindah ibukota?,lah bukannya pindah ibukota,lah bukannya pindah ibukota,lah bukannya pindah ibukota,pindah ibukota,pindah ibukota,Netral
@sandyuda15 @jr205newlivery Karna Kristen Jawa n Pasundan rata2 ada di kawasan yang di daerahnya mungkin rada berkembang kalopun desa n pelosok ga sebegitu pelosok desa2 yang ditempati Jawa n Sunda dari Muslim. Jadi Jawa Sunda Nasrani udah sedikit rada berkembang makanya ga banyak pindah ke Ibukota mas,karna kristen jawa n pasundan rata ada di kawasan yang di daerahnya mungkin rada berkembang kalopun desa n pelosok ga sebegitu pelosok desa yang ditempati jawa n sunda dari muslim jadi jawa sunda nasrani udah sedikit rada berkembang makanya ga banyak pindah ke ibukota mas,karna kristen jawa n pasundan rata ada di kawasan yang di daerahnya mungkin rada berkembang kalopun desa n pelosok ga sebegitu pelosok desa yang ditempati jawa n sunda dari muslim jadi jawa sunda nasrani udah sedikit rada berkembang makanya ga banyak pindah ke ibukota mas,karena kristen jawa n pasundan rata ada di kawasan yang di daerahnya mungkin rada berkembang kalopun desa n pelosok tidak sebegitu pelosok desa yang ditempati jawa n sunda dari muslim jadi jawa sunda nasrani sudah sedikit rada berkembang makanya tidak banyak pindah ke ibukota kakak,kristen jawa n pasundan kawasan daerahnya rada berkembang kalopun desa n pelosok pelosok desa ditempati jawa n sunda muslim jawa sunda nasrani rada berkembang pindah ibukota kakak,kristen jawa n pasundan kawasan daerah rada kembang kalo desa n pelosok pelosok desa tempat jawa n sunda muslim jawa sunda nasrani rada kembang pindah ibukota kakak,Positif
Jakarta Tetap Menjadi Daerah Khusus Meski RI Sudah Pindah Ibukota https://t.co/heMz1k2Yiv lewat @Keuangan News,jakarta tetap menjadi daerah khusus meski ri sudah pindah ibukota lewat news,jakarta tetap menjadi daerah khusus meski ri sudah pindah ibukota lewat news,jakarta tetap menjadi daerah khusus meski ri sudah pindah ibukota lewat news,jakarta daerah khusus ri pindah ibukota news,jakarta daerah khusus ri pindah ibukota news,Netral
@KepaArgawinata7 Klu ini ngak di mulai dari gorong3 atau knp ngak di tutup gorong3nya ibukota ngak akan pindah,klu ini ngak di mulai dari gorong atau knp ngak di tutup gorongnya ibukota ngak akan pindah,klu ini ngak di mulai dari gorong atau knp ngak di tutup gorongnya ibukota ngak akan pindah,klu ini tidak di mulai dari gorong atau kenapa tidak di tutup gorongnya ibukota tidak akan pindah,klu gorong tutup gorongnya ibukota pindah,klu gorong tutup gorongnya ibukota pindah,Netral
@StrongestToday SAYA JUGA LAHIR DI JAKARTA (IBUKOTA) TETAPI PINDAH HE DAERAH LAIN KARENA... belum di katakan kenapa,saya juga lahir di jakarta ibukota tetapi pindah he daerah lain karena belum di katakan kenapa,saya juga lahir di jakarta ibukota tetapi pindah he daerah lain karena belum di katakan kenapa,aku juga lahir di jakarta ibukota tetapi pindah dia daerah lain karena belum di katakan kenapa,lahir jakarta ibukota pindah daerah,lahir jakarta ibukota pindah daerah,Netral
@NinzExe07 @PKSejahtera Tentunya setiap keputusan yg di sahkan ratu mic tdk lepas dari arahan Mak kebo melanjutkan titah big bos naga Agendanya Ibukota pindah jakarta jadi Singapura ke 2 Padahal IKN pangkalan militer rrc Moga aja IKN nantinya jd kuburan para jongos boneka taipan beserta keroconya,tentunya setiap keputusan yg di sahkan ratu mic tdk lepas dari arahan mak kebo melanjutkan titah big bos naga agendanya ibukota pindah jakarta jadi singapura ke padahal ikn pangkalan militer rrc moga aja ikn nantinya jd kuburan para jongos boneka taipan beserta keroconya,tentunya setiap keputusan yg di sahkan ratu mic tdk lepas dari arahan mak kebo melanjutkan titah big bos naga agendanya ibukota pindah jakarta jadi singapura ke padahal ikn pangkalan militer rrc moga aja ikn nantinya jd kuburan para jongos boneka taipan beserta keroconya,tentunya setiap keputusan yang di sahkan ratu mic tidak lepas dari arahan ibu kebo melanjutkan titah big bos naga agendanya ibukota pindah jakarta jadi singapura ke padahal ikn pangkalan militer rrc semoga saja ikn nantinya jadi kuburan para jongos boneka taipan beserta keroconya,keputusan sahkan ratu mic lepas arahan kebo melanjutkan titah big bos naga agendanya ibukota pindah jakarta singapura ikn pangkalan militer rrc semoga ikn kuburan jongos boneka taipan beserta keroconya,putus sahkan ratu mic lepas arah kebo lanjut titah big bos naga agenda ibukota pindah jakarta singapura ikn pangkal militer rrc moga ikn kubur jongos boneka taipan serta keroco,Netral
@BBCIndonesia Kan emg gitu mkanya gw nolak ikn Gw pro pindah ibukota tp bkn bikin kota baru kyk ikn tp ngembangin kota yg udh rapi misal pontianak,kan emg gitu mkanya gw nolak ikn gw pro pindah ibukota tp bkn bikin kota baru kyk ikn tp ngembangin kota yg udh rapi misal pontianak,kan emg gitu mkanya gw nolak ikn gw pro pindah ibukota tp bkn bikin kota baru kyk ikn tp ngembangin kota yg udh rapi misal pontianak,kan memang gitu mkanya aku nolak ikn aku pro pindah ibukota tapi bkn bikin kota baru seperti ikn tapi ngembangin kota yang sudah rapi misal pontianak,gitu mkanya nolak ikn pro pindah ibukota bkn bikin kota ikn ngembangin kota rapi pontianak,gitu mkanya nolak ikn pro pindah ibukota bkn bikin kota ikn ngembangin kota rapi pontianak,Positif
Ibukota Nusantara kali.,ibukota nusantara kali,ibukota nusantara kali,ibukota nusantara kali,ibukota nusantara kali,ibukota nusantara kali,Netral
WKWK kocak ibukota legislatif. Anggota dewannya mager pindah sih yah.,wkwk kocak ibukota legislatif anggota dewannya mager pindah sih yah,wkwk kocak ibukota legislatif anggota dewannya mager pindah sih yah,wkwk kocak ibukota legislatif anggota dewannya mager pindah sih yah,kocak ibukota legislatif anggota dewannya mager pindah yah,kocak ibukota legislatif anggota dewan mager pindah yah,Netral
@afathngantuk @SimoneNoConte @kamentrader Ini berarti alasannya politis soal basis suara PKS yg gede di Jakarta berarti. Ga bisa tetap di Jakarta jadikan Jakarta ibukota legislatif akhirnya diusulkan. Intinya biar fokus politik tetap di Jakarta. Well to be fair alasan Jokowi pindah jg salah satunya netralisir ini kan?,ini berarti alasannya politis soal basis suara pks yg gede di jakarta berarti ga bisa tetap di jakarta jadikan jakarta ibukota legislatif akhirnya diusulkan intinya biar fokus politik tetap di jakarta well to be fair alasan jokowi pindah jg salah satunya netralisir ini kan,ini berarti alasannya politis soal basis suara pks yg gede di jakarta berarti ga bisa tetap di jakarta jadikan jakarta ibukota legislatif akhirnya diusulkan intinya biar fokus politik tetap di jakarta well to be fair alasan jokowi pindah jg salah satunya netralisir ini kan,ini berarti alasannya politis soal basis suara pks yang gede di jakarta berarti tidak bisa tetap di jakarta jadikan jakarta ibukota legislatif akhirnya diusulkan intinya biar fokus politik tetap di jakarta well ke be fair alasan jokowi pindah juga salah satunya netralisir ini kan,alasannya politis basis suara pks gede jakarta jakarta jadikan jakarta ibukota legislatif diusulkan intinya biar fokus politik jakarta well be fair alasan jokowi pindah salah satunya netralisir,alas politis basis suara pks gede jakarta jakarta jadi jakarta ibukota legislatif usul inti biar fokus politik jakarta well be fair alas jokowi pindah salah satu netralisir,Negatif
salah bang yang bener solusinya adalah pindah ibukota dan makan siang gratis,salah bang yang bener solusinya adalah pindah ibukota dan makan siang gratis,salah bang yang bener solusinya adalah pindah ibukota dan makan siang gratis,salah kakak yang benar solusinya adalah pindah ibukota dan makan siang gratis,salah kakak solusinya pindah ibukota makan siang gratis,salah kakak solusi pindah ibukota makan siang gratis,Negatif
"@greenteannaa ibukota pindah juga garagara kesenggol yunjin pas joget smart?????,1773298837903286730""",ibukota pindah juga garagara kesenggol yunjin pas joget smart,ibukota pindah juga garagara kesenggol yunjin pas joget smart,ibukota pindah juga garagara kesenggol yunjin pas joget smart,ibukota pindah garagara kesenggol yunjin pas joget smart,ibukota pindah garagara senggol yunjin pas joget smart,Positif
Di kutipan berita PKS menolak RUU dan menambahkan klo Jakarta tetap jadi Ibukota legislasi saja. Lah ini bukannya yg ditentang netizen ya yg dianggap akal2an DPR untuk ga pindah ke IKN?,di kutipan berita pks menolak ruu dan menambahkan klo jakarta tetap jadi ibukota legislasi saja lah ini bukannya yg ditentang netizen ya yg dianggap akalan dpr untuk ga pindah ke ikn,di kutipan berita pks menolak ruu dan menambahkan klo jakarta tetap jadi ibukota legislasi saja lah ini bukannya yg ditentang netizen ya yg dianggap akalan dpr untuk ga pindah ke ikn,di kutipan berita pks menolak ruu dan menambahkan kalau jakarta tetap jadi ibukota legislasi saja lah ini bukannya yang ditentang netizen ya yang dianggap akalan dpr untuk tidak pindah ke ikn,kutipan berita pks menolak ruu jakarta ibukota legislasi ditentang netizen dianggap akalan dpr pindah ikn,kutip berita pks tolak ruu jakarta ibukota legislasi tentang netizen anggap akal dpr pindah ikn,Negatif
@karfianda tau ngapain gini-ginian padahal lebih efektif bikin jalan tol flyover/underpass mobil listrik sama pindah ibukota. urban planning my ass.,tau ngapain giniginian padahal lebih efektif bikin jalan tol flyoverunderpass mobil listrik sama pindah ibukota urban planning my ass,tau ngapain giniginian padahal lebih efektif bikin jalan tol flyoverunderpass mobil listrik sama pindah ibukota urban planning my ass,tau apa giniginian padahal lebih efektif bikin jalan tol flyoverunderpass mobil listrik sama pindah ibukota urban planning punyaku ass,tau giniginian efektif bikin jalan tol flyoverunderpass mobil listrik pindah ibukota urban planning punyaku ass,tau giniginian efektif bikin jalan tol flyoverunderpass mobil listrik pindah ibukota urban planning punya ass,Positif
"Ngapain si??? Kan ibukota udh pindah. Jgn plis ini serius dah ?????,1773277400630997137""",ngapain si kan ibukota udh pindah jgn plis ini serius dah,ngapain si kan ibukota udh pindah jgn plis ini serius dah,apa si kan ibukota sudah pindah jangan tolong ini serius sudah,si ibukota pindah tolong serius,si ibukota pindah tolong serius,Netral
Emang anti pemindahan kepitel city aja. Cuma partai twitter amanah indonesia keknya yg menolak kepitel city pindah pekaes udh partially setuju dg ibukota legislatif di sini,emang anti pemindahan kepitel city aja cuma partai twitter amanah indonesia keknya yg menolak kepitel city pindah pekaes udh partially setuju dg ibukota legislatif di sini,emang anti pemindahan kepitel city aja cuma partai twitter amanah indonesia keknya yg menolak kepitel city pindah pekaes udh partially setuju dg ibukota legislatif di sini,memang anti pemindahan kepitel city saja hanya partai twitter amanah indonesia keknya yang menolak kepitel city pindah pekaes sudah partially setuju dengan ibukota legislatif di sini,anti pemindahan kepitel city partai twitter amanah indonesia keknya menolak kepitel city pindah pekaes partially setuju ibukota legislatif,anti pindah kepitel city partai twitter amanah indonesia kek tolak kepitel city pindah pekaes partially tuju ibukota legislatif,Netral
@JamalBoegis @CutSarina5 Aceh Emang Propinsi Kaya. Dan Nasionalismenya gak kaleng2. Krn itulah banyak pahlawan besar dr Aceh.Dan sy setuju banget kalau mau pindah ibukota itu ya ke Aceh atau Yogya sajalah bukan IKN yg paru2 dunia sebelumnya sampai hutanpun dibabat buat peguasa dan pengusaha bangsat,aceh emang propinsi kaya dan nasionalismenya gak kaleng krn itulah banyak pahlawan besar dr acehdan sy setuju banget kalau mau pindah ibukota itu ya ke aceh atau yogya sajalah bukan ikn yg paru dunia sebelumnya sampai hutanpun dibabat buat peguasa dan pengusaha bangsat,aceh emang propinsi kaya dan nasionalismenya gak kaleng krn itulah banyak pahlawan besar dr acehdan sy setuju banget kalau mau pindah ibukota itu ya ke aceh atau yogya sajalah bukan ikn yg paru dunia sebelumnya sampai hutanpun dibabat buat peguasa dan pengusaha bangsat,aceh memang propinsi seperti dan nasionalismenya tidak kaleng karena itulah banyak pahlawan besar dari acehdan sy setuju sekali kalau mau pindah ibukota itu ya ke aceh atau yogya sajalah bukan ikn yang paru dunia sebelumnya sampai hutanpun dibabat buat peguasa dan pengusaha bangsat,aceh propinsi nasionalismenya kaleng pahlawan acehdan sy setuju pindah ibukota aceh yogya ikn paru dunia hutanpun dibabat peguasa pengusaha bangsat,aceh propinsi nasionalisme kaleng pahlawan acehdan sy tuju pindah ibukota aceh yogya ikn paru dunia hutan babat peguasa usaha bangsat,Positif
Daerah Khusus Jakarta yg bukan Ibukota @sakkusaitna @Tita83079013 @agama_nusantara @BayuAngora @spektrumku @Valhallaah @PaijoKhentir @iam_zelt @helenr1903 @debbieflavi @Jelantik5 @bnsphrxyzzz @RefublikAteis,daerah khusus jakarta yg bukan ibukota,daerah khusus jakarta yg bukan ibukota,daerah khusus jakarta yang bukan ibukota,daerah khusus jakarta ibukota,daerah khusus jakarta ibukota,Netral
Ibu Kota Negara akan Segera Pindah ke IKN Pakar Tata Negara Pertanyakan Kebutuhan Konstitusinya MEMINDAHKAN IBUKOTA NEGARA DISAAT KEHIDUPAN RAKYAT SUSAH &amp; MENDERITA MENJALANI KEHIDUPAN??? @myputun https://t.co/Qa96udJ1hv,ibu kota negara akan segera pindah ke ikn pakar tata negara pertanyakan kebutuhan konstitusinya memindahkan ibukota negara disaat kehidupan rakyat susah amp menderita menjalani kehidupan,ibu kota negara akan segera pindah ke ikn pakar tata negara pertanyakan kebutuhan konstitusinya memindahkan ibukota negara disaat kehidupan rakyat susah amp menderita menjalani kehidupan,ibu kota negara akan segera pindah ke ikn pakar tata negara pertanyakan kebutuhan konstitusinya memindahkan ibukota negara disaat kehidupan rakyat susah sampai menderita menjalani kehidupan,kota negara pindah ikn pakar tata negara kebutuhan konstitusinya memindahkan ibukota negara disaat kehidupan rakyat susah menderita menjalani kehidupan,kota negara pindah ikn pakar tata negara butuh konstitusi pindah ibukota negara saat hidup rakyat susah derita jalan hidup,Netral
Selamat datang Ibukota Nusantara. https://t.co/f8Go6NPkkX,selamat datang ibukota nusantara,selamat datang ibukota nusantara,selamat datang ibukota nusantara,selamat ibukota nusantara,selamat ibukota nusantara,Netral
@tempodotco Trus ngapain pindah ibukota kalau masih takut kalah pilkada DKI??,trus ngapain pindah ibukota kalau masih takut kalah pilkada dki,trus ngapain pindah ibukota kalau masih takut kalah pilkada dki,terus apa pindah ibukota kalau masih takut kalah pilkada dki,pindah ibukota takut kalah pilkada dki,pindah ibukota takut kalah pilkada dki,Negatif
@Interista082 @aunrrahman secara bajet juga lebih masuk akal mas proyek ini ketimbang pindah ibukota,secara bajet juga lebih masuk akal mas proyek ini ketimbang pindah ibukota,secara bajet juga lebih masuk akal mas proyek ini ketimbang pindah ibukota,secara bajet juga lebih masuk akal kakak proyek ini ketimbang pindah ibukota,bajet masuk akal kakak proyek ketimbang pindah ibukota,bajet masuk akal kakak proyek ketimbang pindah ibukota,Netral
Ibukota Indonesia 2030 (orang biasa) : Kota Nusantara Ibukota Indonesia 2030 (orang PKS) : Jakarta,ibukota indonesia orang biasa kota nusantara ibukota indonesia orang pks jakarta,ibukota indonesia orang biasa kota nusantara ibukota indonesia orang pks jakarta,ibukota indonesia orang biasa kota nusantara ibukota indonesia orang pks jakarta,ibukota indonesia orang kota nusantara ibukota indonesia orang pks jakarta,ibukota indonesia orang kota nusantara ibukota indonesia orang pks jakarta,Netral
TVR 120 -Banggar DPR RI : Skema Pembiayaan Pembangunan IKN Harus Jelas Dalam proses pembangunan fase 1 proyek strategis nasional Ibukota Nusantara Pemerintah telah menyerap Apbn senilai hampir 75 Triliun Rupiah. #TVRParlemen #breakingnews #DPRRI #TVR120 https://t.co/yZCosYheUk,tvr banggar dpr ri skema pembiayaan pembangunan ikn harus jelas dalam proses pembangunan fase proyek strategis nasional ibukota nusantara pemerintah telah menyerap apbn senilai hampir triliun rupiah,tvr banggar dpr ri skema pembiayaan pembangunan ikn harus jelas dalam proses pembangunan fase proyek strategis nasional ibukota nusantara pemerintah telah menyerap apbn senilai hampir triliun rupiah,tvr banggar dpr ri skema pembiayaan pembangunan ikn harus jelas dalam proses pembangunan fase proyek strategis nasional ibukota nusantara pemerintah telah menyerap apbn senilai hampir triliun rupiah,tvr banggar dpr ri skema pembiayaan pembangunan ikn proses pembangunan fase proyek strategis nasional ibukota nusantara pemerintah menyerap apbn senilai triliun rupiah,tvr banggar dpr ri skema biaya bangun ikn proses bangun fase proyek strategis nasional ibukota nusantara perintah serap apbn nila triliun rupiah,Netral
Lulus SMP &amp; SMA masuk UI nyadar kalau selama SMP &amp; SMA I lived in a bubble. Sekarang pindah kota nyadar lagi kalau selama di UI pun MASIH lived in a bubble. Real sih pengalaman dan pelajaran hidup berharga keluar dari ibukota. Banyak meleknya,lulus smp amp sma masuk ui nyadar kalau selama smp amp sma i lived in a bubble sekarang pindah kota nyadar lagi kalau selama di ui pun masih lived in a bubble real sih pengalaman dan pelajaran hidup berharga keluar dari ibukota banyak meleknya,lulus smp amp sma masuk ui nyadar kalau selama smp amp sma i lived in a bubble sekarang pindah kota nyadar lagi kalau selama di ui pun masih lived in a bubble real sih pengalaman dan pelajaran hidup berharga keluar dari ibukota banyak meleknya,lulus smp sampai sma masuk ui nyadar kalau selama smp sampai sma i lived di a bubble sekarang pindah kota nyadar lagi kalau selama di ui pun masih lived di a bubble nyata sih pengalaman dan pelajaran hidup berharga keluar dari ibukota banyak meleknya,lulus smp sma masuk ui nyadar smp sma i lived a bubble pindah kota nyadar ui lived a bubble nyata pengalaman pelajaran hidup berharga ibukota meleknya,lulus smp sma masuk ui nyadar smp sma i lived a bubble pindah kota nyadar ui lived a bubble nyata alam ajar hidup harga ibukota melek,Netral
@udaytokay Jiaah akhirnya makhluk penjilat pantat arab ini ada yang kenak batunya wkwkw mungkin ini alasan mereka ga suka ibukota pindah ke kalimantan karena kalau ibukota pindah ke kalimantan di jamin mereka ga bisa macam macam lagi kek mereka pas di jawa wkwk,jiaah akhirnya makhluk penjilat pantat arab ini ada yang kenak batunya wkwkw mungkin ini alasan mereka ga suka ibukota pindah ke kalimantan karena kalau ibukota pindah ke kalimantan di jamin mereka ga bisa macam macam lagi kek mereka pas di jawa wkwk,jiaah akhirnya makhluk penjilat pantat arab ini ada yang kenak batunya wkwkw mungkin ini alasan mereka ga suka ibukota pindah ke kalimantan karena kalau ibukota pindah ke kalimantan di jamin mereka ga bisa macam macam lagi kek mereka pas di jawa wkwk,jiaah akhirnya makhluk penjilat pantat arab ini ada yang kenak batunya wkwkw mungkin ini alasan mereka tidak suka ibukota pindah ke kalimantan karena kalau ibukota pindah ke kalimantan di jamin mereka tidak bisa macam macam lagi seperti mereka pas di jawa wkwk,jiaah makhluk penjilat pantat arab kenak batunya wkwkw alasan suka ibukota pindah kalimantan ibukota pindah kalimantan jamin pas jawa,jiaah makhluk jilat pantat arab nak batu wkwkw alas suka ibukota pindah kalimantan ibukota pindah kalimantan jamin pas jawa,Positif
@ShamsiAli2 Dia hanya ingin ditulis dlm sejarah dng tinta emas .. Dijaman siapa ibukota pindah dr jkt ke kalimantan ? Sayang diakhir masa jabatannya dikotori dng ulah anak?nya .. eh ulah bpknya .. malah jd bingung yg jd biang kerok siapa sih ?,dia hanya ingin ditulis dlm sejarah dng tinta emas dijaman siapa ibukota pindah dr jkt ke kalimantan sayang diakhir masa jabatannya dikotori dng ulah anaknya eh ulah bpknya malah jd bingung yg jd biang kerok siapa sih,dia hanya ingin ditulis dlm sejarah dng tinta emas dijaman siapa ibukota pindah dr jkt ke kalimantan sayang diakhir masa jabatannya dikotori dng ulah anaknya eh ulah bpknya malah jd bingung yg jd biang kerok siapa sih,dia hanya ingin ditulis dalam sejarah dng tinta emas dijaman siapa ibukota pindah dari jakarta ke kalimantan sayang diakhir masa jabatannya dikotori dng ulah anaknya eh ulah bpknya malah jadi bingung yang jadi biang kerok siapa sih,ditulis sejarah dng tinta emas dijaman ibukota pindah jakarta kalimantan sayang diakhir jabatannya dikotori dng ulah anaknya ulah bpknya bingung biang kerok,tulis sejarah dng tinta emas jam ibukota pindah jakarta kalimantan sayang akhir jabat kotor dng ulah anak ulah bpknya bingung biang kerok,Netral
@Miduk17 Gampang mah itu buat si Pinokio Pilkadanya diundur dngn alasan masa transisi ibukota pindah ke IKN. Kalau lewat MK bakal mencolok bngt ngulangin modus lewat paman yg baik hati.,gampang mah itu buat si pinokio pilkadanya diundur dngn alasan masa transisi ibukota pindah ke ikn kalau lewat mk bakal mencolok bngt ngulangin modus lewat paman yg baik hati,gampang mah itu buat si pinokio pilkadanya diundur dngn alasan masa transisi ibukota pindah ke ikn kalau lewat mk bakal mencolok bngt ngulangin modus lewat paman yg baik hati,gampang mah itu buat si pinokio pilkadanya diundur dngn alasan masa transisi ibukota pindah ke ikn kalau lewat mk akan mencolok sekali ngulangin modus lewat paman yang baik hati,gampang mah si pinokio pilkadanya diundur dngn alasan transisi ibukota pindah ikn mk mencolok ngulangin modus paman hati,gampang mah si pinokio pilkadanya undur dngn alas transisi ibukota pindah ikn mk colok ngulangin modus paman hati,Positif
Terimakasih warga dayak... salah satu alasan ibukota di pindah...,terimakasih warga dayak salah satu alasan ibukota di pindah,terimakasih warga dayak salah satu alasan ibukota di pindah,terimakasih warga dayak salah satu alasan ibukota di pindah,terimakasih warga dayak salah alasan ibukota pindah,terimakasih warga dayak salah alas ibukota pindah,Negatif
@inboundandhot nah ini dia alasan pindah dr ibukota,nah ini dia alasan pindah dr ibukota,nah ini dia alasan pindah dr ibukota,nah ini dia alasan pindah dari ibukota,alasan pindah ibukota,alas pindah ibukota,Netral
@karfianda Macet &amp; polusi solusinya: Jalan tol baru ??Bongkar trotoar ??Mobil listrik ??Pindah ibukota ??Transportasi umum mah primitif bet dikira semua yg bayar pajak bisa menikmati apa,macet amp polusi solusinya jalan tol baru bongkar trotoar mobil listrik pindah ibukota transportasi umum mah primitif bet dikira semua yg bayar pajak bisa menikmati apa,macet amp polusi solusinya jalan tol baru bongkar trotoar mobil listrik pindah ibukota transportasi umum mah primitif bet dikira semua yg bayar pajak bisa menikmati apa,macet sampai polusi solusinya jalan tol baru bongkar trotoar mobil listrik pindah ibukota transportasi umum mah primitif sekali dikira semua yang bayar pajak bisa menikmati apa,macet polusi solusinya jalan tol bongkar trotoar mobil listrik pindah ibukota transportasi mah primitif bayar pajak menikmati,macet polusi solusi jalan tol bongkar trotoar mobil listrik pindah ibukota transportasi mah primitif bayar pajak nikmat,Negatif
solusi kalau macet itu kalau ga pindah ibukota ya ganti dari kendaraan biasa ke kendaraan listrik masa macet solusinya mengintegrasikan transportasi umum dan memberikan pejalan kaki akses buat jalan sih?,solusi kalau macet itu kalau ga pindah ibukota ya ganti dari kendaraan biasa ke kendaraan listrik masa macet solusinya mengintegrasikan transportasi umum dan memberikan pejalan kaki akses buat jalan sih,solusi kalau macet itu kalau ga pindah ibukota ya ganti dari kendaraan biasa ke kendaraan listrik masa macet solusinya mengintegrasikan transportasi umum dan memberikan pejalan kaki akses buat jalan sih,solusi kalau macet itu kalau tidak pindah ibukota ya ganti dari kendaraan biasa ke kendaraan listrik masa macet solusinya mengintegrasikan transportasi umum dan memberikan pejalan kaki akses buat jalan sih,solusi macet pindah ibukota ganti kendaraan kendaraan listrik macet solusinya mengintegrasikan transportasi pejalan kaki akses jalan,solusi macet pindah ibukota ganti kendara kendara listrik macet solusi integrasi transportasi pejal kaki akses jalan,Negatif
gmn sih ini kl macet ntu pindah ibukota solusinya,gmn sih ini kl macet ntu pindah ibukota solusinya,gmn sih ini kl macet ntu pindah ibukota solusinya,bagaimana sih ini kalau macet ntu pindah ibukota solusinya,macet ntu pindah ibukota solusinya,macet ntu pindah ibukota solusi,Negatif
Pada sekolah dimana sih ini para bule goblok bgt dah.. Solusinya tuh ya mobil listrik pindah ibukota jalan tol dalam kota.. Transum mah buat apa gabisa pamer kekayaan.. Masa kayak gini masih perlu diajarin sih belajar dong sama pemerintah Indonesia..,pada sekolah dimana sih ini para bule goblok bgt dah solusinya tuh ya mobil listrik pindah ibukota jalan tol dalam kota transum mah buat apa gabisa pamer kekayaan masa kayak gini masih perlu diajarin sih belajar dong sama pemerintah indonesia,pada sekolah dimana sih ini para bule goblok bgt dah solusinya tuh ya mobil listrik pindah ibukota jalan tol dalam kota transum mah buat apa gabisa pamer kekayaan masa kayak gini masih perlu diajarin sih belajar dong sama pemerintah indonesia,pada sekolah dimana sih ini para bule goblok sekali sudah solusinya itu ya mobil listrik pindah ibukota jalan tol dalam kota transum mah buat apa gabisa pamer kekayaan masa seperti gini masih perlu diajarin sih belajar dong sama pemerintah indonesia,sekolah dimana bule goblok solusinya mobil listrik pindah ibukota jalan tol kota transum mah gabisa pamer kekayaan gini diajarin belajar pemerintah indonesia,sekolah mana bule goblok solusi mobil listrik pindah ibukota jalan tol kota transum mah gabisa pamer kaya gin diajarin ajar perintah indonesia,Netral
@gorgeouslything huft buruan kek cepet pindah ibukota sudah kepadatan di jkt soalnyaa,huft buruan kek cepet pindah ibukota sudah kepadatan di jkt soalnyaa,huft buruan kek cepet pindah ibukota sudah kepadatan di jkt soalnyaa,huft buruan seperti cepat pindah ibukota sudah kepadatan di jakarta soalnyaa,huft buruan cepat pindah ibukota kepadatan jakarta soalnyaa,huft buru cepat pindah ibukota padat jakarta soalnyaa,Netral
@CNNIndonesia Koq tidak gubernur ikn saja... Kan ibukota sudah pindah ke sana.. Jakarta tidak perlu orang secerdas kak kaesang,koq tidak gubernur ikn saja kan ibukota sudah pindah ke sana jakarta tidak perlu orang secerdas kak kaesang,koq tidak gubernur ikn saja kan ibukota sudah pindah ke sana jakarta tidak perlu orang secerdas kak kaesang,koq tidak gubernur ikn saja kan ibukota sudah pindah ke sana jakarta tidak perlu orang secerdas kakak kaesang,koq gubernur ikn ibukota pindah jakarta orang secerdas kakak kaesang,koq gubernur ikn ibukota pindah jakarta orang cerdas kakak kaesang,Netral
@STresnowati1 @streetlawyers85 @aniesbaswedan Itu memang Jokowier goblok Ra. Apa mendesaknya ibukota pindah . Blm apa apa DPR menolak pindah . Nah elu elu saja Jokower saja yg pindah dan meramaikan IKN,itu memang jokowier goblok ra apa mendesaknya ibukota pindah blm apa apa dpr menolak pindah nah elu elu saja jokower saja yg pindah dan meramaikan ikn,itu memang jokowier goblok ra apa mendesaknya ibukota pindah blm apa apa dpr menolak pindah nah elu elu saja jokower saja yg pindah dan meramaikan ikn,itu memang jokowier goblok ra apa mendesaknya ibukota pindah belum apa apa dpr menolak pindah nah elu elu saja jokowi saja yang pindah dan meramaikan ikn,jokowier goblok ra mendesaknya ibukota pindah dpr menolak pindah elu elu jokowi pindah meramaikan ikn,jokowier goblok ra desak ibukota pindah dpr tolak pindah elu elu jokowi pindah ramai ikn,Negatif
ingin pindah ke ibukota part 1.,ingin pindah ke ibukota part,ingin pindah ke ibukota part,ingin pindah ke ibukota part,pindah ibukota part,pindah ibukota part,Netral
TIDAK ADA URGENSINYA PINDAH IBUKOTA NEGARA !!!! https://t.co/1sAMvPuFc4,tidak ada urgensinya pindah ibukota negara,tidak ada urgensinya pindah ibukota negara,tidak ada urgensinya pindah ibukota negara,urgensinya pindah ibukota negara,urgensi pindah ibukota negara,Netral
@tempodotco lawak banget nih anggota @DPR ..mereka yang buat dan mensahkan UU nya tapi mereka juga yang gak mau pindah ke ibukota baru..,lawak banget nih anggota mereka yang buat dan mensahkan uu nya tapi mereka juga yang gak mau pindah ke ibukota baru,lawak banget nih anggota mereka yang buat dan mensahkan uu nya tapi mereka juga yang gak mau pindah ke ibukota baru,lawak sekali ini anggota mereka yang buat dan mensahkan uu nya tapi mereka juga yang tidak mau pindah ke ibukota baru,lawak anggota mensahkan uu nya pindah ibukota,lawak anggota sah uu nya pindah ibukota,Netral
Nusantara Kalimantan Timur dipilih sebgai lokasi Ibukota Indonesia. Mengapa Kalimantan Timur dipilih dari sekian pulau dan wilayah Indonesia lainnya? Yuk kita simak ulasannya/ #IKN #ibukota #Nusantara https://t.co/7pQQVuF3dx,nusantara kalimantan timur dipilih sebgai lokasi ibukota indonesia mengapa kalimantan timur dipilih dari sekian pulau dan wilayah indonesia lainnya yuk kita simak ulasannya,nusantara kalimantan timur dipilih sebgai lokasi ibukota indonesia mengapa kalimantan timur dipilih dari sekian pulau dan wilayah indonesia lainnya yuk kita simak ulasannya,nusantara kalimantan timur dipilih sebgai lokasi ibukota indonesia mengapa kalimantan timur dipilih dari sekian pulau dan wilayah indonesia lainnya ayo kita simak ulasannya,nusantara kalimantan timur dipilih sebgai lokasi ibukota indonesia kalimantan timur dipilih sekian pulau wilayah indonesia ayo simak ulasannya,nusantara kalimantan timur pilih sebgai lokasi ibukota indonesia kalimantan timur pilih sekian pulau wilayah indonesia ayo simak ulas,Netral
@frycbw_ ibukota wes pindah ga jkt,ibukota wes pindah ga jkt,ibukota wes pindah ga jkt,ibukota wes pindah tidak jakarta,ibukota wes pindah jakarta,ibukota wes pindah jakarta,Netral
/lrt apa aku pindah saja ya nyari kerjaan di ibukota,lrt apa aku pindah saja ya nyari kerjaan di ibukota,lrt apa aku pindah saja ya nyari kerjaan di ibukota,lrt apa aku pindah saja ya nyari kerjaan di ibukota,lrt pindah nyari kerjaan ibukota,lrt pindah nyari kerja ibukota,Netral
salah satu urgensi Ibukota pindah ke Kalimantan di IKN krn P Kalimantan tdk terletak di area Ring of Fire. Jd ucapan Aleg fraksi PKS 2019-2024 bu AB gak paham situasi Megathrust di P Jawa @ronaaje ???????????? https://t.co/87ZXk0kgpV,salah satu urgensi ibukota pindah ke kalimantan di ikn krn p kalimantan tdk terletak di area ring of fire jd ucapan aleg fraksi pks bu ab gak paham situasi megathrust di p jawa,salah satu urgensi ibukota pindah ke kalimantan di ikn krn p kalimantan tdk terletak di area ring of fire jd ucapan aleg fraksi pks bu ab gak paham situasi megathrust di p jawa,salah satu urgensi ibukota pindah ke kalimantan di ikn karena p kalimantan tidak terletak di area ring of fire jadi ucapan aleg fraksi pks ibu ab tidak paham situasi megathrust di p jawa,salah urgensi ibukota pindah kalimantan ikn p kalimantan terletak area ring of fire ucapan aleg fraksi pks ab paham situasi megathrust p jawa,salah urgensi ibukota pindah kalimantan ikn p kalimantan letak area ring of fire ucap aleg fraksi pks ab paham situasi megathrust p jawa,Negatif
@tempodotco Kan mrk yg buat undang2 mereka juga yg nyetujuin IKN tapi kok ngk mau pindah tah. Apa baru tersadarkan kalau buat ibukota baru itu butuh waktu yg lama. Kalau pindah skrg jdi kek org susah karena infrastruktur blum memadai.,kan mrk yg buat undang mereka juga yg nyetujuin ikn tapi kok ngk mau pindah tah apa baru tersadarkan kalau buat ibukota baru itu butuh waktu yg lama kalau pindah skrg jdi kek org susah karena infrastruktur blum memadai,kan mrk yg buat undang mereka juga yg nyetujuin ikn tapi kok ngk mau pindah tah apa baru tersadarkan kalau buat ibukota baru itu butuh waktu yg lama kalau pindah skrg jdi kek org susah karena infrastruktur blum memadai,kan mrk yang buat undang mereka juga yang nyetujuin ikn tapi kok tidak mau pindah tah apa baru tersadarkan kalau buat ibukota baru itu butuh waktu yang lama kalau pindah sekarang jadi seperti orang susah karena infrastruktur blum memadai,mrk undang nyetujuin ikn pindah tah tersadarkan ibukota butuh pindah orang susah infrastruktur blum memadai,mrk undang nyetujuin ikn pindah tah sadar ibukota butuh pindah orang susah infrastruktur blum pada,Netral
Mungkin emang ibukota udah harus pindah macetnya diluar nurul sekarang,mungkin emang ibukota udah harus pindah macetnya diluar nurul sekarang,mungkin emang ibukota udah harus pindah macetnya diluar nurul sekarang,mungkin memang ibukota sudah harus pindah macetnya diluar nurul sekarang,ibukota pindah macetnya diluar nurul,ibukota pindah macet luar nurul,Netral
Melangkah ke Depan: Ibukota Baru Nusantara untuk Masa Depan #KinerjaJokowi #NKRIMembangun #MelajuIndonesiaMaju https://t.co/YwbQGlaJSo,melangkah ke depan ibukota baru nusantara untuk masa depan,melangkah ke depan ibukota baru nusantara untuk masa depan,melangkah ke depan ibukota baru nusantara untuk masa depan,melangkah ibukota nusantara,lang ibukota nusantara,Netral
Ibukota Baru Nusantara: Langkah Maju Indonesia #KinerjaJokowi #NKRIMembangun #MelajuIndonesiaMaju https://t.co/dfZmIKZlpM,ibukota baru nusantara langkah maju indonesia,ibukota baru nusantara langkah maju indonesia,ibukota baru nusantara langkah maju indonesia,ibukota nusantara langkah maju indonesia,ibukota nusantara langkah maju indonesia,Positif
Tanda Kebangkitan: Pemindahan Ibukota Nusantara #KinerjaJokowi #NKRIMembangun #MelajuIndonesiaMaju https://t.co/ZVDcuZhyIQ,tanda kebangkitan pemindahan ibukota nusantara,tanda kebangkitan pemindahan ibukota nusantara,tanda kebangkitan pemindahan ibukota nusantara,tanda kebangkitan pemindahan ibukota nusantara,tanda bangkit pindah ibukota nusantara,Netral
@tubirfess Dosenku ngebahas abis perkara Papua. Aku sih optimis ya apalagi setelah ibukota pindah ke Kalimantan aku yakin Papua akan lebih terpelihara. Ini masalah waktu dan edukasi. Mahasiswa Papua harus jadi garda terdepan untuk mengubah mindset sipil Papua agar mau lebih berkembang,dosenku ngebahas abis perkara papua aku sih optimis ya apalagi setelah ibukota pindah ke kalimantan aku yakin papua akan lebih terpelihara ini masalah waktu dan edukasi mahasiswa papua harus jadi garda terdepan untuk mengubah mindset sipil papua agar mau lebih berkembang,dosenku ngebahas abis perkara papua aku sih optimis ya apalagi setelah ibukota pindah ke kalimantan aku yakin papua akan lebih terpelihara ini masalah waktu dan edukasi mahasiswa papua harus jadi garda terdepan untuk mengubah mindset sipil papua agar mau lebih berkembang,dosenku ngebahas habis perkara papua aku sih optimis ya apalagi setelah ibukota pindah ke kalimantan aku yakin papua akan lebih terpelihara ini masalah waktu dan edukasi mahasiswa papua harus jadi garda terdepan untuk mengubah pikir sipil papua agar mau lebih berkembang,dosenku ngebahas habis perkara papua optimis ibukota pindah kalimantan papua terpelihara edukasi mahasiswa papua garda terdepan mengubah pikir sipil papua berkembang,dosen ngebahas habis perkara papua optimis ibukota pindah kalimantan papua pelihara edukasi mahasiswa papua garda depan ubah pikir sipil papua kembang,Positif
Nusantara: Menuju Bangsa Maju dengan Ibukota Baru #KinerjaJokowi #NKRIMembangun #MelajuIndonesiaMaju https://t.co/dM3erwGWF3,nusantara menuju bangsa maju dengan ibukota baru,nusantara menuju bangsa maju dengan ibukota baru,nusantara menuju bangsa maju dengan ibukota baru,nusantara bangsa maju ibukota,nusantara bangsa maju ibukota,Positif
Majunya Bangsa: Pemindahan Ibukota Nusantara #KinerjaJokowi #NKRIMembangun #MelajuIndonesiaMaju https://t.co/4CduwYsU1w,majunya bangsa pemindahan ibukota nusantara,majunya bangsa pemindahan ibukota nusantara,majunya bangsa pemindahan ibukota nusantara,majunya bangsa pemindahan ibukota nusantara,maju bangsa pindah ibukota nusantara,Positif
Pemindahan Ibukota: Tanda Majunya Bangsa Nusantara #KinerjaJokowi #NKRIMembangun #MelajuIndonesiaMaju https://t.co/lRsjrrPyEh,pemindahan ibukota tanda majunya bangsa nusantara,pemindahan ibukota tanda majunya bangsa nusantara,pemindahan ibukota tanda majunya bangsa nusantara,pemindahan ibukota tanda majunya bangsa nusantara,pindah ibukota tanda maju bangsa nusantara,Positif
Transformasi Bangsa: Pemindahan Ibukota Nusantara #KinerjaJokowi #NKRIMembangun #MelajuIndonesiaMaju https://t.co/DRUppMQcuy,transformasi bangsa pemindahan ibukota nusantara,transformasi bangsa pemindahan ibukota nusantara,transformasi bangsa pemindahan ibukota nusantara,transformasi bangsa pemindahan ibukota nusantara,transformasi bangsa pindah ibukota nusantara,Netral
@ballambinlove @OposisiCerdas Sbnrnya pindah IKn yg logis it ke parung ato bogor banyak lahan dan msh dkt ibukota lama,sbnrnya pindah ikn yg logis it ke parung ato bogor banyak lahan dan msh dkt ibukota lama,sbnrnya pindah ikn yg logis it ke parung ato bogor banyak lahan dan msh dkt ibukota lama,sebenarnya pindah ikn yang logis it ke parung atau bogor banyak lahan dan masih dkt ibukota lama,pindah ikn logis it parung bogor lahan dkt ibukota,pindah ikn logis it parung bogor lahan dkt ibukota,Netral
@uibaseNG Jgn bilang ni tweet dari masa depan ketika kampus pindah ke ibukota negara,jgn bilang ni tweet dari masa depan ketika kampus pindah ke ibukota negara,jgn bilang ni tweet dari masa depan ketika kampus pindah ke ibukota negara,jangan bilang ini tweet dari masa depan ketika kampus pindah ke ibukota negara,bilang tweet kampus pindah ibukota negara,bilang tweet kampus pindah ibukota negara,Netral
@ondemnda @Amaliasoebardi Mungkin ibukota syndrome udah merasa yg paling wow aja waktu itu juga disaranin pindah ke klinik dekannya aja Huhuhu amiiiin man semoga bisa selalu sabar menghadapi klien2 berbagai rupa,mungkin ibukota syndrome udah merasa yg paling wow aja waktu itu juga disaranin pindah ke klinik dekannya aja huhuhu amiiiin man semoga bisa selalu sabar menghadapi klien berbagai rupa,mungkin ibukota syndrome udah merasa yg paling wow aja waktu itu juga disaranin pindah ke klinik dekannya aja huhuhu amiiiin man semoga bisa selalu sabar menghadapi klien berbagai rupa,mungkin ibukota syndrome sudah merasa yang paling wow saja waktu itu juga disaranin pindah ke klinik dekannya saja huhuhu amiiiin man semoga bisa selalu sabar menghadapi klien berbagai rupa,ibukota syndrome wow disaranin pindah klinik dekannya huhuhu amiiiin man semoga sabar menghadapi klien rupa,ibukota syndrome wow disaranin pindah klinik dekan huhuhu amiiiin man moga sabar hadap klien rupa,Positif
@tanyarlfes Bukannya jakarta dah jadi kabupaten ya? Ops mohon maaf nih ibukota kan idah pindah ke nusantara,bukannya jakarta dah jadi kabupaten ya ops mohon maaf nih ibukota kan idah pindah ke nusantara,bukannya jakarta dah jadi kabupaten ya ops mohon maaf nih ibukota kan idah pindah ke nusantara,bukannya jakarta sudah jadi kabupaten ya ops mohon maaf ini ibukota kan idah pindah ke nusantara,jakarta kabupaten ops mohon maaf ibukota idah pindah nusantara,jakarta kabupaten ops mohon maaf ibukota idah pindah nusantara,Netral
Program Prabowo-Gibran yang Paling Banyak Disetujui Masyarakat (survei: LSI 1-15 Maret 2024) 1. Digitalisasi Pemerintahan (92 4%) 2. Hilirisasi (87 9%) 3. Makan Siang &amp; Susu Gratis (80 1%) 4. Pindah Ibukota ke IKN (68 4%) Kalian paling setuju program yg mana? #PrabowoGibran,program prabowogibran yang paling banyak disetujui masyarakat survei lsi maret digitalisasi pemerintahan hilirisasi makan siang amp susu gratis pindah ibukota ke ikn kalian paling setuju program yg mana,program prabowogibran yang paling banyak disetujui masyarakat survei lsi maret digitalisasi pemerintahan hilirisasi makan siang amp susu gratis pindah ibukota ke ikn kalian paling setuju program yg mana,program prabowogibran yang paling banyak disetujui masyarakat survei lsi maret digitalisasi pemerintahan hilirisasi makan siang sampai susu gratis pindah ibukota ke ikn kalian paling setuju program yang mana,program disetujui masyarakat survei lsi maret digitalisasi pemerintahan hilirisasi makan siang susu gratis pindah ibukota ikn setuju program,program tuju masyarakat survei lsi maret digitalisasi perintah hilir makan siang susu gratis pindah ibukota ikn tuju program,Positif
@tanyarlfes Pas ke Jakarta kemarin malah teman-teman yang tinggal di Jakarta saling ledek 'anak kabupaten' karena ibukota bakal pindah ke IKN wkwkw..sadar diri..,pas ke jakarta kemarin malah temanteman yang tinggal di jakarta saling ledek anak kabupaten karena ibukota bakal pindah ke ikn wkwkwsadar diri,pas ke jakarta kemarin malah temanteman yang tinggal di jakarta saling ledek anak kabupaten karena ibukota bakal pindah ke ikn wkwkwsadar diri,pas ke jakarta kemarin malah temanteman yang tinggal di jakarta saling ledek anak kabupaten karena ibukota akan pindah ke ikn wkwkwsadar diri,pas jakarta kemarin temanteman tinggal jakarta ledek anak kabupaten ibukota pindah ikn wkwkwsadar,pas jakarta kemarin temanteman tinggal jakarta ledek anak kabupaten ibukota pindah ikn wkwkwsadar,Netral
Meneropong Asa di Ibukota Nusantara Menanti Hadirnya Gen W (Waskita) Indonesia 2045 https://t.co/Ozu85bXYs1,meneropong asa di ibukota nusantara menanti hadirnya gen w waskita indonesia,meneropong asa di ibukota nusantara menanti hadirnya gen w waskita indonesia,meneropong asa di ibukota nusantara menanti hadirnya gen aku waskita indonesia,meneropong asa ibukota nusantara hadirnya gen waskita indonesia,teropong asa ibukota nusantara hadir gen waskita indonesia,Netral
@masaryaduta IKN ...Ibukota Nusantara ...bukan Ibukota RI ya bang ???,ikn ibukota nusantara bukan ibukota ri ya bang,ikn ibukota nusantara bukan ibukota ri ya bang,ikn ibukota nusantara bukan ibukota ri ya kakak,ikn ibukota nusantara ibukota ri kakak,ikn ibukota nusantara ibukota ri kakak,Netral
@bengkeldodo paling akan jadi kota mati seperti negara2 lain yang pindah Ibukota malah sepi bak kuburan,paling akan jadi kota mati seperti negara lain yang pindah ibukota malah sepi bak kuburan,paling akan jadi kota mati seperti negara lain yang pindah ibukota malah sepi bak kuburan,paling akan jadi kota mati seperti negara lain yang pindah ibukota malah sepi bak kuburan,kota mati negara pindah ibukota sepi bak kuburan,kota mati negara pindah ibukota sepi bak kubur,Netral
ngarepin lafiye restock nunggu ibukota pindah ke ikn kayanya,ngarepin lafiye restock nunggu ibukota pindah ke ikn kayanya,ngarepin lafiye restock nunggu ibukota pindah ke ikn kayanya,ngarepin lafiye restock nunggu ibukota pindah ke ikn seperti,ngarepin lafiye restock nunggu ibukota pindah ikn,ngarepin lafiye restock nunggu ibukota pindah ikn,Netral
@AdresSnae65124 @lagosss12 @AsmarNurilQolbi @ScariestProject Jawa sentris? Anjay wkwk dangkal banget sekarang ibu kota dipindah ke Kalimantan biar sekarang gantian pulau Kalimantan Sm daerah timur yang di bangun..lagian ya orang Jokowi pindah ibukota aja bnyk yg protes,jawa sentris anjay wkwk dangkal banget sekarang ibu kota dipindah ke kalimantan biar sekarang gantian pulau kalimantan sm daerah timur yang di bangunlagian ya orang jokowi pindah ibukota aja bnyk yg protes,jawa sentris anjay wkwk dangkal banget sekarang ibu kota dipindah ke kalimantan biar sekarang gantian pulau kalimantan sm daerah timur yang di bangunlagian ya orang jokowi pindah ibukota aja bnyk yg protes,jawa sentris anjay wkwk dangkal sekali sekarang ibu kota dipindah ke kalimantan biar sekarang gantian pulau kalimantan sama daerah timur yang di bangunlagian ya orang jokowi pindah ibukota saja banyak yang protes,jawa sentris anjay dangkal kota dipindah kalimantan biar gantian pulau kalimantan daerah timur bangunlagian orang jokowi pindah ibukota protes,jawa sentris anjay dangkal kota pindah kalimantan biar ganti pulau kalimantan daerah timur bangunlagian orang jokowi pindah ibukota protes,Netral
@kurniawan_ari92 Ibukota ngendi lho wong ibukota wes pindah hemmmm,ibukota ngendi lho wong ibukota wes pindah hemmmm,ibukota ngendi lho wong ibukota wes pindah hemmmm,ibukota ngendi lho wong ibukota wes pindah hemmmm,ibukota ngendi ibukota wes pindah hemmmm,ibukota ngendi ibukota wes pindah hemmmm,Netral
@RomitsuT Banjirnya dibiarin supaya ada alasan pindah ibukota hehehe,banjirnya dibiarin supaya ada alasan pindah ibukota hehehe,banjirnya dibiarin supaya ada alasan pindah ibukota hehehe,banjirnya dibiarin supaya ada alasan pindah ibukota hehehe,banjirnya dibiarin alasan pindah ibukota hehehe,banjir dibiarin alas pindah ibukota hehehe,Netral
@tempodotco Ibukota pindah kok daerah2 sipit mau di strategiskan?,ibukota pindah kok daerah sipit mau di strategiskan,ibukota pindah kok daerah sipit mau di strategiskan,ibukota pindah kok daerah sipit mau di strategiskan,ibukota pindah daerah sipit strategiskan,ibukota pindah daerah sipit strategis,Netral
@sadnguine udh saatnya ledom trglk pindah ke ibukota ga si,udh saatnya ledom trglk pindah ke ibukota ga si,udh saatnya ledom trglk pindah ke ibukota ga si,sudah saatnya ledom trglk pindah ke ibukota tidak si,ledom trglk pindah ibukota si,ledom trglk pindah ibukota si,Netral
@NarasiNewsroom Ibukota segera pindah aja biar Jakarta tidak terlalu padat dan bisa ditata ulang,ibukota segera pindah aja biar jakarta tidak terlalu padat dan bisa ditata ulang,ibukota segera pindah aja biar jakarta tidak terlalu padat dan bisa ditata ulang,ibukota segera pindah saja biar jakarta tidak terlalu padat dan bisa ditata ulang,ibukota pindah biar jakarta padat ditata ulang,ibukota pindah biar jakarta padat tata ulang,Netral
@rus_gho @RomitsuT Ya iyalah bro biar makin yakin rakyat buat pindah IKN jadi ibukota Jakarta dibikin gk betah orang tinggal disana,ya iyalah bro biar makin yakin rakyat buat pindah ikn jadi ibukota jakarta dibikin gk betah orang tinggal disana,ya iyalah bro biar makin yakin rakyat buat pindah ikn jadi ibukota jakarta dibikin gk betah orang tinggal disana,ya iyalah bro biar makin yakin rakyat buat pindah ikn jadi ibukota jakarta dibikin tidak betah orang tinggal disana,iyalah bro biar rakyat pindah ikn ibukota jakarta dibikin betah orang tinggal disana,iya bro biar rakyat pindah ikn ibukota jakarta bikin betah orang tinggal sana,Netral
@MasBRO_back Si anu menutup sumur resapan dan si situ jadikan alasan pindah ibukota si situ ndak tahu kalau disana banjir juga,si anu menutup sumur resapan dan si situ jadikan alasan pindah ibukota si situ ndak tahu kalau disana banjir juga,si anu menutup sumur resapan dan si situ jadikan alasan pindah ibukota si situ ndak tahu kalau disana banjir juga,si anu menutup sumur resapan dan si situ jadikan alasan pindah ibukota si situ ndak tahu kalau disana banjir juga,si anu menutup sumur resapan si situ jadikan alasan pindah ibukota si situ ndak disana banjir,si anu tutup sumur resap si situ jadi alas pindah ibukota si situ ndak sana banjir,Netral
Ada ya orang secakep Indira anggota sanggar tari ibukota (yang katanya bakal jadi mantan ibukota soalnya ibukotanya pindah),ada ya orang secakep indira anggota sanggar tari ibukota yang katanya bakal jadi mantan ibukota soalnya ibukotanya pindah,ada ya orang secakep indira anggota sanggar tari ibukota yang katanya bakal jadi mantan ibukota soalnya ibukotanya pindah,ada ya orang secakep indira anggota sanggar tari ibukota yang katanya akan jadi mantan ibukota soalnya ibukotanya pindah,orang secakep indira anggota sanggar tari ibukota mantan ibukota ibukotanya pindah,orang cakep indira anggota sanggar tari ibukota mantan ibukota ibukotanya pindah,Netral
@H4T14K4LN4L42 @jokowi @psi_id Jakarta sengaja dibiarkan dikepung banjir. Agenda memuluskan pindah Ibukota ke Kaltim..!! Ya gak sih??,jakarta sengaja dibiarkan dikepung banjir agenda memuluskan pindah ibukota ke kaltim ya gak sih,jakarta sengaja dibiarkan dikepung banjir agenda memuluskan pindah ibukota ke kaltim ya gak sih,jakarta sengaja dibiarkan dikepung banjir agenda memuluskan pindah ibukota ke kaltim ya tidak sih,jakarta sengaja dibiarkan dikepung banjir agenda memuluskan pindah ibukota kaltim,jakarta sengaja biar kepung banjir agenda mulus pindah ibukota kaltim,Netral
@eshwalamoly Ibukota nya udh pindah ka,ibukota nya udh pindah ka,ibukota nya udh pindah ka,ibukota nya sudah pindah kakak,ibukota nya pindah kakak,ibukota nya pindah kakak,Netral
@m1n4_95 Sukses menjalankan misi dari Mukidi membanjirkan Jakarta dengan begitu pindah Ibukota Negara menjadi niscaya di Juli 2024 ini,sukses menjalankan misi dari mukidi membanjirkan jakarta dengan begitu pindah ibukota negara menjadi niscaya di juli ini,sukses menjalankan misi dari mukidi membanjirkan jakarta dengan begitu pindah ibukota negara menjadi niscaya di juli ini,sukses menjalankan misi dari mukidi membanjirkan jakarta dengan begitu pindah ibukota negara menjadi niscaya di juli ini,sukses menjalankan misi mukidi membanjirkan jakarta pindah ibukota negara niscaya juli,sukses jalan misi mukidi banjir jakarta pindah ibukota negara niscaya juli,Positif
@atsarisursula Nggk ada duit klo ada duit ak pengenny pindah ke ibukota apalagi masalah corong masjid yg gak ada perubahan,nggk ada duit klo ada duit ak pengenny pindah ke ibukota apalagi masalah corong masjid yg gak ada perubahan,nggk ada duit klo ada duit ak pengenny pindah ke ibukota apalagi masalah corong masjid yg gak ada perubahan,tidak ada uang kalau ada uang aku pengenny pindah ke ibukota apalagi masalah corong masjid yang tidak ada perubahan,uang uang pengenny pindah ibukota corong masjid perubahan,uang uang pengenny pindah ibukota corong masjid ubah,Negatif
@MasBRO_back sbnrnya Heru itu tinggal ngikut kbijakan Anies aja kok jgn2 mang benar spekulasi sengaja dibiarkan utk justifikasi pindah ibukota lebih ?epat.,sbnrnya heru itu tinggal ngikut kbijakan anies aja kok jgn mang benar spekulasi sengaja dibiarkan utk justifikasi pindah ibukota lebih epat,sbnrnya heru itu tinggal ngikut kbijakan anies aja kok jgn mang benar spekulasi sengaja dibiarkan utk justifikasi pindah ibukota lebih epat,sebenarnya heru itu tinggal ngikut kebijakan anies saja kok jangan mang benar spekulasi sengaja dibiarkan untuk justifikasi pindah ibukota lebih epat,heru tinggal ngikut kebijakan mang spekulasi sengaja dibiarkan justifikasi pindah ibukota epat,heru tinggal ngikut bijak mang spekulasi sengaja biar justifikasi pindah ibukota epat,Netral
@BANGSAygSUJUD Targetnya perpindahan Ibukota Negara dan secara otomatis rakyat menyebut nama Nusantara,targetnya perpindahan ibukota negara dan secara otomatis rakyat menyebut nama nusantara,targetnya perpindahan ibukota negara dan secara otomatis rakyat menyebut nama nusantara,targetnya perpindahan ibukota negara dan secara otomatis rakyat menyebut nama nusantara,targetnya perpindahan ibukota negara otomatis rakyat menyebut nama nusantara,target pindah ibukota negara otomatis rakyat sebut nama nusantara,Netral
abis twit ini nanti ada yg bikin justifikasi itu kenapa ibukota pindah ke IKN hehe,abis twit ini nanti ada yg bikin justifikasi itu kenapa ibukota pindah ke ikn hehe,abis twit ini nanti ada yg bikin justifikasi itu kenapa ibukota pindah ke ikn hehe,habis twitter ini nanti ada yang bikin justifikasi itu kenapa ibukota pindah ke ikn hehe,habis twitter bikin justifikasi ibukota pindah ikn hehe,habis twitter bikin justifikasi ibukota pindah ikn hehe,Netral
@rizkyrpg @Abbasseu_ Inget gaes Ibukota udah Pindah. Event di Jakarta sekarang selayaknya event kabupaten di daerah lainnya.,inget gaes ibukota udah pindah event di jakarta sekarang selayaknya event kabupaten di daerah lainnya,inget gaes ibukota udah pindah event di jakarta sekarang selayaknya event kabupaten di daerah lainnya,ingat teman ibukota sudah pindah acara di jakarta sekarang selayaknya acara kabupaten di daerah lainnya,teman ibukota pindah acara jakarta selayaknya acara kabupaten daerah,teman ibukota pindah acara jakarta layak acara kabupaten daerah,Netral
@zainalmusyaffak @alekda @bungalotus25 @Dragonking_03 @Dargomb33306384 @AntonKu08408962 @_riverheaven @andecawakanda54 @andrikosasih09 @ArdiKuncoro_ @aria_fitria @BiruScooter @Kenzu_001 Awal y aku setuju pindah ibukota n masih setuju sampe skrg cuma ada agenda terselubung dlm aglomerasi jkt buat aku gk bisa terima n klo bisa tunda aja.,awal y aku setuju pindah ibukota n masih setuju sampe skrg cuma ada agenda terselubung dlm aglomerasi jkt buat aku gk bisa terima n klo bisa tunda aja,awal y aku setuju pindah ibukota n masih setuju sampe skrg cuma ada agenda terselubung dlm aglomerasi jkt buat aku gk bisa terima n klo bisa tunda aja,awal iya aku setuju pindah ibukota n masih setuju sampai sekarang hanya ada agenda terselubung dalam aglomerasi jakarta buat aku tidak bisa terima n kalau bisa tunda saja,iya setuju pindah ibukota n setuju agenda terselubung aglomerasi jakarta terima n tunda,iya tuju pindah ibukota n tuju agenda selubung aglomerasi jakarta terima n tunda,Positif
Alasan Ibukota RI Pindah ke IKN Presiden AS: Jakarta Akan Tenggelam https://t.co/JiJH4yX6if,alasan ibukota ri pindah ke ikn presiden as jakarta akan tenggelam,alasan ibukota ri pindah ke ikn presiden as jakarta akan tenggelam,alasan ibukota ri pindah ke ikn presiden sebagai jakarta akan tenggelam,alasan ibukota ri pindah ikn presiden jakarta tenggelam,alas ibukota ri pindah ikn presiden jakarta tenggelam,Netral
-akhirnya banyak org dr berbagai daerah d Westeros pindah ke Kingslanding dg anggapan bisa mencari peruntungan nasib di ibukota kerajaan yg baru ini namun syg nya pendatang membludak dan Kingslanding Gak punya perencanaan tata kota sehingga kota nya ruwet &amp; kotor -,akhirnya banyak org dr berbagai daerah d westeros pindah ke kingslanding dg anggapan bisa mencari peruntungan nasib di ibukota kerajaan yg baru ini namun syg nya pendatang membludak dan kingslanding gak punya perencanaan tata kota sehingga kota nya ruwet amp kotor,akhirnya banyak org dr berbagai daerah d westeros pindah ke kingslanding dg anggapan bisa mencari peruntungan nasib di ibukota kerajaan yg baru ini namun syg nya pendatang membludak dan kingslanding gak punya perencanaan tata kota sehingga kota nya ruwet amp kotor,akhirnya banyak orang dari berbagai daerah di westeros pindah ke kingslanding dengan anggapan bisa mencari peruntungan nasib di ibukota kerajaan yang baru ini namun sayang nya pendatang membludak dan kingslanding tidak punya perencanaan tata kota sehingga kota nya ruwet sampai kotor,orang daerah westeros pindah kingslanding anggapan mencari peruntungan nasib ibukota kerajaan sayang nya pendatang membludak kingslanding perencanaan tata kota kota nya ruwet kotor,orang daerah westeros pindah kingslanding anggap cari untung nasib ibukota raja sayang nya datang membludak kingslanding rencana tata kota kota nya ruwet kotor,Negatif
Banjir jakarta akan lebih mudah di atasi jika saya jadi Presiden. Banjirnya gak teratasi jembatannya masih rusak yang janji sudah pengin pindah ke ibukota baru. Mbelgedez!! https://t.co/rWNaNWYHhK,banjir jakarta akan lebih mudah di atasi jika saya jadi presiden banjirnya gak teratasi jembatannya masih rusak yang janji sudah pengin pindah ke ibukota baru mbelgedez,banjir jakarta akan lebih mudah di atasi jika saya jadi presiden banjirnya gak teratasi jembatannya masih rusak yang janji sudah pengin pindah ke ibukota baru mbelgedez,banjir jakarta akan lebih mudah di atasi jika aku jadi presiden banjirnya tidak teratasi jembatannya masih rusak yang janji sudah ingin pindah ke ibukota baru mbelgedez,banjir jakarta mudah atasi presiden banjirnya teratasi jembatannya rusak janji pindah ibukota mbelgedez,banjir jakarta mudah atas presiden banjir atas jembatan rusak janji pindah ibukota mbelgedez,Negatif
@dollefte pindah ibukota sini,pindah ibukota sini,pindah ibukota sini,pindah ibukota sini,pindah ibukota,pindah ibukota,Netral
@H4T14K4LN4L42 @psi_id @jokowi @PDI_Perjuangan Gubbsekarang sukses membuktikan jakarta tdk layak tinggal dan ibukota harus pindah ke ikn sesuai pesanan,gubbsekarang sukses membuktikan jakarta tdk layak tinggal dan ibukota harus pindah ke ikn sesuai pesanan,gubbsekarang sukses membuktikan jakarta tdk layak tinggal dan ibukota harus pindah ke ikn sesuai pesanan,gubbsekarang sukses membuktikan jakarta tidak layak tinggal dan ibukota harus pindah ke ikn sesuai pesanan,gubbsekarang sukses membuktikan jakarta layak tinggal ibukota pindah ikn sesuai pesanan,gubbsekarang sukses bukti jakarta layak tinggal ibukota pindah ikn sesuai pesan,Positif
@kompascom Setuju klau Grace di Jakarta utk beri warna berbeda kan ibukota pindah jadi beban dki sdh tdk seperti dulu lagi,setuju klau grace di jakarta utk beri warna berbeda kan ibukota pindah jadi beban dki sdh tdk seperti dulu lagi,setuju klau grace di jakarta utk beri warna berbeda kan ibukota pindah jadi beban dki sdh tdk seperti dulu lagi,setuju kalau grace di jakarta untuk beri warna berbeda kan ibukota pindah jadi beban dki sudah tidak seperti dulu lagi,setuju grace jakarta warna berbeda ibukota pindah beban dki,tuju grace jakarta warna beda ibukota pindah beban dki,Netral
Menhan Prabowo Lihat Ibukota Nusantara Jadi Ikon Indonesia Maju Melanjut... https://t.co/QnkZOWhlnd via @YouTube,menhan prabowo lihat ibukota nusantara jadi ikon indonesia maju melanjut via,menhan prabowo lihat ibukota nusantara jadi ikon indonesia maju melanjut via,menhan prabowo lihat ibukota nusantara jadi ikon indonesia maju melanjut via,menhan lihat ibukota nusantara ikon indonesia maju melanjut via,menhan lihat ibukota nusantara ikon indonesia maju lanjut via,Positif
@Orte234 @21_mozza Bukan akibat reklamasi tetapi akibat tanah yg turun akibat pengambilan air tanah. Kurangi penduduk Jakarta agar pengambilan air tanah berkurang. Pindah ibukota salah satu solusinya selain pembuatan Giant Sea Wall melalui pendanaan pihak swasta (reklamasi).,bukan akibat reklamasi tetapi akibat tanah yg turun akibat pengambilan air tanah kurangi penduduk jakarta agar pengambilan air tanah berkurang pindah ibukota salah satu solusinya selain pembuatan giant sea wall melalui pendanaan pihak swasta reklamasi,bukan akibat reklamasi tetapi akibat tanah yg turun akibat pengambilan air tanah kurangi penduduk jakarta agar pengambilan air tanah berkurang pindah ibukota salah satu solusinya selain pembuatan giant sea wall melalui pendanaan pihak swasta reklamasi,bukan akibat reklamasi tetapi akibat tanah yang turun akibat pengambilan air tanah kurangi penduduk jakarta agar pengambilan air tanah berkurang pindah ibukota salah satu solusinya selain pembuatan giant sea wall melalui pendanaan pihak swasta reklamasi,akibat reklamasi akibat tanah turun akibat pengambilan air tanah kurangi penduduk jakarta pengambilan air tanah berkurang pindah ibukota salah solusinya pembuatan giant sea wall pendanaan swasta reklamasi,akibat reklamasi akibat tanah turun akibat ambil air tanah kurang duduk jakarta ambil air tanah kurang pindah ibukota salah solusi buat giant sea wall dana swasta reklamasi,Negatif
@Ipaahu @21_mozza Maka itu penduduk Jakarta harus dikurangi agar pengambilan air tanah berkurang. Selama menjadi ibukota semakin banyak yg datang dan semakin cepat tanah Jakarta turun. Solusinya pindah ibukota agar laju penduduk Jakarta berkurang!,maka itu penduduk jakarta harus dikurangi agar pengambilan air tanah berkurang selama menjadi ibukota semakin banyak yg datang dan semakin cepat tanah jakarta turun solusinya pindah ibukota agar laju penduduk jakarta berkurang,maka itu penduduk jakarta harus dikurangi agar pengambilan air tanah berkurang selama menjadi ibukota semakin banyak yg datang dan semakin cepat tanah jakarta turun solusinya pindah ibukota agar laju penduduk jakarta berkurang,maka itu penduduk jakarta harus dikurangi agar pengambilan air tanah berkurang selama menjadi ibukota semakin banyak yang datang dan semakin cepat tanah jakarta turun solusinya pindah ibukota agar laju penduduk jakarta berkurang,penduduk jakarta dikurangi pengambilan air tanah berkurang ibukota cepat tanah jakarta turun solusinya pindah ibukota laju penduduk jakarta berkurang,duduk jakarta rang ambil air tanah kurang ibukota cepat tanah jakarta turun solusi pindah ibukota laju duduk jakarta kurang,Netral
@21_mozza @SimbahPutri1 Maka itu pindah ibukota. Kalau Jakarta masih menjadi ibukota maka semakin cepat tenggelam. Jadi bagi yg tidak setuju IKN artinya makin mempercepat tenggelam kota Jakarta!,maka itu pindah ibukota kalau jakarta masih menjadi ibukota maka semakin cepat tenggelam jadi bagi yg tidak setuju ikn artinya makin mempercepat tenggelam kota jakarta,maka itu pindah ibukota kalau jakarta masih menjadi ibukota maka semakin cepat tenggelam jadi bagi yg tidak setuju ikn artinya makin mempercepat tenggelam kota jakarta,maka itu pindah ibukota kalau jakarta masih menjadi ibukota maka semakin cepat tenggelam jadi bagi yang tidak setuju ikn artinya makin mempercepat tenggelam kota jakarta,pindah ibukota jakarta ibukota cepat tenggelam setuju ikn mempercepat tenggelam kota jakarta,pindah ibukota jakarta ibukota cepat tenggelam tuju ikn cepat tenggelam kota jakarta,Positif
orang ibukota di kosan napa dah ngomongnya kaya orang jepang. pasti di akhir kalimat ada akhiran cuman bukan -des atau -mas tapi NGENTOT KONTOL. ex: lu laper? baru tadi makan kontol ih ribet banget nih anak anjing ngentot mana teriak teriak pula. Fix pindah lagi,orang ibukota di kosan napa dah ngomongnya kaya orang jepang pasti di akhir kalimat ada akhiran cuman bukan des atau mas tapi ngentot kontol ex lu laper baru tadi makan kontol ih ribet banget nih anak anjing ngentot mana teriak teriak pula fix pindah lagi,orang ibukota di kosan napa dah ngomongnya kaya orang jepang pasti di akhir kalimat ada akhiran cuman bukan des atau mas tapi ngentot kontol ex lu laper baru tadi makan kontol ih ribet banget nih anak anjing ngentot mana teriak teriak pula fix pindah lagi,orang ibukota di kosan napa sudah ngomongnya seperti orang jepang pasti di akhir kalimat ada akhiran hanya bukan des atau kakak tapi ngentot kontol ex lu laper baru tadi makan kontol ih ribet sekali ini anak anjing ngentot mana teriak teriak pula tetap pindah lagi,orang ibukota kosan napa ngomongnya orang jepang kalimat akhiran des kakak ngentot kontol ex lu laper makan kontol ih ribet anak anjing ngentot teriak teriak pindah,orang ibukota kosan napa ngomongnya orang jepang kalimat akhir des kakak ngentot kontol ex lu laper makan kontol ih ribet anak anjing ngentot teriak teriak pindah,Netral
@oppahade_ Biar ada alasan yang kuat untuk pindah ibukota,biar ada alasan yang kuat untuk pindah ibukota,biar ada alasan yang kuat untuk pindah ibukota,biar ada alasan yang kuat untuk pindah ibukota,biar alasan kuat pindah ibukota,biar alas kuat pindah ibukota,Netral
@twit_farid @bread_selling Betul pengen cepet? liat mrk pindah ibukota,betul pengen cepet liat mrk pindah ibukota,betul pengen cepet liat mrk pindah ibukota,betul ingin cepat lihat mrk pindah ibukota,cepat lihat mrk pindah ibukota,cepat lihat mrk pindah ibukota,Netral
@GusmarniIra emang jdi pindah ke Kaltim kah ibukota negarasalam dri Ex-patriat disertation,emang jdi pindah ke kaltim kah ibukota negarasalam dri expatriat disertation,emang jdi pindah ke kaltim kah ibukota negarasalam dri expatriat disertation,memang jadi pindah ke kaltim kah ibukota negarasalam dari expatriat disertation,pindah kaltim kah ibukota negarasalam expatriat disertation,pindah kaltim kah ibukota negarasalam expatriat disertation,Netral
@ifah_63 @fachruzian @VIVAcoid IKN atau pindah ibukota negara itu cita2 yg sudah ada sejak era Soekarno yg waktu itu ingin pindahkan ibukota Indonesia dari Jakarta ke Palangkaraya termasuk pemindahan ke Jonggol dan cita2 era presiden setelahnya yg belum terlaksana tapi di era Jokowi akhirnya bisa terlaksana,ikn atau pindah ibukota negara itu cita yg sudah ada sejak era soekarno yg waktu itu ingin pindahkan ibukota indonesia dari jakarta ke palangkaraya termasuk pemindahan ke jonggol dan cita era presiden setelahnya yg belum terlaksana tapi di era jokowi akhirnya bisa terlaksana,ikn atau pindah ibukota negara itu cita yg sudah ada sejak era soekarno yg waktu itu ingin pindahkan ibukota indonesia dari jakarta ke palangkaraya termasuk pemindahan ke jonggol dan cita era presiden setelahnya yg belum terlaksana tapi di era jokowi akhirnya bisa terlaksana,ikn atau pindah ibukota negara itu cita yang sudah ada sejak era soekarno yang waktu itu ingin pindahkan ibukota indonesia dari jakarta ke palangkaraya termasuk pemindahan ke jonggol dan cita era presiden setelahnya yang belum terlaksana tapi di era jokowi akhirnya bisa terlaksana,ikn pindah ibukota negara cita era soekarno pindahkan ibukota indonesia jakarta palangkaraya pemindahan jonggol cita era presiden setelahnya terlaksana era jokowi terlaksana,ikn pindah ibukota negara cita era soekarno pindah ibukota indonesia jakarta palangkaraya pindah jonggol cita era presiden telah laksana era jokowi laksana,Netral
@beertolt sini pindah ibukota ___,sini pindah ibukota,sini pindah ibukota,sini pindah ibukota,pindah ibukota,pindah ibukota,Netral
@ruliemaulana Pindah sebagian pegawai saja bahkan sejak Juli. (Untuk selamatkan muka Jokowi). UU mengamanahkan banyak lembaga harus di ibukota. Kalau nggak salah termasuk DPR.,pindah sebagian pegawai saja bahkan sejak juli untuk selamatkan muka jokowi uu mengamanahkan banyak lembaga harus di ibukota kalau nggak salah termasuk dpr,pindah sebagian pegawai saja bahkan sejak juli untuk selamatkan muka jokowi uu mengamanahkan banyak lembaga harus di ibukota kalau nggak salah termasuk dpr,pindah sebagian pegawai saja bahkan sejak juli untuk selamatkan muka jokowi uu mengamanahkan banyak lembaga harus di ibukota kalau tidak salah termasuk dpr,pindah pegawai juli selamatkan muka jokowi uu mengamanahkan lembaga ibukota salah dpr,pindah pegawai juli selamat muka jokowi uu amanah lembaga ibukota salah dpr,Negatif
@ruliemaulana Belum bang. UU bilang resmi pindah setelah ada kepres. Banyak lembaga yang WAJIB di ibukota. Misal MA MK KPK BPK DPR dan mungkin mabes polri/TNI. Makanya itu kepres mungkin baru muncul 10 tahun lagi. Kecuali ada perpu yang bilang semua lembaga boleh berkedudukan di jakarta.,belum bang uu bilang resmi pindah setelah ada kepres banyak lembaga yang wajib di ibukota misal ma mk kpk bpk dpr dan mungkin mabes polritni makanya itu kepres mungkin baru muncul tahun lagi kecuali ada perpu yang bilang semua lembaga boleh berkedudukan di jakarta,belum bang uu bilang resmi pindah setelah ada kepres banyak lembaga yang wajib di ibukota misal ma mk kpk bpk dpr dan mungkin mabes polritni makanya itu kepres mungkin baru muncul tahun lagi kecuali ada perpu yang bilang semua lembaga boleh berkedudukan di jakarta,belum kakak uu bilang resmi pindah setelah ada kepres banyak lembaga yang wajib di ibukota misal ma mk kpk bapak dpr dan mungkin mabes polritni makanya itu kepres mungkin baru muncul tahun lagi kecuali ada perpu yang bilang semua lembaga boleh berkedudukan di jakarta,kakak uu bilang resmi pindah kepres lembaga wajib ibukota ma mk kpk dpr mabes polritni kepres muncul kecuali perpu bilang lembaga berkedudukan jakarta,kakak uu bilang resmi pindah pres lembaga wajib ibukota ma mk kpk dpr mabes polritni pres muncul kecuali perpu bilang lembaga keduduk jakarta,Netral
@permaisuri_id Biar cepat pindah ibukota,biar cepat pindah ibukota,biar cepat pindah ibukota,biar cepat pindah ibukota,biar cepat pindah ibukota,biar cepat pindah ibukota,Netral
Beda sikap DPR soal IKN sebelum dan sesudah Pemilu : tolak pindah dan usulkan Jakarta jd Ibukota Legislasi??| Kerasa Putin Siang Papua ISIS BUMN Bea Cukai Makarov Rusia Nasdem Prabowo Moscow Mossad | https://t.co/SF9peJGAN4,beda sikap dpr soal ikn sebelum dan sesudah pemilu tolak pindah dan usulkan jakarta jd ibukota legislasi kerasa putin siang papua isis bumn bea cukai makarov rusia nasdem prabowo moscow mossad,beda sikap dpr soal ikn sebelum dan sesudah pemilu tolak pindah dan usulkan jakarta jd ibukota legislasi kerasa putin siang papua isis bumn bea cukai makarov rusia nasdem prabowo moscow mossad,beda sikap dpr soal ikn sebelum dan sesudah pemilu tolak pindah dan usulkan jakarta jadi ibukota legislasi kerasa putin siang papua isis bumn bea cukai makarov rusia nasdem prabowo moscow mossad,beda sikap dpr ikn pemilu tolak pindah usulkan jakarta ibukota legislasi kerasa putin siang papua isis bumn bea cukai makarov rusia nasdem moscow mossad,beda sikap dpr ikn milu tolak pindah usul jakarta ibukota legislasi rasa putin siang papua isis bumn bea cukai makarov rusia nasdem moscow mossad,Negatif
@ferizandra Dan konyolnya.... Mereka2 yg membuat UU pemindahan ibukota ini malah enggan pindah ke ibukota baru itu. Karena mereka paham akan seperti apa ibukota baru itu nantinya https://t.co/r0g58uVkwX,dan konyolnya mereka yg membuat uu pemindahan ibukota ini malah enggan pindah ke ibukota baru itu karena mereka paham akan seperti apa ibukota baru itu nantinya,dan konyolnya mereka yg membuat uu pemindahan ibukota ini malah enggan pindah ke ibukota baru itu karena mereka paham akan seperti apa ibukota baru itu nantinya,dan konyolnya mereka yang membuat uu pemindahan ibukota ini malah enggan pindah ke ibukota baru itu karena mereka paham akan seperti apa ibukota baru itu nantinya,konyolnya uu pemindahan ibukota enggan pindah ibukota paham ibukota,konyol uu pindah ibukota enggan pindah ibukota paham ibukota,Netral
@madHink @yeahboi9110 Ibaratnya di pulau jawa ada suku Jawa madura sunda betawi dll. Tapi mayoritas Jawa. Nah tiba2 setelah ibukota pindah dan pemerintahannya bukan orang jawa. Jawa mau merdeka. Kalau referendum jelas menang orang jawa. Lalu apakah orang suku lain di jawa harus ikut?,ibaratnya di pulau jawa ada suku jawa madura sunda betawi dll tapi mayoritas jawa nah tiba setelah ibukota pindah dan pemerintahannya bukan orang jawa jawa mau merdeka kalau referendum jelas menang orang jawa lalu apakah orang suku lain di jawa harus ikut,ibaratnya di pulau jawa ada suku jawa madura sunda betawi dll tapi mayoritas jawa nah tiba setelah ibukota pindah dan pemerintahannya bukan orang jawa jawa mau merdeka kalau referendum jelas menang orang jawa lalu apakah orang suku lain di jawa harus ikut,ibaratnya di pulau jawa ada suku jawa madura sunda betawi dsb tapi mayoritas jawa nah tiba setelah ibukota pindah dan pemerintahannya bukan orang jawa jawa mau merdeka kalau referendum jelas menang orang jawa lalu apakah orang suku lain di jawa harus ikut,pulau jawa suku jawa madura sunda betawi dsb mayoritas jawa ibukota pindah pemerintahannya orang jawa jawa merdeka referendum menang orang jawa orang suku jawa,pulau jawa suku jawa madura sunda betawi dsb mayoritas jawa ibukota pindah perintah orang jawa jawa merdeka referendum menang orang jawa orang suku jawa,Netral
@sigitwid DPR mengusulkan Jakarta sebagai Ibukota Legislative. Ga mau pindah mereka.,dpr mengusulkan jakarta sebagai ibukota legislative ga mau pindah mereka,dpr mengusulkan jakarta sebagai ibukota legislative ga mau pindah mereka,dpr mengusulkan jakarta sebagai ibukota legislatif tidak mau pindah mereka,dpr mengusulkan jakarta ibukota legislatif pindah,dpr usul jakarta ibukota legislatif pindah,Netral
@DokterTifa Klo ga ada jokowi jg Jkt akan tenggelam lbh cepat dr yg diperkirakan. Jgn cuma bs koar2 n tereak2 ga jelas. Mikirrr tong...apa alasan2 knp ibukota hrs pindah. Carilah alasan2 tsb yg bnyk tersebar spy anda paham n gak dungu terus,klo ga ada jokowi jg jkt akan tenggelam lbh cepat dr yg diperkirakan jgn cuma bs koar n tereak ga jelas mikirrr tongapa alasan knp ibukota hrs pindah carilah alasan tsb yg bnyk tersebar spy anda paham n gak dungu terus,klo ga ada jokowi jg jkt akan tenggelam lbh cepat dr yg diperkirakan jgn cuma bs koar n tereak ga jelas mikirrr tongapa alasan knp ibukota hrs pindah carilah alasan tsb yg bnyk tersebar spy anda paham n gak dungu terus,kalau tidak ada jokowi juga jakarta akan tenggelam lebih cepat dari yang diperkirakan jangan hanya bisa koar n tereak tidak jelas mikirrr tongapa alasan kenapa ibukota harus pindah carilah alasan tersebut yang banyak tersebar spy kamu paham n tidak dungu terus,jokowi jakarta tenggelam cepat koar n tereak mikirrr tongapa alasan ibukota pindah carilah alasan tersebar spy paham n dungu,jokowi jakarta tenggelam cepat koar n reak mikirrr tongapa alas ibukota pindah cari alas sebar spy paham n dungu,Netral
@sandalista1789 Ibukota pindah ke planet Mars..,ibukota pindah ke planet mars,ibukota pindah ke planet mars,ibukota pindah ke planet mars,ibukota pindah planet mars,ibukota pindah planet mars,Netral
Banjir ini mungkin sebenernya proyek rahasia heru... Dia ingin mengubah Jakarta jadi kota wisata Venice van Java ketika ibukota sudah pindah nanti. Husnudzon aja karena ini bulan Ramadan,banjir ini mungkin sebenernya proyek rahasia heru dia ingin mengubah jakarta jadi kota wisata venice van java ketika ibukota sudah pindah nanti husnudzon aja karena ini bulan ramadan,banjir ini mungkin sebenernya proyek rahasia heru dia ingin mengubah jakarta jadi kota wisata venice van java ketika ibukota sudah pindah nanti husnudzon aja karena ini bulan ramadan,banjir ini mungkin sebenernya proyek rahasia heru dia ingin mengubah jakarta jadi kota wisata venice van java ketika ibukota sudah pindah nanti husnudzon saja karena ini bulan ramadan,banjir sebenernya proyek rahasia heru mengubah jakarta kota wisata venice van java ibukota pindah husnudzon ramadan,banjir sebenernya proyek rahasia heru ubah jakarta kota wisata venice van java ibukota pindah husnudzon ramadan,Netral
@5teV3n_Pe9eL Lhooo kan emang disengaja Jakarta mau ditenggelamkan spy cepat pindah ibukota nya ke IKN sana,lhooo kan emang disengaja jakarta mau ditenggelamkan spy cepat pindah ibukota nya ke ikn sana,lhooo kan emang disengaja jakarta mau ditenggelamkan spy cepat pindah ibukota nya ke ikn sana,lhooo kan memang disengaja jakarta mau ditenggelamkan spy cepat pindah ibukota nya ke ikn sana,lhooo disengaja jakarta ditenggelamkan spy cepat pindah ibukota nya ikn,lhooo sengaja jakarta tenggelam spy cepat pindah ibukota nya ikn,Netral
kalo ibukota pindah ke ikn brrti aku gbs jd trophy wife jaksel dong ya brrti ak nanti harus pilates di ikn dan pp ikn - jkt buat lunch sama temen2,kalo ibukota pindah ke ikn brrti aku gbs jd trophy wife jaksel dong ya brrti ak nanti harus pilates di ikn dan pp ikn jkt buat lunch sama temen,kalo ibukota pindah ke ikn brrti aku gbs jd trophy wife jaksel dong ya brrti ak nanti harus pilates di ikn dan pp ikn jkt buat lunch sama temen,kalau ibukota pindah ke ikn arti aku gbs jadi trophy wife jaksel dong ya arti aku nanti harus pilates di ikn dan pp ikn jakarta buat lunch sama teman,ibukota pindah ikn arti gbs trophy wife jaksel arti pilates ikn pp ikn jakarta lunch teman,ibukota pindah ikn arti gbs trophy wife jaksel arti pilates ikn pp ikn jakarta lunch teman,Netral
@jokowi saya percaya setelah 10 periode pasti ... pindah lagi ibukota,saya percaya setelah periode pasti pindah lagi ibukota,saya percaya setelah periode pasti pindah lagi ibukota,aku percaya setelah periode pasti pindah lagi ibukota,percaya periode pindah ibukota,percaya periode pindah ibukota,Netral
@momon_garuk44 Emang pks menolak ibukota pindah,emang pks menolak ibukota pindah,emang pks menolak ibukota pindah,memang pks menolak ibukota pindah,pks menolak ibukota pindah,pks tolak ibukota pindah,Negatif
Sbntr lagi ibukota akan pindah. Akankah kemacatan ini berlalu? https://t.co/8EK4dYH7DU,sbntr lagi ibukota akan pindah akankah kemacatan ini berlalu,sbntr lagi ibukota akan pindah akankah kemacatan ini berlalu,sebentar lagi ibukota akan pindah akankah kemacatan ini berlalu,sebentar ibukota pindah kemacatan,sebentar ibukota pindah kemacatan,Netral
Hasil revolusi mental oke gasss. Dijogetin aja. Selamat ya buat kalian yg memilih si yg akan meLANJUTkan konsep revolusi mental nambah utang pindah ibukota korupsi merajalela.,hasil revolusi mental oke gasss dijogetin aja selamat ya buat kalian yg memilih si yg akan melanjutkan konsep revolusi mental nambah utang pindah ibukota korupsi merajalela,hasil revolusi mental oke gasss dijogetin aja selamat ya buat kalian yg memilih si yg akan melanjutkan konsep revolusi mental nambah utang pindah ibukota korupsi merajalela,hasil revolusi mental oke gas dijogetin saja selamat ya buat kalian yang memilih si yang akan melanjutkan konsep revolusi mental nambah utang pindah ibukota korupsi merajalela,hasil revolusi mental oke gas dijogetin selamat memilih si melanjutkan konsep revolusi mental nambah utang pindah ibukota korupsi merajalela,hasil revolusi mental oke gas dijogetin selamat pilih si lanjut konsep revolusi mental nambah utang pindah ibukota korupsi rajalela,Negatif
@CutSarina5 Ceritanya orang jawa lagi nggak terima ibukota pindah jadi bikin opini buat pindah sumatera jika merdeka dipikir yang lain bakal ngikut kali. Cuma menang di 2 provinsi udah kayak mewakilkan orang sumatera. Lucu wkwkwk,ceritanya orang jawa lagi nggak terima ibukota pindah jadi bikin opini buat pindah sumatera jika merdeka dipikir yang lain bakal ngikut kali cuma menang di provinsi udah kayak mewakilkan orang sumatera lucu wkwkwk,ceritanya orang jawa lagi nggak terima ibukota pindah jadi bikin opini buat pindah sumatera jika merdeka dipikir yang lain bakal ngikut kali cuma menang di provinsi udah kayak mewakilkan orang sumatera lucu wkwkwk,ceritanya orang jawa lagi tidak terima ibukota pindah jadi bikin opini buat pindah sumatera jika merdeka dipikir yang lain akan ngikut kali hanya menang di provinsi sudah seperti mewakilkan orang sumatera lucu wkwkwk,ceritanya orang jawa terima ibukota pindah bikin opini pindah sumatera merdeka dipikir ngikut kali menang provinsi mewakilkan orang sumatera lucu,cerita orang jawa terima ibukota pindah bikin opini pindah sumatera merdeka pikir ngikut kali menang provinsi wakil orang sumatera lucu,Netral
@H4T14K4LN4L42 @sukersaid @psi_id @jokowi Banjir memang di pelihara untuk menjatuhkan status ibukota dki sebagai alasan jakarta sdh tdk layak dan harus pindah ke IKN. Paham?!,banjir memang di pelihara untuk menjatuhkan status ibukota dki sebagai alasan jakarta sdh tdk layak dan harus pindah ke ikn paham,banjir memang di pelihara untuk menjatuhkan status ibukota dki sebagai alasan jakarta sdh tdk layak dan harus pindah ke ikn paham,banjir memang di pelihara untuk menjatuhkan status ibukota dki sebagai alasan jakarta sudah tidak layak dan harus pindah ke ikn paham,banjir pelihara menjatuhkan status ibukota dki alasan jakarta layak pindah ikn paham,banjir pelihara jatuh status ibukota dki alas jakarta layak pindah ikn paham,Positif
Gelo sih ini mah konspirasi parah jkt beneran anjir dibiarin gt aja alias heru budi lu ngapain? Sengaja sih ini mag biar ada alesan kuat lagi ibukota pindah secepatnya ke IKN yg problematic itu. Dasar pemerintah calon2 penghuni neraka.,gelo sih ini mah konspirasi parah jkt beneran anjir dibiarin gt aja alias heru budi lu ngapain sengaja sih ini mag biar ada alesan kuat lagi ibukota pindah secepatnya ke ikn yg problematic itu dasar pemerintah calon penghuni neraka,gelo sih ini mah konspirasi parah jkt beneran anjir dibiarin gt aja alias heru budi lu ngapain sengaja sih ini mag biar ada alesan kuat lagi ibukota pindah secepatnya ke ikn yg problematic itu dasar pemerintah calon penghuni neraka,gelo sih ini mah konspirasi parah jakarta beneran anjing dibiarin gitu saja alias heru budi lu apa sengaja sih ini mag biar ada alasan kuat lagi ibukota pindah secepatnya ke ikn yang problematic itu dasar pemerintah calon penghuni neraka,gelo mah konspirasi parah jakarta beneran anjing dibiarin gitu alias heru budi lu sengaja mag biar alasan kuat ibukota pindah secepatnya ikn problematic dasar pemerintah calon penghuni neraka,gelo mah konspirasi parah jakarta beneran anjing dibiarin gitu alias heru budi lu sengaja mag biar alas kuat ibukota pindah cepat ikn problematic dasar perintah calon huni neraka,Negatif
Kata gue kalau ada tawaran kerja di IKN dan sekitarnya jangan ditolak deh. Jangan nunggu jadi ibukota dulu baru pindah/ nyari kerja dan merantau di sana. Ambil aja sekarang pikir 5-10 tahun mendatang.,kata gue kalau ada tawaran kerja di ikn dan sekitarnya jangan ditolak deh jangan nunggu jadi ibukota dulu baru pindah nyari kerja dan merantau di sana ambil aja sekarang pikir tahun mendatang,kata gue kalau ada tawaran kerja di ikn dan sekitarnya jangan ditolak deh jangan nunggu jadi ibukota dulu baru pindah nyari kerja dan merantau di sana ambil aja sekarang pikir tahun mendatang,kata aku kalau ada tawaran kerja di ikn dan sekitarnya jangan ditolak deh jangan nunggu jadi ibukota dulu baru pindah nyari kerja dan merantau di sana ambil saja sekarang pikir tahun mendatang,tawaran kerja ikn ditolak deh nunggu ibukota pindah nyari kerja merantau ambil pikir,tawar kerja ikn tolak deh nunggu ibukota pindah nyari kerja rantau ambil pikir,Negatif
Kalau Kalimantan udah kerasa gempa tuh bahaya tau guys dulu sebelum ikn tuh suka ada wacana ibukota pindah ke Kalimantan karena faktor resiko bencana alamnya (gempa bumi) itu dikit Krn ga ada pergeseran lempeng yg besar disana,kalau kalimantan udah kerasa gempa tuh bahaya tau guys dulu sebelum ikn tuh suka ada wacana ibukota pindah ke kalimantan karena faktor resiko bencana alamnya gempa bumi itu dikit krn ga ada pergeseran lempeng yg besar disana,kalau kalimantan udah kerasa gempa tuh bahaya tau guys dulu sebelum ikn tuh suka ada wacana ibukota pindah ke kalimantan karena faktor resiko bencana alamnya gempa bumi itu dikit krn ga ada pergeseran lempeng yg besar disana,kalau kalimantan sudah kerasa gempa itu bahaya tau teman dulu sebelum ikn itu suka ada wacana ibukota pindah ke kalimantan karena faktor resiko bencana alamnya gempa bumi itu dikit karena tidak ada pergeseran lempeng yang besar disana,kalimantan kerasa gempa bahaya tau teman ikn suka wacana ibukota pindah kalimantan faktor resiko bencana alamnya gempa bumi dikit pergeseran lempeng disana,kalimantan rasa gempa bahaya tau teman ikn suka wacana ibukota pindah kalimantan faktor resiko bencana alam gempa bumi dikit geser lempeng sana,Negatif
@Louis_chantika Alhamdulillah ibukota pindah ke IKN.,alhamdulillah ibukota pindah ke ikn,alhamdulillah ibukota pindah ke ikn,alhamdulilah ibukota pindah ke ikn,alhamdulilah ibukota pindah ikn,alhamdulilah ibukota pindah ikn,Netral
@abu_waras warga jekardah yg kemarin kegirangan ibukota pindah ke IKN lupa kalo yg dipindah cuma asn dan Menteri menterinya aja warga dan banjirnya ditinggal buat kenang kenangan.,warga jekardah yg kemarin kegirangan ibukota pindah ke ikn lupa kalo yg dipindah cuma asn dan menteri menterinya aja warga dan banjirnya ditinggal buat kenang kenangan,warga jekardah yg kemarin kegirangan ibukota pindah ke ikn lupa kalo yg dipindah cuma asn dan menteri menterinya aja warga dan banjirnya ditinggal buat kenang kenangan,warga jekardah yang kemarin kegirangan ibukota pindah ke ikn lupa kalau yang dipindah hanya asn dan menteri menterinya saja warga dan banjirnya ditinggal buat kenang kenangan,warga jekardah kemarin kegirangan ibukota pindah ikn lupa dipindah asn menteri menterinya warga banjirnya ditinggal kenang kenangan,warga jekardah kemarin girang ibukota pindah ikn lupa pindah asn menteri menteri warga banjir tinggal kenang kenang,Netral
@Louis_chantika Ada alasan untuk pindah ibukota negara,ada alasan untuk pindah ibukota negara,ada alasan untuk pindah ibukota negara,ada alasan untuk pindah ibukota negara,alasan pindah ibukota negara,alas pindah ibukota negara,Netral
@Louis_chantika Alasannya mungkin ada hubungannya dgn rencana IKN seolah2 ingin menggiring opini masyarakat bahwa memang ibukota memang perlu dipindah ke kota nusantara.. Apa karna geopolitik di jawa tidak kondusif bagi kelompok Tertentu ini? Karnanklompok mayoritasnya bikin sulit bermanuver,alasannya mungkin ada hubungannya dgn rencana ikn seolah ingin menggiring opini masyarakat bahwa memang ibukota memang perlu dipindah ke kota nusantara apa karna geopolitik di jawa tidak kondusif bagi kelompok tertentu ini karnanklompok mayoritasnya bikin sulit bermanuver,alasannya mungkin ada hubungannya dgn rencana ikn seolah ingin menggiring opini masyarakat bahwa memang ibukota memang perlu dipindah ke kota nusantara apa karna geopolitik di jawa tidak kondusif bagi kelompok tertentu ini karnanklompok mayoritasnya bikin sulit bermanuver,alasannya mungkin ada hubungannya dengan rencana ikn seolah ingin menggiring opini masyarakat bahwa memang ibukota memang perlu dipindah ke kota nusantara apa karena geopolitik di jawa tidak kondusif bagi kelompok tertentu ini karnanklompok mayoritasnya bikin sulit bermanuver,alasannya hubungannya rencana ikn menggiring opini masyarakat ibukota dipindah kota nusantara geopolitik jawa kondusif kelompok karnanklompok mayoritasnya bikin sulit bermanuver,alas hubung rencana ikn giring opini masyarakat ibukota pindah kota nusantara geopolitik jawa kondusif kelompok karnanklompok mayoritas bikin sulit manuver,Negatif
@bhaktiutama @Gojekmilitan Ini bisa jadi emang disengaja dibuat seperti ini. Biar alasan ibukota pindah ke IKN menjadi masuk akal.,ini bisa jadi emang disengaja dibuat seperti ini biar alasan ibukota pindah ke ikn menjadi masuk akal,ini bisa jadi emang disengaja dibuat seperti ini biar alasan ibukota pindah ke ikn menjadi masuk akal,ini bisa jadi memang disengaja dibuat seperti ini biar alasan ibukota pindah ke ikn menjadi masuk akal,disengaja biar alasan ibukota pindah ikn masuk akal,sengaja biar alas ibukota pindah ikn masuk akal,Netral
SOAL URUSAN PINDAH IBUKOTA NKRI HITAM PUTIHNYA ADA PADA ANIS MUHAIMIN. DAN JAJARAN SANG JENDERAL KHUSUSNYA SANG JENDERAL DONNY ERMAWAN TAUFANTO BERSAMA WARGA DKI SETUJU ATAU TIDAKNYA. BAGI DIRI AMBO TUKANG PENJELASAN SAJO https://t.co/ZbCeW0zTvz,soal urusan pindah ibukota nkri hitam putihnya ada pada anis muhaimin dan jajaran sang jenderal khususnya sang jenderal donny ermawan taufanto bersama warga dki setuju atau tidaknya bagi diri ambo tukang penjelasan sajo,soal urusan pindah ibukota nkri hitam putihnya ada pada anis muhaimin dan jajaran sang jenderal khususnya sang jenderal donny ermawan taufanto bersama warga dki setuju atau tidaknya bagi diri ambo tukang penjelasan sajo,soal urusan pindah ibukota nkri hitam putihnya ada pada anis muhaimin dan jajaran sang jenderal khususnya sang jenderal donny ermawan taufanto bersama warga dki setuju atau tidaknya bagi diri ambo tukang penjelasan sajo,urusan pindah ibukota nkri hitam putihnya anis muhaimin jajaran sang jenderal sang jenderal donny ermawan taufanto warga dki setuju tidaknya ambo tukang penjelasan sajo,urus pindah ibukota nkri hitam putih anis muhaimin jajar sang jenderal sang jenderal donny ermawan taufanto warga dki tuju tidak ambo tukang jelas sajo,Positif
@zakiberkata Sangat kebetulan sekali ya ibukota pindah eh aktivitas tektoniknya juga ngikut. Entah alam ini menyayangi atau membenci makhluk2 yg hidup diatasnya kala ini..,sangat kebetulan sekali ya ibukota pindah eh aktivitas tektoniknya juga ngikut entah alam ini menyayangi atau membenci makhluk yg hidup diatasnya kala ini,sangat kebetulan sekali ya ibukota pindah eh aktivitas tektoniknya juga ngikut entah alam ini menyayangi atau membenci makhluk yg hidup diatasnya kala ini,sangat kebetulan sekali ya ibukota pindah eh aktivitas tektoniknya juga ngikut entah alam ini menyayangi atau membenci makhluk yang hidup diatasnya kala ini,ibukota pindah aktivitas tektoniknya ngikut alam menyayangi membenci makhluk hidup diatasnya,ibukota pindah aktivitas tektonik ngikut alam sayang benci makhluk hidup atas,Netral
@iddowildan @leftbodynumb gempa mengamuk karena ibukota pindah,gempa mengamuk karena ibukota pindah,gempa mengamuk karena ibukota pindah,gempa mengamuk karena ibukota pindah,gempa mengamuk ibukota pindah,gempa amuk ibukota pindah,Netral
Cepetan pindah ibukota yaa https://t.co/w8Mpuw8KOC,cepetan pindah ibukota yaa,cepetan pindah ibukota yaa,cepetan pindah ibukota iya,cepetan pindah ibukota iya,cepetan pindah ibukota iya,Netral
@Antonius061 Uda benerlah ibukota pindah. Palem mah langganan ujan gede seharian banjir (karena aliran air dari daerah lainnya).,uda benerlah ibukota pindah palem mah langganan ujan gede seharian banjir karena aliran air dari daerah lainnya,uda benerlah ibukota pindah palem mah langganan ujan gede seharian banjir karena aliran air dari daerah lainnya,sudah benerlah ibukota pindah palem mah langganan hujan gede seharian banjir karena aliran air dari daerah lainnya,benerlah ibukota pindah palem mah langganan hujan gede seharian banjir aliran air daerah,benerlah ibukota pindah palem mah langgan hujan gede hari banjir alir air daerah,Netral
pantesan ibukota buru pindah ke IKN,pantesan ibukota buru pindah ke ikn,pantesan ibukota buru pindah ke ikn,pantesan ibukota buru pindah ke ikn,pantesan ibukota buru pindah ikn,pantesan ibukota buru pindah ikn,Netral
@dapitnih Segeralah ibukota pindah ke ikn,segeralah ibukota pindah ke ikn,segeralah ibukota pindah ke ikn,segeralah ibukota pindah ke ikn,segeralah ibukota pindah ikn,segera ibukota pindah ikn,Netral
Emang udah pas ibukota pindah ke IKN,emang udah pas ibukota pindah ke ikn,emang udah pas ibukota pindah ke ikn,memang sudah pas ibukota pindah ke ikn,pas ibukota pindah ikn,pas ibukota pindah ikn,Netral
@TIPSNTRICKY @zakiberkata Tapi dengan indikasi gempa susulan yg lebih besar kemungkinan adl sesar RMKS-Muria akan terkoneksi dg sesar Meratus di Kalimantan Krn gempa susulan yg lbh bsr itu artinya lempeng mencari celah atau rekahan baru. Kebetulan bgt ya ibukota pindah tektonisme nya jg pindah,tapi dengan indikasi gempa susulan yg lebih besar kemungkinan adl sesar rmksmuria akan terkoneksi dg sesar meratus di kalimantan krn gempa susulan yg lbh bsr itu artinya lempeng mencari celah atau rekahan baru kebetulan bgt ya ibukota pindah tektonisme nya jg pindah,tapi dengan indikasi gempa susulan yg lebih besar kemungkinan adl sesar rmksmuria akan terkoneksi dg sesar meratus di kalimantan krn gempa susulan yg lbh bsr itu artinya lempeng mencari celah atau rekahan baru kebetulan bgt ya ibukota pindah tektonisme nya jg pindah,tapi dengan indikasi gempa susulan yang lebih besar kemungkinan adalah sesar rmksmuria akan terkoneksi dengan sesar meratus di kalimantan karena gempa susulan yang lebih bsr itu artinya lempeng mencari celah atau rekahan baru kebetulan sekali ya ibukota pindah tektonisme nya juga pindah,indikasi gempa susulan sesar rmksmuria terkoneksi sesar meratus kalimantan gempa susulan bsr lempeng mencari celah rekahan ibukota pindah tektonisme nya pindah,indikasi gempa susul sesar rmksmuria koneksi sesar ratus kalimantan gempa susul bsr lempeng cari celah rekah ibukota pindah tektonisme nya pindah,Netral
@iman100017 @psi_id Maap konsentrasi kami skrg Ibukota Nusantara.....,maap konsentrasi kami skrg ibukota nusantara,maap konsentrasi kami skrg ibukota nusantara,maaf konsentrasi kami sekarang ibukota nusantara,maaf konsentrasi ibukota nusantara,maaf konsentrasi ibukota nusantara,Netral
Pindah ibukota negara. .harus bercermin pada negara Malaysia Myanmar Australia korea selatan. Akan terbengkalai. . . . . .buang buang uang negara. Ujung ujungnya rakyat yg menderita,pindah ibukota negara harus bercermin pada negara malaysia myanmar australia korea selatan akan terbengkalai buang buang uang negara ujung ujungnya rakyat yg menderita,pindah ibukota negara harus bercermin pada negara malaysia myanmar australia korea selatan akan terbengkalai buang buang uang negara ujung ujungnya rakyat yg menderita,pindah ibukota negara harus bercermin pada negara malaysia myanmar australia korea selatan akan terbengkalai buang buang uang negara ujung ujungnya rakyat yang menderita,pindah ibukota negara bercermin negara malaysia myanmar australia korea selatan terbengkalai buang buang uang negara ujung ujungnya rakyat menderita,pindah ibukota negara cermin negara malaysia myanmar australia korea selatan bengkalai buang buang uang negara ujung ujung rakyat derita,Negatif
Rasanya tak yakin terwujud ibukota akan pindah ke kalta Bayangkan saja. Yg hanya pindah rumah saja harus diperhitungkan. Ini pindah ibukota,rasanya tak yakin terwujud ibukota akan pindah ke kalta bayangkan saja yg hanya pindah rumah saja harus diperhitungkan ini pindah ibukota,rasanya tak yakin terwujud ibukota akan pindah ke kalta bayangkan saja yg hanya pindah rumah saja harus diperhitungkan ini pindah ibukota,rasanya tidak yakin terwujud ibukota akan pindah ke kalta bayangkan saja yang hanya pindah rumah saja harus diperhitungkan ini pindah ibukota,terwujud ibukota pindah kalta bayangkan pindah rumah diperhitungkan pindah ibukota,wujud ibukota pindah kalta bayang pindah rumah hitung pindah ibukota,Netral
Jareku ibukota mending di pindah nang suroboyo,jareku ibukota mending di pindah nang suroboyo,jareku ibukota mending di pindah nang suroboyo,jareku ibukota mending di pindah nang suroboyo,jareku ibukota mending pindah nang suroboyo,jareku ibukota mending pindah nang suroboyo,Netral
progres pembangunan ikn sudah 74% #ikn #nusantara #indonesia #ibukota #fyp??https://t.co/hhxCymdnXH,progres pembangunan ikn sudah,progres pembangunan ikn sudah,progres pembangunan ikn sudah,progres pembangunan ikn,progres bangun ikn,Netral
@CNNIndonesia rakyat yg mana? hampir 10 tahun terkahir aja abai... kalo beneran mnrt gw yg dilakukan: 1. tolak cipta kerja 2. gak setuju pindah ibukota 3. nggak nilep bansos 4. nggak bikin bpip 5. nggak ngebuzzer 6. nggak buta 7. nggak budeg,rakyat yg mana hampir tahun terkahir aja abai kalo beneran mnrt gw yg dilakukan tolak cipta kerja gak setuju pindah ibukota nggak nilep bansos nggak bikin bpip nggak ngebuzzer nggak buta nggak budeg,rakyat yg mana hampir tahun terkahir aja abai kalo beneran mnrt gw yg dilakukan tolak cipta kerja gak setuju pindah ibukota nggak nilep bansos nggak bikin bpip nggak ngebuzzer nggak buta nggak budeg,rakyat yang mana hampir tahun terkahir saja abai kalau beneran mnrt aku yang dilakukan tolak cipta kerja tidak setuju pindah ibukota tidak nilep bansos tidak bikin bpip tidak ngebuzzer tidak buta tidak tuli,rakyat terkahir abai beneran mnrt tolak cipta kerja setuju pindah ibukota nilep bansos bikin bpip ngebuzzer buta tuli,rakyat terkahir abai beneran mnrt tolak cipta kerja tuju pindah ibukota nilep bansos bikin bpip ngebuzzer buta tuli,Netral
@itsagudeday Hahahaha bener si udah sampe ibukota pindah ke IKN dia doang yg beli tiket konser masih pake google form.,hahahaha bener si udah sampe ibukota pindah ke ikn dia doang yg beli tiket konser masih pake google form,hahahaha bener si udah sampe ibukota pindah ke ikn dia doang yg beli tiket konser masih pake google form,hahahaha benar si sudah sampai ibukota pindah ke ikn dia doang yang beli tiket konser masih pakai google form,hahahaha si ibukota pindah ikn doang beli tiket konser pakai google form,hahahaha si ibukota pindah ikn doang beli tiket konser pakai google form,Netral
Bgmn gk hebatnya Abah Rezim melawannya dg : 1. Undur jadwal Pilpres 2. Pindah Ibukota 3. Sinergi KPK MK KPU 4. BuzzeRp 5. Bansos 497 T Semoga Abah dikuatkan dan mjd Pemimpin di Republik ini.,bgmn gk hebatnya abah rezim melawannya dg undur jadwal pilpres pindah ibukota sinergi kpk mk kpu buzzerp bansos t semoga abah dikuatkan dan mjd pemimpin di republik ini,bgmn gk hebatnya abah rezim melawannya dg undur jadwal pilpres pindah ibukota sinergi kpk mk kpu buzzerp bansos t semoga abah dikuatkan dan mjd pemimpin di republik ini,bgmn tidak hebatnya bapak rezim melawannya dengan undur jadwal pilpres pindah ibukota sinergi kpk mk kpu buzzerp bansos t semoga bapak dikuatkan dan menjadi pemimpin di republik ini,bgmn hebatnya rezim melawannya undur jadwal pilpres pindah ibukota sinergi kpk mk kpu buzzerp bansos t semoga dikuatkan pemimpin republik,bgmn hebat rezim lawan undur jadwal pilpres pindah ibukota sinergi kpk mk kpu buzzerp bansos t moga kuat pimpin republik,Positif
Jakarta dibikin banjir biar legitimasi IKN makin terasa emang harus pindah ibukota.,jakarta dibikin banjir biar legitimasi ikn makin terasa emang harus pindah ibukota,jakarta dibikin banjir biar legitimasi ikn makin terasa emang harus pindah ibukota,jakarta dibikin banjir biar legitimasi ikn makin terasa memang harus pindah ibukota,jakarta dibikin banjir biar legitimasi ikn pindah ibukota,jakarta bikin banjir biar legitimasi ikn pindah ibukota,Netral
GOTIK : Gerakan Tolak Ibukota di Kalimantan tolak pindah desa tolak dipindah pekerjaanya tolak pindahin ASN,gotik gerakan tolak ibukota di kalimantan tolak pindah desa tolak dipindah pekerjaanya tolak pindahin asn,gotik gerakan tolak ibukota di kalimantan tolak pindah desa tolak dipindah pekerjaanya tolak pindahin asn,gotik gerakan tolak ibukota di kalimantan tolak pindah desa tolak dipindah pekerjaanya tolak pindahin asn,gotik gerakan tolak ibukota kalimantan tolak pindah desa tolak dipindah pekerjaanya tolak pindahin asn,gotik gera tolak ibukota kalimantan tolak pindah desa tolak pindah pekerjaanya tolak pindahin asn,Negatif
*Bahas Kontribusi Daerah untuk Ibukota Nusantara Pemkab Bengkalis Ikuti Rakornas OKIN* https://t.co/zgAQfsBDUU,bahas kontribusi daerah untuk ibukota nusantara pemkab bengkalis ikuti rakornas okin,bahas kontribusi daerah untuk ibukota nusantara pemkab bengkalis ikuti rakornas okin,bahas kontribusi daerah untuk ibukota nusantara pemkab bengkalis ikuti rakornas okin,bahas kontribusi daerah ibukota nusantara pemkab bengkalis ikuti rakornas okin,bahas kontribusi daerah ibukota nusantara pemkab bengkal ikut rakornas okin,Netral
@Miduk17 Maaf ini ibukota jadi pindah ga ? Kok bnyk slewiren kata2 lolos n ga lolos ke Senayan bukan nya pusat pemerintahan (Eksekutif legislatif n yudikatif) di IKN nanti . yg terpilih pemilu 2024 lolos ke IKN tepatnya kek berat bgt pindah suara rakyat indo jd nya,maaf ini ibukota jadi pindah ga kok bnyk slewiren kata lolos n ga lolos ke senayan bukan nya pusat pemerintahan eksekutif legislatif n yudikatif di ikn nanti yg terpilih pemilu lolos ke ikn tepatnya kek berat bgt pindah suara rakyat indo jd nya,maaf ini ibukota jadi pindah ga kok bnyk slewiren kata lolos n ga lolos ke senayan bukan nya pusat pemerintahan eksekutif legislatif n yudikatif di ikn nanti yg terpilih pemilu lolos ke ikn tepatnya kek berat bgt pindah suara rakyat indo jd nya,maaf ini ibukota jadi pindah tidak kok banyak slewiren kata lolos n tidak lolos ke senayan bukan nya pusat pemerintahan eksekutif legislatif n yudikatif di ikn nanti yang terpilih pemilu lolos ke ikn tepatnya seperti berat sekali pindah suara rakyat indonesia jadi nya,maaf ibukota pindah slewiren lolos n lolos senayan nya pusat pemerintahan eksekutif legislatif n yudikatif ikn terpilih pemilu lolos ikn tepatnya berat pindah suara rakyat indonesia nya,maaf ibukota pindah slewiren lolos n lolos senayan nya pusat perintah eksekutif legislatif n yudikatif ikn pilih milu lolos ikn tepat berat pindah suara rakyat indonesia nya,Netral
Ibukota Kejahatan Nusantara dibangun dari hasil merampok mencuri dan menggusur...,ibukota kejahatan nusantara dibangun dari hasil merampok mencuri dan menggusur,ibukota kejahatan nusantara dibangun dari hasil merampok mencuri dan menggusur,ibukota kejahatan nusantara dibangun dari hasil merampok mencuri dan menggusur,ibukota kejahatan nusantara dibangun hasil merampok mencuri menggusur,ibukota jahat nusantara bangun hasil rampok curi gusur,Netral
Masih ga Terima STY naturalisasi pemain luar? Liat aja pemain lokal aja kek gini mainnya. .. Lucu aja sih liat politisi yang komen negative tentang sty.. Oia dink kalau ga guyu ga dapat cuan ya? . Ibukota pindah ke IKN aja DPRnya malah masih pingin di jkt aja,masih ga terima sty naturalisasi pemain luar liat aja pemain lokal aja kek gini mainnya lucu aja sih liat politisi yang komen negative tentang sty oia dink kalau ga guyu ga dapat cuan ya ibukota pindah ke ikn aja dprnya malah masih pingin di jkt aja,masih ga terima sty naturalisasi pemain luar liat aja pemain lokal aja kek gini mainnya lucu aja sih liat politisi yang komen negative tentang sty oia dink kalau ga guyu ga dapat cuan ya ibukota pindah ke ikn aja dprnya malah masih pingin di jkt aja,masih tidak terima sty naturalisasi pemain luar lihat saja pemain lokal saja seperti gini mainnya lucu saja sih lihat politisi yang komen negatif tentang sty oia dink kalau tidak guyu tidak dapat cuan ya ibukota pindah ke ikn saja dprnya malah masih ingin di jakarta saja,terima sty naturalisasi pemain lihat pemain lokal gini mainnya lucu lihat politisi komen negatif sty oia dink guyu cuan ibukota pindah ikn dprnya jakarta,terima sty naturalisasi main lihat main lokal gin main lucu lihat politis komen negatif sty oia dink guyu cuan ibukota pindah ikn dprnya jakarta,Netral
@ardisatriawan IKN butuh banyak karena yang di ibukota pada gak mau pindah sepertinya,ikn butuh banyak karena yang di ibukota pada gak mau pindah sepertinya,ikn butuh banyak karena yang di ibukota pada gak mau pindah sepertinya,ikn butuh banyak karena yang di ibukota pada tidak mau pindah sepertinya,ikn butuh ibukota pindah,ikn butuh ibukota pindah,Netral
@kompascom Daripada maksa harus jdi parpol jadikan ormas saja ntar kan Ibukota pindah bisa itu psi jaga? lahan? di sana. Ada banyak tambang di mari sawit juga oke. Mumpung masih ada itu pengaruh bapaknya ehh nanti itu kakaknya jga dinas di mari sebagei wakilpres kan cocok tuu,daripada maksa harus jdi parpol jadikan ormas saja ntar kan ibukota pindah bisa itu psi jaga lahan di sana ada banyak tambang di mari sawit juga oke mumpung masih ada itu pengaruh bapaknya ehh nanti itu kakaknya jga dinas di mari sebagei wakilpres kan cocok tuu,daripada maksa harus jdi parpol jadikan ormas saja ntar kan ibukota pindah bisa itu psi jaga lahan di sana ada banyak tambang di mari sawit juga oke mumpung masih ada itu pengaruh bapaknya ehh nanti itu kakaknya jga dinas di mari sebagei wakilpres kan cocok tuu,daripada maksa harus jadi parpol jadikan ormas saja nanti kan ibukota pindah bisa itu psi jaga lahan di sana ada banyak tambang di mari sawit juga oke mumpung masih ada itu pengaruh bapaknya ehh nanti itu kakaknya juga dinas di mari sebagei wakilpres kan cocok tuu,maksa parpol jadikan ormas ibukota pindah psi jaga lahan tambang mari sawit oke mumpung pengaruh bapaknya ehh kakaknya dinas mari sebagei wakilpres cocok tuu,maksa parpol jadi ormas ibukota pindah psi jaga lahan tambang mari sawit oke mumpung pengaruh bapak ehh kakak dinas mari sebagei wakilpres cocok tuu,Netral
@ayaontuesday iyaa katanya langit jkt cerah karena ngambek soalnya ibukota mau pindah HAHAHA,iyaa katanya langit jkt cerah karena ngambek soalnya ibukota mau pindah hahaha,iyaa katanya langit jkt cerah karena ngambek soalnya ibukota mau pindah hahaha,iya katanya langit jakarta cerah karena ngambek soalnya ibukota mau pindah hahaha,iya langit jakarta cerah ngambek ibukota pindah hahaha,iya langit jakarta cerah ngambek ibukota pindah hahaha,Netral
Bangun IKN IBUKOTA NUSANTARA terus pejabatnya gamau pindah dari JAKARTA tuh gmn ya apakah takut tidak bisa hidup enak dan bermewah-mewah di kota metropolitan ini?!?!?,bangun ikn ibukota nusantara terus pejabatnya gamau pindah dari jakarta tuh gmn ya apakah takut tidak bisa hidup enak dan bermewahmewah di kota metropolitan ini,bangun ikn ibukota nusantara terus pejabatnya gamau pindah dari jakarta tuh gmn ya apakah takut tidak bisa hidup enak dan bermewahmewah di kota metropolitan ini,bangun ikn ibukota nusantara terus pejabatnya gamau pindah dari jakarta itu bagaimana ya apakah takut tidak bisa hidup enak dan bermewahmewah di kota metropolitan ini,bangun ikn ibukota nusantara pejabatnya gamau pindah jakarta takut hidup enak bermewahmewah kota metropolitan,bangun ikn ibukota nusantara jabat gamau pindah jakarta takut hidup enak bermewahmewah kota metropolitan,Negatif
Dalam sejarah Nusantara ini ternyata pernah ada loh ibukota sebuah negeri didirikan dari 0 lewat babat alas bahkan terencana secara filosofis tapi masih tetap timpang dan miskin sekitarnya sampai kini padahal wilayahnya lebih kecil. Semoga yang skala besar tidak bernasib berupa,dalam sejarah nusantara ini ternyata pernah ada loh ibukota sebuah negeri didirikan dari lewat babat alas bahkan terencana secara filosofis tapi masih tetap timpang dan miskin sekitarnya sampai kini padahal wilayahnya lebih kecil semoga yang skala besar tidak bernasib berupa,dalam sejarah nusantara ini ternyata pernah ada loh ibukota sebuah negeri didirikan dari lewat babat alas bahkan terencana secara filosofis tapi masih tetap timpang dan miskin sekitarnya sampai kini padahal wilayahnya lebih kecil semoga yang skala besar tidak bernasib berupa,dalam sejarah nusantara ini ternyata pernah ada loh ibukota sebuah negeri didirikan dari lewat babat alas bahkan terencana secara filosofis tapi masih tetap timpang dan miskin sekitarnya sampai kini padahal wilayahnya lebih kecil semoga yang skala besar tidak bernasib berupa,sejarah nusantara ibukota negeri didirikan babat alas terencana filosofis timpang miskin wilayahnya semoga skala bernasib,sejarah nusantara ibukota negeri diri babat alas rencana filosofis timpang miskin wilayah moga skala nasib,Netral
gw baca tweet (gk mw sbut nie x) di tl tadi masa katanya jakarta ngambek karna mau pindah ibukota makanya langit jd cakep,gw baca tweet gk mw sbut nie x di tl tadi masa katanya jakarta ngambek karna mau pindah ibukota makanya langit jd cakep,gw baca tweet gk mw sbut nie x di tl tadi masa katanya jakarta ngambek karna mau pindah ibukota makanya langit jd cakep,aku baca tweet tidak ingin sebut nie x di tl tadi masa katanya jakarta ngambek karena mau pindah ibukota makanya langit jadi cakep,baca tweet nie x tl jakarta ngambek pindah ibukota langit cakep,baca tweet nie x tl jakarta ngambek pindah ibukota langit cakep,Netral
@Dennysiregar7 Mana duli mau pindah tak ada urus seng penting kalimantan tempat ibukota negara den den 16% tuh,mana duli mau pindah tak ada urus seng penting kalimantan tempat ibukota negara den den tuh,mana duli mau pindah tak ada urus seng penting kalimantan tempat ibukota negara den den tuh,mana duli mau pindah tidak ada urus seng penting kalimantan tempat ibukota negara den den itu,duli pindah urus seng kalimantan ibukota negara den den,duli pindah urus seng kalimantan ibukota negara den den,Netral
"@puteri_agung @Gvtdxy_ @tanyakanrl Lhoo kan ibukota pindah ke kalimantan??,1770426345107099747""",lhoo kan ibukota pindah ke kalimantan,lhoo kan ibukota pindah ke kalimantan,lhoo kan ibukota pindah ke kalimantan,ibukota pindah kalimantan,ibukota pindah kalimantan,Netral
DPR ENGGAN BERKANTOR DI IBUKOTA NUSANTARA KALTIM https://t.co/g3e909WqGz,dpr enggan berkantor di ibukota nusantara kaltim,dpr enggan berkantor di ibukota nusantara kaltim,dpr enggan berkantor di ibukota nusantara kaltim,dpr enggan berkantor ibukota nusantara kaltim,dpr enggan kantor ibukota nusantara kaltim,Netral
@STresnowati1 saya orng kalimantan setuju saja ibukota pindah. anda tahu jakarta itu kota kumuh kotor semberaut banyak premen2 kampungan,saya orng kalimantan setuju saja ibukota pindah anda tahu jakarta itu kota kumuh kotor semberaut banyak premen kampungan,saya orng kalimantan setuju saja ibukota pindah anda tahu jakarta itu kota kumuh kotor semberaut banyak premen kampungan,aku orang kalimantan setuju saja ibukota pindah kamu tahu jakarta itu kota kumuh kotor semberaut banyak premen kampungan,orang kalimantan setuju ibukota pindah jakarta kota kumuh kotor semberaut premen kampungan,orang kalimantan tuju ibukota pindah jakarta kota kumuh kotor semberaut premen kampung,Negatif
Negeri ini sudah binasa terjajah oleh kerajaan Wakanda Ibukota Konoha nusantara .,negeri ini sudah binasa terjajah oleh kerajaan wakanda ibukota konoha nusantara,negeri ini sudah binasa terjajah oleh kerajaan wakanda ibukota konoha nusantara,negeri ini sudah binasa terjajah oleh kerajaan wakanda ibukota konoha nusantara,negeri binasa terjajah kerajaan wakanda ibukota konoha nusantara,negeri binasa jajah raja wakanda ibukota konoha nusantara,Netral
@dusrimulya Udah ga kuat bansos gate ikn juga dpr ngotot gamau pindah pgn Jakarta jdi Ibukota Legislatif terus nyiapin Sulawesi/Sumatera buat Yudikatif,udah ga kuat bansos gate ikn juga dpr ngotot gamau pindah pgn jakarta jdi ibukota legislatif terus nyiapin sulawesisumatera buat yudikatif,udah ga kuat bansos gate ikn juga dpr ngotot gamau pindah pgn jakarta jdi ibukota legislatif terus nyiapin sulawesisumatera buat yudikatif,sudah tidak kuat bansos gate ikn juga dpr ngotot gamau pindah ingin jakarta jadi ibukota legislatif terus nyiapin sulawesisumatera buat yudikatif,kuat bansos gate ikn dpr ngotot gamau pindah jakarta ibukota legislatif nyiapin sulawesisumatera yudikatif,kuat bansos gate ikn dpr ngotot gamau pindah jakarta ibukota legislatif nyiapin sulawesisumatera yudikatif,Netral
@tempodotco Hahahaha.... klo. baca isi. beritanya ini orang2 lagi sibuk mikir apa yg bisa jadi 'Khusus' nya Jakarta klo sdh efektif Ibukota pindah ke IKN.... supaya tetep bisa disebut 'Daerah Khusus' gitu maka diusulin anggota dewan ini supaya Jakarta jd pusat legislatif....,hahahaha klo baca isi beritanya ini orang lagi sibuk mikir apa yg bisa jadi khusus nya jakarta klo sdh efektif ibukota pindah ke ikn supaya tetep bisa disebut daerah khusus gitu maka diusulin anggota dewan ini supaya jakarta jd pusat legislatif,hahahaha klo baca isi beritanya ini orang lagi sibuk mikir apa yg bisa jadi khusus nya jakarta klo sdh efektif ibukota pindah ke ikn supaya tetep bisa disebut daerah khusus gitu maka diusulin anggota dewan ini supaya jakarta jd pusat legislatif,hahahaha kalau baca isi beritanya ini orang lagi sibuk mikir apa yang bisa jadi khusus nya jakarta kalau sudah efektif ibukota pindah ke ikn supaya tetap bisa disebut daerah khusus gitu maka diusulin anggota dewan ini supaya jakarta jadi pusat legislatif,hahahaha baca isi beritanya orang sibuk mikir khusus nya jakarta efektif ibukota pindah ikn daerah khusus gitu diusulin anggota dewan jakarta pusat legislatif,hahahaha baca isi berita orang sibuk mikir khusus nya jakarta efektif ibukota pindah ikn daerah khusus gitu diusulin anggota dewan jakarta pusat legislatif,Positif
@Jatayu_45back Pantesan ibukota mau pindah udah banyak pendosa di Jawa khusus Jakarta,pantesan ibukota mau pindah udah banyak pendosa di jawa khusus jakarta,pantesan ibukota mau pindah udah banyak pendosa di jawa khusus jakarta,pantesan ibukota mau pindah sudah banyak pendosa di jawa khusus jakarta,pantesan ibukota pindah pendosa jawa khusus jakarta,pantesan ibukota pindah dosa jawa khusus jakarta,Netral
@gilang_ahm31272 Semoga ibukota segera pindah di IKN neg liat yg beginian,semoga ibukota segera pindah di ikn neg liat yg beginian,semoga ibukota segera pindah di ikn neg liat yg beginian,semoga ibukota segera pindah di ikn neg lihat yang beginian,semoga ibukota pindah ikn neg lihat,moga ibukota pindah ikn neg lihat,Positif
@masjowoya @dwioho @nuruzzaman2 Apa urgensi memindahkan ibu kota? Tanah di jakarta turun 1-5 cm per th mengembangkan teknologi DAM seperti di Belanda mungkin biayanya jauh lebih murah dibanding bangun IKN. Pembangunan era Joko Widodo tidak memiliki konsep yg jelas ngapain bikin KCIC kalo ibukota nya pindah?,apa urgensi memindahkan ibu kota tanah di jakarta turun cm per th mengembangkan teknologi dam seperti di belanda mungkin biayanya jauh lebih murah dibanding bangun ikn pembangunan era joko widodo tidak memiliki konsep yg jelas ngapain bikin kcic kalo ibukota nya pindah,apa urgensi memindahkan ibu kota tanah di jakarta turun cm per th mengembangkan teknologi dam seperti di belanda mungkin biayanya jauh lebih murah dibanding bangun ikn pembangunan era joko widodo tidak memiliki konsep yg jelas ngapain bikin kcic kalo ibukota nya pindah,apa urgensi memindahkan ibu kota tanah di jakarta turun cm per th mengembangkan teknologi dam seperti di belanda mungkin biayanya jauh lebih murah dibanding bangun ikn pembangunan era joko widodo tidak memiliki konsep yang jelas apa bikin kcic kalau ibukota nya pindah,urgensi memindahkan kota tanah jakarta turun cm th mengembangkan teknologi dam belanda biayanya murah dibanding bangun ikn pembangunan era joko widodo memiliki konsep bikin kcic ibukota nya pindah,urgensi pindah kota tanah jakarta turun cm th kembang teknologi dam belanda biaya murah banding bangun ikn bangun era joko widodo milik konsep bikin kcic ibukota nya pindah,Netral
@liputan6dotcom Nah ini unik eksekutif dan legislatif tidak seiring sejalan dalam hal tempat beraktifitas penyelenggaraan negara . Pertanyaannya apakah sebelum diputuskan ibukota negara akan pindah semua titik persoalan yg penting &amp; vital sudah dibicarakan &amp; direncanakan dgn maksimal .,nah ini unik eksekutif dan legislatif tidak seiring sejalan dalam hal tempat beraktifitas penyelenggaraan negara pertanyaannya apakah sebelum diputuskan ibukota negara akan pindah semua titik persoalan yg penting amp vital sudah dibicarakan amp direncanakan dgn maksimal,nah ini unik eksekutif dan legislatif tidak seiring sejalan dalam hal tempat beraktifitas penyelenggaraan negara pertanyaannya apakah sebelum diputuskan ibukota negara akan pindah semua titik persoalan yg penting amp vital sudah dibicarakan amp direncanakan dgn maksimal,nah ini unik eksekutif dan legislatif tidak seiring sejalan dalam hal tempat beraktifitas penyelenggaraan negara pertanyaannya apakah sebelum diputuskan ibukota negara akan pindah semua titik persoalan yang penting sampai vital sudah dibicarakan sampai direncanakan dengan maksimal,unik eksekutif legislatif seiring sejalan beraktifitas penyelenggaraan negara pertanyaannya diputuskan ibukota negara pindah titik vital dibicarakan direncanakan maksimal,unik eksekutif legislatif iring jalan beraktifitas selenggara negara tanya putus ibukota negara pindah titik vital bicara rencana maksimal,Netral
@cnbcindonesia Pindah lah. Bosan liat mobil pengawal. Berkeliaran di ibukota. Bikin macet aja,pindah lah bosan liat mobil pengawal berkeliaran di ibukota bikin macet aja,pindah lah bosan liat mobil pengawal berkeliaran di ibukota bikin macet aja,pindah lah bosan lihat mobil pengawal berkeliaran di ibukota bikin macet saja,pindah bosan lihat mobil pengawal berkeliaran ibukota bikin macet,pindah bosan lihat mobil awal liar ibukota bikin macet,Negatif
@PNS_Garis_Lucu Dulu gw apply ke kementerian pusat biar aman ga ditempatin di daerah krn pasti di jakarta. Eh ternyata ibukota pindah,dulu gw apply ke kementerian pusat biar aman ga ditempatin di daerah krn pasti di jakarta eh ternyata ibukota pindah,dulu gw apply ke kementerian pusat biar aman ga ditempatin di daerah krn pasti di jakarta eh ternyata ibukota pindah,dulu aku lamar ke kementerian pusat biar aman tidak ditempatin di daerah karena pasti di jakarta eh ternyata ibukota pindah,lamar kementerian pusat biar aman ditempatin daerah jakarta ibukota pindah,lamar menteri pusat biar aman ditempatin daerah jakarta ibukota pindah,Positif
makanya kenapa kudu pindah sih ibukota???,makanya kenapa kudu pindah sih ibukota,makanya kenapa kudu pindah sih ibukota,makanya kenapa harus pindah sih ibukota,pindah ibukota,pindah ibukota,Netral
@bukanpsytrap @MorphoMenelausX Yang pindah ke IKN itu ASN Kementerian yang dimana rata-rata dari mereka bekerja di Jakarta. Itu salah satu alasan jg kenapa pindah ibukota bukan ASN Pemprov DKI,yang pindah ke ikn itu asn kementerian yang dimana ratarata dari mereka bekerja di jakarta itu salah satu alasan jg kenapa pindah ibukota bukan asn pemprov dki,yang pindah ke ikn itu asn kementerian yang dimana ratarata dari mereka bekerja di jakarta itu salah satu alasan jg kenapa pindah ibukota bukan asn pemprov dki,yang pindah ke ikn itu asn kementerian yang dimana ratarata dari mereka bekerja di jakarta itu salah satu alasan juga kenapa pindah ibukota bukan asn pemprov dki,pindah ikn asn kementerian dimana ratarata jakarta salah alasan pindah ibukota asn pemprov dki,pindah ikn asn menteri mana ratarata jakarta salah alas pindah ibukota asn pemprov dki,Negatif
@Dragonking_03 @AntonKu08408962 @PartBurungGalak @Judakusumah1 @syahirularif @KPU_ID Sebenarnya nggak masalah Lae asal terencana dg baik dg durasi wkt yg cukup. Myanmar ibukota pindah dari Ranggon ke Yangon satu daratan jarak hanya puluhan km membutuhkan (pelaksanaan) 20 tahun. Clear! Nggak kayak org sak berak dg kondisi alam dan infrastruktur yg masih 0.,sebenarnya nggak masalah lae asal terencana dg baik dg durasi wkt yg cukup myanmar ibukota pindah dari ranggon ke yangon satu daratan jarak hanya puluhan km membutuhkan pelaksanaan tahun clear nggak kayak org sak berak dg kondisi alam dan infrastruktur yg masih,sebenarnya nggak masalah lae asal terencana dg baik dg durasi wkt yg cukup myanmar ibukota pindah dari ranggon ke yangon satu daratan jarak hanya puluhan km membutuhkan pelaksanaan tahun clear nggak kayak org sak berak dg kondisi alam dan infrastruktur yg masih,sebenarnya tidak masalah lae asal terencana dengan baik dengan durasi waktu yang cukup myanmar ibukota pindah dari ranggon ke yangon satu daratan jarak hanya puluhan km membutuhkan pelaksanaan tahun clear tidak seperti orang sak beol dengan kondisi alam dan infrastruktur yang masih,lae terencana durasi myanmar ibukota pindah ranggon yangon daratan jarak puluhan km membutuhkan pelaksanaan clear orang sak beol kondisi alam infrastruktur,lae rencana durasi myanmar ibukota pindah ranggon yangon darat jarak puluh km butuh laksana clear orang sak beol kondisi alam infrastruktur,Netral
@DrEvaChaniago ANEH ... DPR GAK MAU PINDAH KE. IKN...... NGAPAIN JUGA ANGGOTA DPR PADA SETUJU IBUKOTA PINDAH KE IKN ... GIMANA STANDAR KERJA MEREKA YA .. APA SEKEDAR MEMENUHI KEINGINAN PEMILIK MODAL ??? ... NTAH LAH .. SERBA ANEH NEGRI INI,aneh dpr gak mau pindah ke ikn ngapain juga anggota dpr pada setuju ibukota pindah ke ikn gimana standar kerja mereka ya apa sekedar memenuhi keinginan pemilik modal ntah lah serba aneh negri ini,aneh dpr gak mau pindah ke ikn ngapain juga anggota dpr pada setuju ibukota pindah ke ikn gimana standar kerja mereka ya apa sekedar memenuhi keinginan pemilik modal ntah lah serba aneh negri ini,aneh dpr tidak mau pindah ke ikn apa juga anggota dpr pada setuju ibukota pindah ke ikn gimana standar kerja mereka ya apa sekedar memenuhi keinginan pemilik modal entah lah serba aneh negeri ini,aneh dpr pindah ikn anggota dpr setuju ibukota pindah ikn gimana standar kerja sekedar memenuhi pemilik modal serba aneh negeri,aneh dpr pindah ikn anggota dpr tuju ibukota pindah ikn gimana standar kerja dar penuh milik modal serba aneh negeri,Positif
cptan dh pindah ibukota cape macet mulu,cptan dh pindah ibukota cape macet mulu,cptan dh pindah ibukota cape macet mulu,cepat sudah pindah ibukota kesal macet selalu,cepat pindah ibukota kesal macet,cepat pindah ibukota kesal macet,Negatif
@KangSemproel Udah pada sakit semua kalian emang benalu. Bikin uu ibukota baru tanpa kajian trus kalian sahkan. Giliran disuruh pindah kesana kalian menolak. Bener2 jijik lihat kelakuan kalian.,udah pada sakit semua kalian emang benalu bikin uu ibukota baru tanpa kajian trus kalian sahkan giliran disuruh pindah kesana kalian menolak bener jijik lihat kelakuan kalian,udah pada sakit semua kalian emang benalu bikin uu ibukota baru tanpa kajian trus kalian sahkan giliran disuruh pindah kesana kalian menolak bener jijik lihat kelakuan kalian,sudah pada sakit semua kalian memang benalu bikin uu ibukota baru tanpa kajian terus kalian sahkan giliran disuruh pindah kesana kalian menolak benar jijik lihat kelakuan kalian,sakit benalu bikin uu ibukota kajian sahkan giliran disuruh pindah kesana menolak jijik lihat kelakuan,sakit benalu bikin uu ibukota kaji sahkan gilir suruh pindah kesana tolak jijik lihat laku,Negatif
"sisa kak icha sama kak firza deh sbg warga kabupaten jkt (ibukota pindah ke ikn)?????,1769859593969267052""",sisa kak icha sama kak firza deh sbg warga kabupaten jkt ibukota pindah ke ikn,sisa kak icha sama kak firza deh sbg warga kabupaten jkt ibukota pindah ke ikn,sisa kakak icha sama kakak firza deh sebagai warga kabupaten jakarta ibukota pindah ke ikn,sisa kakak icha kakak firza deh warga kabupaten jakarta ibukota pindah ikn,sisa kakak icha kakak firza deh warga kabupaten jakarta ibukota pindah ikn,Netral
@sociotalker Kejaksaan kepolisian KPK juga gak pindah dan menetapkan Jakarta Ibukota Yudikasi. BPK BPKP tidak pindah dan menetapkan Jakarta Ibukota Audit. Perpusnas tidak pindah dan menetapkan Jakarta Ibukota Pustaka,kejaksaan kepolisian kpk juga gak pindah dan menetapkan jakarta ibukota yudikasi bpk bpkp tidak pindah dan menetapkan jakarta ibukota audit perpusnas tidak pindah dan menetapkan jakarta ibukota pustaka,kejaksaan kepolisian kpk juga gak pindah dan menetapkan jakarta ibukota yudikasi bpk bpkp tidak pindah dan menetapkan jakarta ibukota audit perpusnas tidak pindah dan menetapkan jakarta ibukota pustaka,kejaksaan kepolisian kpk juga tidak pindah dan menetapkan jakarta ibukota yudikasi bapak bpkp tidak pindah dan menetapkan jakarta ibukota audit perpusnas tidak pindah dan menetapkan jakarta ibukota pustaka,kejaksaan kepolisian kpk pindah menetapkan jakarta ibukota yudikasi bpkp pindah menetapkan jakarta ibukota audit perpusnas pindah menetapkan jakarta ibukota pustaka,jaksa polisi kpk pindah tetap jakarta ibukota yudikasi bpkp pindah tetap jakarta ibukota audit perpusnas pindah tetap jakarta ibukota pustaka,Netral
@EndenMarshall @TunggaKusuma @gilang_ahm31272 Maklum broo... Pendukung 01 kehilangan lapak demo jika ibukota pindah ke IKN jadi buat narasi spt ini .,maklum broo pendukung kehilangan lapak demo jika ibukota pindah ke ikn jadi buat narasi spt ini,maklum broo pendukung kehilangan lapak demo jika ibukota pindah ke ikn jadi buat narasi spt ini,maklum bro pendukung kehilangan lapak demo jika ibukota pindah ke ikn jadi buat narasi seperti ini,maklum bro pendukung kehilangan lapak demo ibukota pindah ikn narasi,maklum bro dukung hilang lapak demo ibukota pindah ikn narasi,Netral
DPR aja gak mau pindah ke IKN tuh. Jakarta ibu kota legislatif IKN ibukota eksekutif wkwkwk,dpr aja gak mau pindah ke ikn tuh jakarta ibu kota legislatif ikn ibukota eksekutif wkwkwk,dpr aja gak mau pindah ke ikn tuh jakarta ibu kota legislatif ikn ibukota eksekutif wkwkwk,dpr saja tidak mau pindah ke ikn itu jakarta ibu kota legislatif ikn ibukota eksekutif wkwkwk,dpr pindah ikn jakarta kota legislatif ikn ibukota eksekutif,dpr pindah ikn jakarta kota legislatif ikn ibukota eksekutif,Netral
Ya kalo DPR nya ga pindah gimana cerita IKN jadi pusat ibukota pemerintahan dan Jakarta jadi pusat ekonomi.,ya kalo dpr nya ga pindah gimana cerita ikn jadi pusat ibukota pemerintahan dan jakarta jadi pusat ekonomi,ya kalo dpr nya ga pindah gimana cerita ikn jadi pusat ibukota pemerintahan dan jakarta jadi pusat ekonomi,ya kalau dpr nya tidak pindah gimana cerita ikn jadi pusat ibukota pemerintahan dan jakarta jadi pusat ekonomi,dpr nya pindah gimana cerita ikn pusat ibukota pemerintahan jakarta pusat ekonomi,dpr nya pindah gimana cerita ikn pusat ibukota perintah jakarta pusat ekonomi,Netral
Kelakuan para wakil Rakyat. Ramai2 bikin UU ibukota baru mindahin ibukota ke tempat lain. Pas giliran diharuskan pindah ke ibukota bikinan mereka kagak mau.. maunya tetep di Jakarta. Kota yg serba ada terlengkap di negri ini. Kurang 84n9547 gimana lagi https://t.co/ehG5T27A1j,kelakuan para wakil rakyat ramai bikin uu ibukota baru mindahin ibukota ke tempat lain pas giliran diharuskan pindah ke ibukota bikinan mereka kagak mau maunya tetep di jakarta kota yg serba ada terlengkap di negri ini kurang n gimana lagi,kelakuan para wakil rakyat ramai bikin uu ibukota baru mindahin ibukota ke tempat lain pas giliran diharuskan pindah ke ibukota bikinan mereka kagak mau maunya tetep di jakarta kota yg serba ada terlengkap di negri ini kurang n gimana lagi,kelakuan para wakil rakyat ramai bikin uu ibukota baru mindahin ibukota ke tempat lain pas giliran diharuskan pindah ke ibukota bikinan mereka kagak mau maunya tetap di jakarta kota yang serba ada terlengkap di negeri ini kurang n gimana lagi,kelakuan wakil rakyat ramai bikin uu ibukota mindahin ibukota pas giliran diharuskan pindah ibukota bikinan kagak maunya jakarta kota serba terlengkap negeri n gimana,laku wakil rakyat ramai bikin uu ibukota mindahin ibukota pas gilir harus pindah ibukota bikin kagak mau jakarta kota serba lengkap negeri n gimana,Netral
Legislatif mah fungsinya kontrol eksekutif bukan saingan sama eksekutif. Lu gamau pindah IKN ya ditolak dong sejak awal. Ini malah diterima tp minta sajen ibukota sendiri. Nih hasilnya punya pemimpin jago ngacak2 peraturan. Yg lain2 ya FOMO,legislatif mah fungsinya kontrol eksekutif bukan saingan sama eksekutif lu gamau pindah ikn ya ditolak dong sejak awal ini malah diterima tp minta sajen ibukota sendiri nih hasilnya punya pemimpin jago ngacak peraturan yg lain ya fomo,legislatif mah fungsinya kontrol eksekutif bukan saingan sama eksekutif lu gamau pindah ikn ya ditolak dong sejak awal ini malah diterima tp minta sajen ibukota sendiri nih hasilnya punya pemimpin jago ngacak peraturan yg lain ya fomo,legislatif mah fungsinya kontrol eksekutif bukan saingan sama eksekutif lu gamau pindah ikn ya ditolak dong sejak awal ini malah diterima tapi minta sajen ibukota sendiri ini hasilnya punya pemimpin jago ngacak peraturan yang lain ya fomo,legislatif mah fungsinya kontrol eksekutif saingan eksekutif lu gamau pindah ikn ditolak diterima sajen ibukota hasilnya pemimpin jago ngacak peraturan fomo,legislatif mah fungsi kontrol eksekutif saing eksekutif lu gamau pindah ikn tolak terima sajen ibukota hasil pimpin jago ngacak atur fomo,Negatif
Omon-omon ibukota nusantara ~ https://t.co/TGWZKpEB0C,omonomon ibukota nusantara,omonomon ibukota nusantara,omonomon ibukota nusantara,omonomon ibukota nusantara,omonomon ibukota nusantara,Netral
@mochamad_fariq @ballambinlove @cnbcindonesia Ud ad contohhnya kl ibukota pindah jauh dr ibukota sebelumnya semua gagal jd kota mati hrsna kl mo pindah bogor logisna....bisa c asal APBN dikuras terus hanya IKN,ud ad contohhnya kl ibukota pindah jauh dr ibukota sebelumnya semua gagal jd kota mati hrsna kl mo pindah bogor logisnabisa c asal apbn dikuras terus hanya ikn,ud ad contohhnya kl ibukota pindah jauh dr ibukota sebelumnya semua gagal jd kota mati hrsna kl mo pindah bogor logisnabisa c asal apbn dikuras terus hanya ikn,sudah ada contohhnya kalau ibukota pindah jauh dari ibukota sebelumnya semua gagal jadi kota mati hrsna kalau ingin pindah bogor logisnabisa c asal apbn dikuras terus hanya ikn,contohhnya ibukota pindah ibukota gagal kota mati hrsna pindah bogor logisnabisa c apbn dikuras ikn,contohhnya ibukota pindah ibukota gagal kota mati hrsna pindah bogor logisnabisa c apbn kuras ikn,Negatif
Gila banget UU sepenting itu soal perpindahan ibu kota negara disahin cuman dalam 42 hari. Padahal ga ada janji jokowi pindah ibukota. Yg ada jokowi janji dollar 10 ribu.,gila banget uu sepenting itu soal perpindahan ibu kota negara disahin cuman dalam hari padahal ga ada janji jokowi pindah ibukota yg ada jokowi janji dollar ribu,gila banget uu sepenting itu soal perpindahan ibu kota negara disahin cuman dalam hari padahal ga ada janji jokowi pindah ibukota yg ada jokowi janji dollar ribu,gila sekali uu sepenting itu soal perpindahan ibu kota negara disahin hanya dalam hari padahal tidak ada janji jokowi pindah ibukota yang ada jokowi janji dollar ribu,gila uu sepenting perpindahan kota negara disahin janji jokowi pindah ibukota jokowi janji dollar ribu,gila uu penting pindah kota negara disahin janji jokowi pindah ibukota jokowi janji dollar ribu,Netral
@cnbcindonesia Jakarta jadi ibukota Indonesia yg berakal sehat yg pro IKN pindah semua ke Kaltim.,jakarta jadi ibukota indonesia yg berakal sehat yg pro ikn pindah semua ke kaltim,jakarta jadi ibukota indonesia yg berakal sehat yg pro ikn pindah semua ke kaltim,jakarta jadi ibukota indonesia yang berakal sehat yang pro ikn pindah semua ke kaltim,jakarta ibukota indonesia berakal sehat pro ikn pindah kaltim,jakarta ibukota indonesia akal sehat pro ikn pindah kaltim,Positif
Pak Gemoy bisa ajha bergurau ditengah-tengah para pekerja di Ibukota Nusantara (IKN) Prabowo menurunkan Salam ??jari karena pemilu telah usai dan semua bersatu kembali untuk membangun Indonesia. https://t.co/i025ZK3OgC,pak gemoy bisa ajha bergurau ditengahtengah para pekerja di ibukota nusantara ikn prabowo menurunkan salam jari karena pemilu telah usai dan semua bersatu kembali untuk membangun indonesia,pak gemoy bisa ajha bergurau ditengahtengah para pekerja di ibukota nusantara ikn prabowo menurunkan salam jari karena pemilu telah usai dan semua bersatu kembali untuk membangun indonesia,bapak gemoy bisa ajha bergurau ditengahtengah para pekerja di ibukota nusantara ikn prabowo menurunkan salam jari karena pemilu telah usai dan semua bersatu kembali untuk membangun indonesia,gemoy ajha bergurau ditengahtengah pekerja ibukota nusantara ikn menurunkan salam jari pemilu bersatu membangun indonesia,gemoy ajha gurau ditengahtengah kerja ibukota nusantara ikn turun salam jari milu satu bangun indonesia,Netral
@C_D3pp Misalnya merembet Yudikatif gak mau pindah dan usul Jakarta Ibukota Yudikasi terus gimana?,misalnya merembet yudikatif gak mau pindah dan usul jakarta ibukota yudikasi terus gimana,misalnya merembet yudikatif gak mau pindah dan usul jakarta ibukota yudikasi terus gimana,misalnya merembet yudikatif tidak mau pindah dan usul jakarta ibukota yudikasi terus gimana,merembet yudikatif pindah usul jakarta ibukota yudikasi gimana,rembet yudikatif pindah usul jakarta ibukota yudikasi gimana,Netral
@T4rG3t_2024 Tidak mau pindah tau sebabnya?.. Kemudahan kenikmatan dunia ada di Jkt.. Lah ini blm apa2 mo dibatasi 2jt.. Mo bangun ibukota atau kompleks perumahan?,tidak mau pindah tau sebabnya kemudahan kenikmatan dunia ada di jkt lah ini blm apa mo dibatasi jt mo bangun ibukota atau kompleks perumahan,tidak mau pindah tau sebabnya kemudahan kenikmatan dunia ada di jkt lah ini blm apa mo dibatasi jt mo bangun ibukota atau kompleks perumahan,tidak mau pindah tau sebabnya kemudahan kenikmatan dunia ada di jakarta lah ini belum apa ingin dibatasi jt ingin bangun ibukota atau kompleks perumahan,pindah tau kemudahan kenikmatan dunia jakarta dibatasi jt bangun ibukota kompleks perumahan,pindah tau mudah nikmat dunia jakarta batas jt bangun ibukota kompleks rumah,Positif
@dokterparu Misalnya kejagung gak mau pindah dan usul Jakarta menjadi Ibukota Yudikasi boleh juga IKN Ibukota Eksekusi,misalnya kejagung gak mau pindah dan usul jakarta menjadi ibukota yudikasi boleh juga ikn ibukota eksekusi,misalnya kejagung gak mau pindah dan usul jakarta menjadi ibukota yudikasi boleh juga ikn ibukota eksekusi,misalnya kejagung tidak mau pindah dan usul jakarta menjadi ibukota yudikasi boleh juga ikn ibukota eksekusi,kejagung pindah usul jakarta ibukota yudikasi ikn ibukota eksekusi,jagung pindah usul jakarta ibukota yudikasi ikn ibukota eksekusi,Netral
Emg udh paling bener ga ush pindah ibukota dah,emg udh paling bener ga ush pindah ibukota dah,emg udh paling bener ga ush pindah ibukota dah,memang sudah paling benar tidak ush pindah ibukota sudah,ush pindah ibukota,ush pindah ibukota,Netral
Karena keadaan setempat... ya karena apa anjirr Karena banjir kek angin kenceng kek ibukota mau pindah kek.. Apa gitu lho !! Ga ikut nonton tapi ikut argjjzbkKak,karena keadaan setempat ya karena apa anjirr karena banjir kek angin kenceng kek ibukota mau pindah kek apa gitu lho ga ikut nonton tapi ikut argjjzbkkak,karena keadaan setempat ya karena apa anjirr karena banjir kek angin kenceng kek ibukota mau pindah kek apa gitu lho ga ikut nonton tapi ikut argjjzbkkak,karena keadaan setempat ya karena apa anjirr karena banjir seperti angin cepat seperti ibukota mau pindah seperti apa gitu lho tidak ikut nonton tapi ikut argjjzbkkak,anjirr banjir angin cepat ibukota pindah gitu nonton argjjzbkkak,anjirr banjir angin cepat ibukota pindah gitu nonton argjjzbkkak,Netral
@cnbcindonesia @hnurwahid Bikin undang-undang pindah ibukota tapi gak mau ikut pindah dasar pekok,bikin undangundang pindah ibukota tapi gak mau ikut pindah dasar pekok,bikin undangundang pindah ibukota tapi gak mau ikut pindah dasar pekok,bikin undangundang pindah ibukota tapi tidak mau ikut pindah dasar pekok,bikin undangundang pindah ibukota pindah dasar pekok,bikin undangundang pindah ibukota pindah dasar kok,Netral
@rzkynd14 @hildarista_ Apalagi orang2 ibukota yg udah biasa semua2nya gampang dicari pindah ke situ auto kaya survival,apalagi orang ibukota yg udah biasa semuanya gampang dicari pindah ke situ auto kaya survival,apalagi orang ibukota yg udah biasa semuanya gampang dicari pindah ke situ auto kaya survival,apalagi orang ibukota yang sudah biasa semuanya gampang dicari pindah ke situ auto seperti survival,orang ibukota gampang dicari pindah situ auto survival,orang ibukota gampang cari pindah situ auto survival,Netral
@strike_bravo_b PKS : gw bilang juga apa Om btw DPR nggak mau pindah ke ikn mereka lebih se7 jakarta jadi ibukota legislatif kaya di Afrika Selatan yang punya ibukota legislatif,pks gw bilang juga apa om btw dpr nggak mau pindah ke ikn mereka lebih se jakarta jadi ibukota legislatif kaya di afrika selatan yang punya ibukota legislatif,pks gw bilang juga apa om btw dpr nggak mau pindah ke ikn mereka lebih se jakarta jadi ibukota legislatif kaya di afrika selatan yang punya ibukota legislatif,pks aku bilang juga apa om omong dpr tidak mau pindah ke ikn mereka lebih se jakarta jadi ibukota legislatif seperti di afrika selatan yang punya ibukota legislatif,pks bilang om omong dpr pindah ikn jakarta ibukota legislatif afrika selatan ibukota legislatif,pks bilang om omong dpr pindah ikn jakarta ibukota legislatif afrika selatan ibukota legislatif,Netral
@cnbcindonesia trus ngapain dulu acc pindah ibukota???? https://t.co/jgCL663Piv,trus ngapain dulu acc pindah ibukota,trus ngapain dulu acc pindah ibukota,terus apa dulu terima pindah ibukota,terima pindah ibukota,terima pindah ibukota,Netral
@cnbcindonesia Ga ikhlas pindah ibukota namanya. Malah jadi punya 2 ibukota. Malah boros anggaran.,ga ikhlas pindah ibukota namanya malah jadi punya ibukota malah boros anggaran,ga ikhlas pindah ibukota namanya malah jadi punya ibukota malah boros anggaran,tidak ikhlas pindah ibukota namanya malah jadi punya ibukota malah boros anggaran,ikhlas pindah ibukota namanya ibukota boros anggaran,ikhlas pindah ibukota nama ibukota boros anggar,Negatif
Ibukota pindah ke ikn apakah jeketi ikut pindah dan beralih nama menjadi ikn48,ibukota pindah ke ikn apakah jeketi ikut pindah dan beralih nama menjadi ikn,ibukota pindah ke ikn apakah jeketi ikut pindah dan beralih nama menjadi ikn,ibukota pindah ke ikn apakah jeketi ikut pindah dan beralih nama menjadi ikn,ibukota pindah ikn jeketi pindah beralih nama ikn,ibukota pindah ikn jeket pindah alih nama ikn,Netral
@HabanglaliK @KatzNada3 @antikadrunmuna @NobowoNonowo @aesculapiusw @Doublehenry1 @hlh_kntl @dimas1286478285 @anu318725175311 @ajegilelu1 @johnhomebapa @antikadrunbang @eeh_ito @Atheis_Bergitar @JhontalJk @catznada3 @ricardo_bobby @Froyo64 @Marnischaniago2 @Karsono12732862 @ImDevils2032 @PekanbaruRyu @alfatih212426 @AnakBawang_0705 @tdkistimewa @Greschinove @Kappa_2023 @katz_bornagain @Royedy6 @dy04343703 @Amox1L1N @JokoPintar2 @xyz161803zyx @Momonsimomon @DocteurSilver @FajarUmbara_ @Iderjagadd @antonpoet1 @talangijoo @Valhallaah @AremaNita__ @agama_nusantara @AsbabulKopi @KUda_niell @PaijoKhentir @mas_soem @Matahari_tmr Alexander the great itu raja Mesopotamia. Dia adalah murid Aristoteles. DIA PERANG BUKAN UNTUK MEMPERBUDAK TAPI SEBALIKNYA MEMBEBASKAN RAKYAT SUATU NEGERI DARI PERBUDAKAN. 12 x PERANG 12 x MENANG Namanya begitu harum sehingga diabadikan menjadi ibukota Mesir ALEXANDRIA,alexander the great itu raja mesopotamia dia adalah murid aristoteles dia perang bukan untuk memperbudak tapi sebaliknya membebaskan rakyat suatu negeri dari perbudakan x perang x menang namanya begitu harum sehingga diabadikan menjadi ibukota mesir alexandria,alexander the great itu raja mesopotamia dia adalah murid aristoteles dia perang bukan untuk memperbudak tapi sebaliknya membebaskan rakyat suatu negeri dari perbudakan x perang x menang namanya begitu harum sehingga diabadikan menjadi ibukota mesir alexandria,alexander sebuah great itu raja mesopotamia dia adalah siswa aristoteles dia perang bukan untuk memperbudak tapi sebaliknya membebaskan rakyat suatu negeri dari perbudakan x perang x menang namanya begitu harum sehingga diabadikan menjadi ibukota mesir alexandria,alexander great raja mesopotamia siswa aristoteles perang memperbudak membebaskan rakyat negeri perbudakan x perang x menang namanya harum diabadikan ibukota mesir alexandria,alexander great raja mesopotamia siswa aristoteles perang budak bebas rakyat negeri budak x perang x menang nama harum abadi ibukota mesir alexandria,Netral
Prabowo Subianto kunjungi Ibukota Nusantara (IKN) dalam agenda kerjanya sebagai Menteri Pertahanan Republik Indonesia Prabowo mengunjungi sejumlah lokasi Dikawasan IKN termasuk melihat langsung progres pembangunan Istana Negara. #ikn #ibukotanusantara #PrabowoGibran https://t.co/dD059XKI8Y,prabowo subianto kunjungi ibukota nusantara ikn dalam agenda kerjanya sebagai menteri pertahanan republik indonesia prabowo mengunjungi sejumlah lokasi dikawasan ikn termasuk melihat langsung progres pembangunan istana negara,prabowo subianto kunjungi ibukota nusantara ikn dalam agenda kerjanya sebagai menteri pertahanan republik indonesia prabowo mengunjungi sejumlah lokasi dikawasan ikn termasuk melihat langsung progres pembangunan istana negara,prabowo subianto kunjungi ibukota nusantara ikn dalam agenda kerjanya sebagai menteri pertahanan republik indonesia prabowo mengunjungi sejumlah lokasi dikawasan ikn termasuk melihat langsung progres pembangunan istana negara,subianto kunjungi ibukota nusantara ikn agenda kerjanya menteri pertahanan republik indonesia mengunjungi lokasi dikawasan ikn langsung progres pembangunan istana negara,subianto kunjung ibukota nusantara ikn agenda kerja menteri tahan republik indonesia unjung lokasi kawasan ikn langsung progres bangun istana negara,Netral
Rapat dengar pendapat (RDP) Komisi II DPR RI yang dipimpin oleh Ketua Komisi II DPR RI Ahmad Doli Kurnia Tandjung dengan Kepala Otorita Ibukota Nusantara (OIKN) Bambang Susantono beserta jajarannya menghasilkan empat butir kesimpulan. https://t.co/ur64d46cTN https://t.co/SZ1hp7NHe6,rapat dengar pendapat rdp komisi ii dpr ri yang dipimpin oleh ketua komisi ii dpr ri ahmad doli kurnia tandjung dengan kepala otorita ibukota nusantara oikn bambang susantono beserta jajarannya menghasilkan empat butir kesimpulan,rapat dengar pendapat rdp komisi ii dpr ri yang dipimpin oleh ketua komisi ii dpr ri ahmad doli kurnia tandjung dengan kepala otorita ibukota nusantara oikn bambang susantono beserta jajarannya menghasilkan empat butir kesimpulan,rapat dengar pendapat rdp komisi ii dpr ri yang dipimpin oleh ketua komisi ii dpr ri ahmad doli kurnia tandjung dengan kepala otorita ibukota nusantara oikn bambang susantono beserta jajarannya menghasilkan empat butir kesimpulan,rapat dengar pendapat rdp komisi ii dpr ri dipimpin ketua komisi ii dpr ri ahmad doli kurnia tandjung kepala otorita ibukota nusantara oikn bambang susantono beserta jajarannya menghasilkan butir kesimpulan,rapat dengar dapat rdp komisi ii dpr ri pimpin ketua komisi ii dpr ri ahmad dol kurnia tandjung kepala otorita ibukota nusantara oikn bambang susantono serta jajar hasil butir simpul,Netral
@onlywtrmarks mau pindah ibukota,mau pindah ibukota,mau pindah ibukota,mau pindah ibukota,pindah ibukota,pindah ibukota,Netral
Solusinya pindah ibukota,solusinya pindah ibukota,solusinya pindah ibukota,solusinya pindah ibukota,solusinya pindah ibukota,solusi pindah ibukota,Netral
Lagian ngapain sih pindah pindah ibukota biarin aja di jakarta kek mau tenggelem lah mau kebakar lah biarin ae,lagian ngapain sih pindah pindah ibukota biarin aja di jakarta kek mau tenggelem lah mau kebakar lah biarin ae,lagian ngapain sih pindah pindah ibukota biarin aja di jakarta kek mau tenggelem lah mau kebakar lah biarin ae,lagian apa sih pindah pindah ibukota biarin saja di jakarta seperti mau tenggelem lah mau kebakar lah biarin ae,pindah pindah ibukota biarin jakarta tenggelem kebakar biarin,pindah pindah ibukota biarin jakarta tenggelem bakar biarin,Netral
Ibukota jawa tengah krungu krungu meh pindah ng solo mergo psis kalahan,ibukota jawa tengah krungu krungu meh pindah ng solo mergo psis kalahan,ibukota jawa tengah krungu krungu meh pindah ng solo mergo psis kalahan,ibukota jawa tengah krungu krungu meh pindah ng solo mergo psis kalahan,ibukota jawa krungu krungu meh pindah ng solo mergo psis kalahan,ibukota jawa krungu krungu meh pindah ng solo mergo psis kalah,Netral
@poisedon_1991 @Danu_d4nu @Miduk17 Karena Eropa tidak Bisa pindah ibukota ke daerah hutan perawan. GUOBLOKKK,karena eropa tidak bisa pindah ibukota ke daerah hutan perawan guoblokkk,karena eropa tidak bisa pindah ibukota ke daerah hutan perawan guoblokkk,karena eropa tidak bisa pindah ibukota ke daerah hutan perawan guoblokkk,eropa pindah ibukota daerah hutan perawan guoblokkk,eropa pindah ibukota daerah hutan perawan guoblokkk,Netral
@WAHYU_UNIFORM harus pindah ibukota biar gak banjir,harus pindah ibukota biar gak banjir,harus pindah ibukota biar gak banjir,harus pindah ibukota biar tidak banjir,pindah ibukota biar banjir,pindah ibukota biar banjir,Netral
@PakatDayak_ betul bang bukan hanya ibukota saja yg pindah semua kepemerintahan jg pindah orang nya dan tentu saja kemajuannya. saya harap UU adat masih didorong oleh teman2 dayak. jangan sampai malah tersisihkan hilang identitasnya...,betul bang bukan hanya ibukota saja yg pindah semua kepemerintahan jg pindah orang nya dan tentu saja kemajuannya saya harap uu adat masih didorong oleh teman dayak jangan sampai malah tersisihkan hilang identitasnya,betul bang bukan hanya ibukota saja yg pindah semua kepemerintahan jg pindah orang nya dan tentu saja kemajuannya saya harap uu adat masih didorong oleh teman dayak jangan sampai malah tersisihkan hilang identitasnya,betul kakak bukan hanya ibukota saja yang pindah semua kepemerintahan juga pindah orang nya dan tentu saja kemajuannya aku harap uu adat masih didorong oleh teman dayak jangan sampai malah tersisihkan hilang identitasnya,kakak ibukota pindah kepemerintahan pindah orang nya kemajuannya harap uu adat didorong teman dayak tersisihkan hilang identitasnya,kakak ibukota pindah perintah pindah orang nya maju harap uu adat dorong teman dayak sisih hilang identitas,Netral
Kerjaan sebelumnya jg gw PP kantor total 4 jam sehari baru pindah ke jabodetabek &amp; langsung kerja di ibukota. No idea how it was sangat amat kultur syok krn w dr Bandung. Wajar takut tp cobain dulu sekali mumpung cuma baru tes,kerjaan sebelumnya jg gw pp kantor total jam sehari baru pindah ke jabodetabek amp langsung kerja di ibukota no idea how it was sangat amat kultur syok krn w dr bandung wajar takut tp cobain dulu sekali mumpung cuma baru tes,kerjaan sebelumnya jg gw pp kantor total jam sehari baru pindah ke jabodetabek amp langsung kerja di ibukota no idea how it was sangat amat kultur syok krn w dr bandung wajar takut tp cobain dulu sekali mumpung cuma baru tes,kerjaan sebelumnya juga aku pp kantor total jam sehari baru pindah ke jabodetabek sampai langsung kerja di ibukota no ide bagaimana it was sangat sekali kultur syok karena aku dari bandung wajar takut tapi cobain dulu sekali mumpung hanya baru tes,kerjaan pp kantor total jam sehari pindah jabodetabek langsung kerja ibukota no ide it was kultur syok bandung wajar takut cobain mumpung tes,kerja pp kantor total jam hari pindah jabodetabek langsung kerja ibukota no ide it was kultur syok bandung wajar takut cobain mumpung tes,Negatif
Yaallaaah banten ga mau pindah ibukota apa ya jauh banget,yaallaaah banten ga mau pindah ibukota apa ya jauh banget,yaallaaah banten ga mau pindah ibukota apa ya jauh banget,yaallaaah banten tidak mau pindah ibukota apa ya jauh sekali,yaallaaah banten pindah ibukota,yaallaaah banten pindah ibukota,Netral
@debbieflavi @mx00711 @sakkusaitna @Tita83079013 @RefublikAteis @frank21blue @agama_nusantara @BayuAngora @spektrumku @Valhallaah @PaijoKhentir @iam_zelt @ahmedasarlan @Jelantik5 @Kappa_2023 @bnsphrxyzzz Mrk lg nunggu2 kesempatan..ktnye ada yg mau demo bsr2an tgl 18 maret ini ye.kgk th bener https://t.co/JXbLtYZIo9 semua yg tnggl di ibukota hrs waspada aje,mrk lg nunggu kesempatanktnye ada yg mau demo bsran tgl maret ini yekgk th bener semua yg tnggl di ibukota hrs waspada aje,mrk lg nunggu kesempatanktnye ada yg mau demo bsran tgl maret ini yekgk th bener semua yg tnggl di ibukota hrs waspada aje,mrk lagi nunggu kesempatanktnye ada yang mau demo bsran tanggal maret ini yekgk th benar semua yang tnggl di ibukota harus waspada saja,mrk nunggu kesempatanktnye demo bsran tanggal maret yekgk th tnggl ibukota waspada,mrk nunggu kesempatanktnye demo bsran tanggal maret yekgk th tnggl ibukota waspada,Netral
Harusnya wacananya setelah Kalimantan jadi Ibukota . Kalau Ibukota gag jadi pindah kan gag perlu menerima uang hibah dari amerika! masak Ibukota pindah keinginan Presiden kok negara lain ikutan nyumbang besok kalo amerika ikutan cawe-cawe kapok rasakno!!!. Biasanya gitu!!!,harusnya wacananya setelah kalimantan jadi ibukota kalau ibukota gag jadi pindah kan gag perlu menerima uang hibah dari amerika masak ibukota pindah keinginan presiden kok negara lain ikutan nyumbang besok kalo amerika ikutan cawecawe kapok rasakno biasanya gitu,harusnya wacananya setelah kalimantan jadi ibukota kalau ibukota gag jadi pindah kan gag perlu menerima uang hibah dari amerika masak ibukota pindah keinginan presiden kok negara lain ikutan nyumbang besok kalo amerika ikutan cawecawe kapok rasakno biasanya gitu,harusnya wacananya setelah kalimantan jadi ibukota kalau ibukota gag jadi pindah kan gag perlu menerima uang hibah dari amerika masak ibukota pindah keinginan presiden kok negara lain ikutan nyumbang besok kalau amerika ikutan cawecawe kapok rasakno biasanya gitu,wacananya kalimantan ibukota ibukota gag pindah gag menerima uang hibah amerika masak ibukota pindah presiden negara ikutan nyumbang besok amerika ikutan cawecawe kapok rasakno gitu,wacana kalimantan ibukota ibukota gag pindah gag terima uang hibah amerika masak ibukota pindah presiden negara ikut nyumbang besok amerika ikut cawecawe kapok rasakno gitu,Netral
Sebut saja Korea Selatan dan Belanda yang merdeka pada abad 15. Ini Indonesia belum seabad malah pindah Ibukota heran!. Semua rakyat Indonesia juga tahu bahwa proyek IKN jadi sampingan penghasilan dan lebih mendapatkan keuntungan disamping gaji sebagai Presiden. Narasi,sebut saja korea selatan dan belanda yang merdeka pada abad ini indonesia belum seabad malah pindah ibukota heran semua rakyat indonesia juga tahu bahwa proyek ikn jadi sampingan penghasilan dan lebih mendapatkan keuntungan disamping gaji sebagai presiden narasi,sebut saja korea selatan dan belanda yang merdeka pada abad ini indonesia belum seabad malah pindah ibukota heran semua rakyat indonesia juga tahu bahwa proyek ikn jadi sampingan penghasilan dan lebih mendapatkan keuntungan disamping gaji sebagai presiden narasi,sebut saja korea selatan dan belanda yang merdeka pada abad ini indonesia belum seabad malah pindah ibukota heran semua rakyat indonesia juga tahu bahwa proyek ikn jadi sampingan penghasilan dan lebih mendapatkan keuntungan disamping gaji sebagai presiden narasi,korea selatan belanda merdeka abad indonesia seabad pindah ibukota heran rakyat indonesia proyek ikn sampingan penghasilan keuntungan disamping gaji presiden narasi,korea selatan belanda merdeka abad indonesia abad pindah ibukota heran rakyat indonesia proyek ikn samping hasil untung samping gaji presiden narasi,Positif
Sebenarnya tanpa pindah Ibukota negara sekalipun aglomerasi malah yang harus dilakukan termasuk pembangunan gedung yang tidak boleh tinggi. Menilik kawasan sawah ataupun membuat green house dalam keadaan kemarau. Maaf yaa.. Negara yang duluan merdeka gag pernah pindah Ibukota!!,sebenarnya tanpa pindah ibukota negara sekalipun aglomerasi malah yang harus dilakukan termasuk pembangunan gedung yang tidak boleh tinggi menilik kawasan sawah ataupun membuat green house dalam keadaan kemarau maaf yaa negara yang duluan merdeka gag pernah pindah ibukota,sebenarnya tanpa pindah ibukota negara sekalipun aglomerasi malah yang harus dilakukan termasuk pembangunan gedung yang tidak boleh tinggi menilik kawasan sawah ataupun membuat green house dalam keadaan kemarau maaf yaa negara yang duluan merdeka gag pernah pindah ibukota,sebenarnya tanpa pindah ibukota negara sekalipun aglomerasi malah yang harus dilakukan termasuk pembangunan gedung yang tidak boleh tinggi menilik kawasan sawah ataupun membuat green house dalam keadaan kemarau maaf iya negara yang duluan merdeka gag pernah pindah ibukota,pindah ibukota negara aglomerasi pembangunan gedung menilik kawasan sawah green house kemarau maaf iya negara duluan merdeka gag pindah ibukota,pindah ibukota negara aglomerasi bangun gedung tilik kawasan sawah green house kemarau maaf iya negara duluan merdeka gag pindah ibukota,Netral
@Mrkaikid @johnykarim Kalimantan sentris? Karena Ibukota nya di Kalimantan? Ibukota pindah itu karena faktor tertentu juga Kalau kita pertahankan Jkt mau sampai kapan sampai negara maju disisi lain permukaan tanah jakarta udh menurun dan Padat.? Yakin mau di pertahankan? Bakal akhirnya juga pindah,kalimantan sentris karena ibukota nya di kalimantan ibukota pindah itu karena faktor tertentu juga kalau kita pertahankan jkt mau sampai kapan sampai negara maju disisi lain permukaan tanah jakarta udh menurun dan padat yakin mau di pertahankan bakal akhirnya juga pindah,kalimantan sentris karena ibukota nya di kalimantan ibukota pindah itu karena faktor tertentu juga kalau kita pertahankan jkt mau sampai kapan sampai negara maju disisi lain permukaan tanah jakarta udh menurun dan padat yakin mau di pertahankan bakal akhirnya juga pindah,kalimantan sentris karena ibukota nya di kalimantan ibukota pindah itu karena faktor tertentu juga kalau kita pertahankan jakarta mau sampai kapan sampai negara maju disisi lain permukaan tanah jakarta sudah menurun dan padat yakin mau di pertahankan akan akhirnya juga pindah,kalimantan sentris ibukota nya kalimantan ibukota pindah faktor pertahankan jakarta negara maju disisi permukaan tanah jakarta menurun padat pertahankan pindah,kalimantan sentris ibukota nya kalimantan ibukota pindah faktor tahan jakarta negara maju sisi muka tanah jakarta turun padat tahan pindah,Positif
Lebih enak langsung ke Jakarta Sebelum ibukota pindah ke IKN Tak Perlu ke Jakarta Sengketa Pemilu Bisa Diajukan dan Disidangkan dari Mana Saja. Baca di https://t.co/8pvCPJGRqk Akses Harian Kompas praktis kapan saja dan dari mana saja lewat aplikasi. Unduh sekarang!,lebih enak langsung ke jakarta sebelum ibukota pindah ke ikn tak perlu ke jakarta sengketa pemilu bisa diajukan dan disidangkan dari mana saja baca di akses harian kompas praktis kapan saja dan dari mana saja lewat aplikasi unduh sekarang,lebih enak langsung ke jakarta sebelum ibukota pindah ke ikn tak perlu ke jakarta sengketa pemilu bisa diajukan dan disidangkan dari mana saja baca di akses harian kompas praktis kapan saja dan dari mana saja lewat aplikasi unduh sekarang,lebih enak langsung ke jakarta sebelum ibukota pindah ke ikn tidak perlu ke jakarta sengketa pemilu bisa diajukan dan disidangkan dari mana saja baca di akses harian kompas praktis kapan saja dan dari mana saja lewat aplikasi unduh sekarang,enak langsung jakarta ibukota pindah ikn jakarta sengketa pemilu diajukan disidangkan baca akses harian kompas praktis aplikasi unduh,enak langsung jakarta ibukota pindah ikn jakarta sengketa milu aju sidang baca akses hari kompas praktis aplikasi unduh,Netral
PKS makin terlihat kalau partai yg sempit pikirsn dan susah berubah tidak mau pindah ibukota. Soal Daerah Khusus Politikus PKS Usul Jakarta Jadi Ibu Kota Legislatif https://t.co/lKQkzSshPE,pks makin terlihat kalau partai yg sempit pikirsn dan susah berubah tidak mau pindah ibukota soal daerah khusus politikus pks usul jakarta jadi ibu kota legislatif,pks makin terlihat kalau partai yg sempit pikirsn dan susah berubah tidak mau pindah ibukota soal daerah khusus politikus pks usul jakarta jadi ibu kota legislatif,pks makin terlihat kalau partai yang sempit pikirsn dan susah berubah tidak mau pindah ibukota soal daerah khusus politikus pks usul jakarta jadi ibu kota legislatif,pks partai sempit pikirsn susah berubah pindah ibukota daerah khusus politikus pks usul jakarta kota legislatif,pks partai sempit pikirsn susah ubah pindah ibukota daerah khusus politikus pks usul jakarta kota legislatif,Netral
@ZoelHayat @jokowi hahaha ibukota nusantara isinya orang asing semua,hahaha ibukota nusantara isinya orang asing semua,hahaha ibukota nusantara isinya orang asing semua,hahaha ibukota nusantara isinya orang asing semua,hahaha ibukota nusantara isinya orang asing,hahaha ibukota nusantara isi orang asing,Netral
Dari kecil picky eater daun ijo di warung padang yg free itu ga pernah mau makan. Pas pindah ke ibukota umur 23 terpaksa makan karena sungkan sama temen baru. Ternyata bisa makan. Skrg jd sering makan itu daun free di warung padang. It s not survival mode idk but it s gewwwwd.,dari kecil picky eater daun ijo di warung padang yg free itu ga pernah mau makan pas pindah ke ibukota umur terpaksa makan karena sungkan sama temen baru ternyata bisa makan skrg jd sering makan itu daun free di warung padang it s not survival mode idk but it s gewwwwd,dari kecil picky eater daun ijo di warung padang yg free itu ga pernah mau makan pas pindah ke ibukota umur terpaksa makan karena sungkan sama temen baru ternyata bisa makan skrg jd sering makan itu daun free di warung padang it s not survival mode idk but it s gewwwwd,dari kecil picky eater daun ijo di warung padang yang gratis itu tidak pernah mau makan pas pindah ke ibukota umur terpaksa makan karena sungkan sama teman baru ternyata bisa makan sekarang jadi sering makan itu daun gratis di warung padang it s tidak survival mode idk but it s gewwwwd,picky eater daun ijo warung padang gratis makan pas pindah ibukota umur terpaksa makan sungkan teman makan makan daun gratis warung padang it s survival mode idk but it s gewwwwd,picky eater daun ijo warung padang gratis makan pas pindah ibukota umur paksa makan sungkan teman makan makan daun gratis warung padang it s survival mode idk but it s gewwwwd,Netral
@noomehted tentu saja bukan dong wkwkwk blm siap pindah ke ibukota jadi weh balik lagi:(,tentu saja bukan dong wkwkwk blm siap pindah ke ibukota jadi weh balik lagi,tentu saja bukan dong wkwkwk blm siap pindah ke ibukota jadi weh balik lagi,tentu saja bukan dong wkwkwk belum siap pindah ke ibukota jadi weh balik lagi,pindah ibukota weh,pindah ibukota weh,Netral
@vulcansyah @kompascom gak malu bang DP vulcan? vulcan mah gak pro-pemerintah tapi netral &amp; memakai logika buat ngambil keputusan sulit untuk hajat hidup orang banyak pindah ibukota dengan membebani rakyat kayanya tidak termasuk dalam memakai logika buat keputusan sulit untuk hajat hidup orang banyak,gak malu bang dp vulcan vulcan mah gak propemerintah tapi netral amp memakai logika buat ngambil keputusan sulit untuk hajat hidup orang banyak pindah ibukota dengan membebani rakyat kayanya tidak termasuk dalam memakai logika buat keputusan sulit untuk hajat hidup orang banyak,gak malu bang dp vulcan vulcan mah gak propemerintah tapi netral amp memakai logika buat ngambil keputusan sulit untuk hajat hidup orang banyak pindah ibukota dengan membebani rakyat kayanya tidak termasuk dalam memakai logika buat keputusan sulit untuk hajat hidup orang banyak,tidak malu kakak dp vulcan vulcan mah tidak propemerintah tapi netral sampai memakai logika buat ngambil keputusan sulit untuk hajat hidup orang banyak pindah ibukota dengan membebani rakyat seperti tidak termasuk dalam memakai logika buat keputusan sulit untuk hajat hidup orang banyak,malu kakak dp vulcan vulcan mah propemerintah netral memakai logika ngambil keputusan sulit hajat hidup orang pindah ibukota membebani rakyat memakai logika keputusan sulit hajat hidup orang,malu kakak dp vulcan vulcan mah propemerintah netral pakai logika ngambil putus sulit hajat hidup orang pindah ibukota beban rakyat pakai logika putus sulit hajat hidup orang,Negatif
@kompascom FunFact : Ibukota pindah ke IKN biar gak perlu kabur2 kalau ada demo Soalnya modal ke IKN aja udah gede Nyatanya pejabat dan presiden yang dipilih rakyat aja suka kabur setiap ada demo didepan istana cc Presiden Pilihan Rakyat @jokowi,funfact ibukota pindah ke ikn biar gak perlu kabur kalau ada demo soalnya modal ke ikn aja udah gede nyatanya pejabat dan presiden yang dipilih rakyat aja suka kabur setiap ada demo didepan istana cc presiden pilihan rakyat,funfact ibukota pindah ke ikn biar gak perlu kabur kalau ada demo soalnya modal ke ikn aja udah gede nyatanya pejabat dan presiden yang dipilih rakyat aja suka kabur setiap ada demo didepan istana cc presiden pilihan rakyat,funfact ibukota pindah ke ikn biar tidak perlu kabur kalau ada demo soalnya modal ke ikn saja sudah gede nyatanya pejabat dan presiden yang dipilih rakyat saja suka kabur setiap ada demo didepan istana cc presiden pilihan rakyat,funfact ibukota pindah ikn biar kabur demo modal ikn gede pejabat presiden dipilih rakyat suka kabur demo didepan istana cc presiden pilihan rakyat,funfact ibukota pindah ikn biar kabur demo modal ikn gede jabat presiden pilih rakyat suka kabur demo depan istana cc presiden pilih rakyat,Positif
the ladykiller trend on tiktok recently got me thinking about cewek centil (not in a bad way) cantik manis imut with heavenly gaze loves to bake her family punya resto by the beach meets cowok ibukota pindah ke sana due to his parents divorced (dia ikut mamanya) AND BOOM,the ladykiller trend on tiktok recently got me thinking about cewek centil not in a bad way cantik manis imut with heavenly gaze loves to bake her family punya resto by the beach meets cowok ibukota pindah ke sana due to his parents divorced dia ikut mamanya and boom,the ladykiller trend on tiktok recently got me thinking about cewek centil not in a bad way cantik manis imut with heavenly gaze loves to bake her family punya resto by the beach meets cowok ibukota pindah ke sana due to his parents divorced dia ikut mamanya and boom,sebuah ladykiller trend nyala tiktok recently got aku pikir about cewek centil tidak di a bad way cantik manis imut dengan heavenly gaze loves ke bake her family punya resto dari sebuah beach meets cowok ibukota pindah ke sana due ke his orang tua divorced dia ikut mamanya dan boom,ladykiller trend nyala tiktok recently got pikir about cewek centil a bad way cantik manis imut heavenly gaze loves bake her family resto beach meets cowok ibukota pindah due his orang tua divorced mamanya boom,ladykiller trend nyala tiktok recently got pikir about cewek centil a bad way cantik manis imut heavenly gaze loves bake her family resto beach meets cowok ibukota pindah due his orang tua divorced mama boom,Netral
Selalu cari pembenaran soal pindah ibukota dibuatlah cerita yg mirip ilmiah tp omon-omon untuk membenarkan kebijakan Jokowi soal IKN,selalu cari pembenaran soal pindah ibukota dibuatlah cerita yg mirip ilmiah tp omonomon untuk membenarkan kebijakan jokowi soal ikn,selalu cari pembenaran soal pindah ibukota dibuatlah cerita yg mirip ilmiah tp omonomon untuk membenarkan kebijakan jokowi soal ikn,selalu cari pembenaran soal pindah ibukota dibuatlah cerita yang mirip ilmiah tapi omonomon untuk membenarkan kebijakan jokowi soal ikn,cari pembenaran pindah ibukota dibuatlah cerita ilmiah omonomon membenarkan kebijakan jokowi ikn,cari benar pindah ibukota buat cerita ilmiah omonomon benar bijak jokowi ikn,Netral
@BLiliang @alisyarief Si anak sulung jadi gubernur DKI sambil istirahat tarik nafas buat maju lagi di 2029 ibukota gak jadi pindah ke IKN.,si anak sulung jadi gubernur dki sambil istirahat tarik nafas buat maju lagi di ibukota gak jadi pindah ke ikn,si anak sulung jadi gubernur dki sambil istirahat tarik nafas buat maju lagi di ibukota gak jadi pindah ke ikn,si anak sulung jadi gubernur dki sambil istirahat tarik nafas buat maju lagi di ibukota tidak jadi pindah ke ikn,si anak sulung gubernur dki istirahat tarik nafas maju ibukota pindah ikn,si anak sulung gubernur dki istirahat tarik nafas maju ibukota pindah ikn,Positif
Makin banyak nemu anak anak Mojokerto thriving dan sukses di ibukota. Gokil emang keturunan Patih Gajahmada siap menguasai Nusantara,makin banyak nemu anak anak mojokerto thriving dan sukses di ibukota gokil emang keturunan patih gajahmada siap menguasai nusantara,makin banyak nemu anak anak mojokerto thriving dan sukses di ibukota gokil emang keturunan patih gajahmada siap menguasai nusantara,makin banyak nemu anak anak mojokerto thriving dan sukses di ibukota gokil memang keturunan patih gajahmada siap menguasai nusantara,nemu anak anak mojokerto thriving sukses ibukota gokil keturunan patih gajahmada menguasai nusantara,nemu anak anak mojokerto thriving sukses ibukota gokil turun patih gajahmada kuasa nusantara,Positif
Jakarta cocok dikelola oleh Heru Budi yg dibackup langsung Jokowi &amp; PSI. Kondisi jakarta yg bnjir macet &amp; polusi berat tanpa perbaikan yg berarti malah merusak yang sdh baik menjadi trending topic Jokowi cs utk kembali menyakinkan public bahwa sudah saat Ibukota pindah.,jakarta cocok dikelola oleh heru budi yg dibackup langsung jokowi amp psi kondisi jakarta yg bnjir macet amp polusi berat tanpa perbaikan yg berarti malah merusak yang sdh baik menjadi trending topic jokowi cs utk kembali menyakinkan public bahwa sudah saat ibukota pindah,jakarta cocok dikelola oleh heru budi yg dibackup langsung jokowi amp psi kondisi jakarta yg bnjir macet amp polusi berat tanpa perbaikan yg berarti malah merusak yang sdh baik menjadi trending topic jokowi cs utk kembali menyakinkan public bahwa sudah saat ibukota pindah,jakarta cocok dikelola oleh heru budi yang dibackup langsung jokowi sampai psi kondisi jakarta yang bnjir macet sampai polusi berat tanpa perbaikan yang berarti malah merusak yang sudah baik menjadi populer topic jokowi cs untuk kembali menyakinkan publik bahwa sudah saat ibukota pindah,jakarta cocok dikelola heru budi dibackup langsung jokowi psi kondisi jakarta bnjir macet polusi berat perbaikan merusak populer topic jokowi cs menyakinkan publik ibukota pindah,jakarta cocok kelola heru budi dibackup langsung jokowi psi kondisi jakarta bnjir macet polusi berat baik rusak populer topic jokowi cs menyakinkan publik ibukota pindah,Negatif
@risesknight121 Ibukota provinsinya pindah Cianjur aja sekalian..otomatis mengatasi banjir di ibukota provinsi Jakarta,ibukota provinsinya pindah cianjur aja sekalianotomatis mengatasi banjir di ibukota provinsi jakarta,ibukota provinsinya pindah cianjur aja sekalianotomatis mengatasi banjir di ibukota provinsi jakarta,ibukota provinsinya pindah cianjur saja sekalianotomatis mengatasi banjir di ibukota provinsi jakarta,ibukota provinsinya pindah cianjur sekalianotomatis mengatasi banjir ibukota provinsi jakarta,ibukota provinsi pindah cianjur sekalianotomatis atas banjir ibukota provinsi jakarta,Netral
@tavoryyn nanti ibukota negara jg pindah ke tembs,nanti ibukota negara jg pindah ke tembs,nanti ibukota negara jg pindah ke tembs,nanti ibukota negara juga pindah ke tembs,ibukota negara pindah tembs,ibukota negara pindah tembs,Netral
@firman__nurhuda @johnykarim Kn g perlu sampe pindah kota Duitnya bs dipake buat bangun fasilitas kota2 Kalimantan buat pembangunan jalan2 Kalimantan G dipake buat bikin istana kantor2 sama perumahan mewah pejabat pusat Paham? Atau rumah mewah pejabat ibukota lbh penting dibanding rumah sakit n sekolah?,kn g perlu sampe pindah kota duitnya bs dipake buat bangun fasilitas kota kalimantan buat pembangunan jalan kalimantan g dipake buat bikin istana kantor sama perumahan mewah pejabat pusat paham atau rumah mewah pejabat ibukota lbh penting dibanding rumah sakit n sekolah,kn g perlu sampe pindah kota duitnya bs dipake buat bangun fasilitas kota kalimantan buat pembangunan jalan kalimantan g dipake buat bikin istana kantor sama perumahan mewah pejabat pusat paham atau rumah mewah pejabat ibukota lbh penting dibanding rumah sakit n sekolah,kn tidak perlu sampai pindah kota duitnya bisa dipake buat bangun fasilitas kota kalimantan buat pembangunan jalan kalimantan tidak dipake buat bikin istana kantor sama perumahan mewah pejabat pusat paham atau rumah mewah pejabat ibukota lebih penting dibanding rumah sakit n sekolah,kn pindah kota duitnya dipake bangun fasilitas kota kalimantan pembangunan jalan kalimantan dipake bikin istana kantor perumahan mewah pejabat pusat paham rumah mewah pejabat ibukota dibanding rumah sakit n sekolah,kn pindah kota duit dipake bangun fasilitas kota kalimantan bangun jalan kalimantan dipake bikin istana kantor rumah mewah jabat pusat paham rumah mewah jabat ibukota banding rumah sakit n sekolah,Netral
@kompascom solusinya: pindah kota/ kabupaten/ ibukota.,solusinya pindah kota kabupaten ibukota,solusinya pindah kota kabupaten ibukota,solusinya pindah kota kabupaten ibukota,solusinya pindah kota kabupaten ibukota,solusi pindah kota kabupaten ibukota,Netral
papa : apa itu ikn sa me : ibu kota.... ndtau ibukota apa papa : ibu kota nusantara bgitu sj ndtau *lari naik ke lt2* bertanya ke kaka ku yg 11 12 ceteknya kek sy me : kita tau kepanjangan ikn kaka? cece : ha? ikatan... ikatan apa me : SUMPAH DIA LBH PRH MLH BLG IKATAN,papa apa itu ikn sa me ibu kota ndtau ibukota apa papa ibu kota nusantara bgitu sj ndtau lari naik ke lt bertanya ke kaka ku yg ceteknya kek sy me kita tau kepanjangan ikn kaka cece ha ikatan ikatan apa me sumpah dia lbh prh mlh blg ikatan,papa apa itu ikn sa me ibu kota ndtau ibukota apa papa ibu kota nusantara bgitu sj ndtau lari naik ke lt bertanya ke kaka ku yg ceteknya kek sy me kita tau kepanjangan ikn kaka cece ha ikatan ikatan apa me sumpah dia lbh prh mlh blg ikatan,papa apa itu ikn sa aku ibu kota ndtau ibukota apa papa ibu kota nusantara bgitu sj ndtau lari naik ke lt bertanya ke kaka ku yang ceteknya seperti sy aku kita tau kepanjangan ikn kaka cece ha ikatan ikatan apa aku sumpah dia lebih prh mlh blg ikatan,papa ikn sa kota ndtau ibukota papa kota nusantara bgitu sj ndtau lari lt kaka ku ceteknya sy tau kepanjangan ikn kaka cece ha ikatan ikatan sumpah prh mlh blg ikatan,papa ikn sa kota ndtau ibukota papa kota nusantara bgitu sj ndtau lari lt kaka ku cetek sy tau panjang ikn kaka cece ha ikat ikat sumpah prh mlh blg ikat,Netral
@BangWin04 Program kerja harus ada skala prioritas apa memang butuh ibulota...apa dasar mendadak u pindah ibukota..jakarta masih cocok u ibukota Ken jkt tempat prolamasi ..semua kedubes ada di jkt makam pahlawan nasional ada di jkt,program kerja harus ada skala prioritas apa memang butuh ibulotaapa dasar mendadak u pindah ibukotajakarta masih cocok u ibukota ken jkt tempat prolamasi semua kedubes ada di jkt makam pahlawan nasional ada di jkt,program kerja harus ada skala prioritas apa memang butuh ibulotaapa dasar mendadak u pindah ibukotajakarta masih cocok u ibukota ken jkt tempat prolamasi semua kedubes ada di jkt makam pahlawan nasional ada di jkt,program kerja harus ada skala prioritas apa memang butuh ibulotaapa dasar mendadak kamu pindah ibukotajakarta masih cocok kamu ibukota ken jakarta tempat prolamasi semua kedubes ada di jakarta makam pahlawan nasional ada di jakarta,program kerja skala prioritas butuh ibulotaapa dasar mendadak pindah ibukotajakarta cocok ibukota ken jakarta prolamasi kedubes jakarta makam pahlawan nasional jakarta,program kerja skala prioritas butuh ibulotaapa dasar dadak pindah ibukotajakarta cocok ibukota ken jakarta prolamasi dubes jakarta makam pahlawan nasional jakarta,Netral
@firman__nurhuda @johnykarim Balik LG g ad hubungannya sama pemerataan Jd pake alesan pindah ibukota utk pemerataan itu alesan konyol,balik lg g ad hubungannya sama pemerataan jd pake alesan pindah ibukota utk pemerataan itu alesan konyol,balik lg g ad hubungannya sama pemerataan jd pake alesan pindah ibukota utk pemerataan itu alesan konyol,balik lagi tidak ada hubungannya sama pemerataan jadi pakai alasan pindah ibukota untuk pemerataan itu alasan konyol,hubungannya pemerataan pakai alasan pindah ibukota pemerataan alasan konyol,hubung perata pakai alas pindah ibukota perata alas konyol,Netral
@saifulteladan udah pindah Beh ke Poris... lagu2an mo pindahin ibukota wong smpe dgn awal bulan ini aja sales-nya masih keliling ngerayu menjajakan ibukota halu.. dunia lg berjuang menyelamatkan diri masing2 dari resesi malah disuruh invest di konoha.. aaah yg boten2 aje..,udah pindah beh ke poris laguan mo pindahin ibukota wong smpe dgn awal bulan ini aja salesnya masih keliling ngerayu menjajakan ibukota halu dunia lg berjuang menyelamatkan diri masing dari resesi malah disuruh invest di konoha aaah yg boten aje,udah pindah beh ke poris laguan mo pindahin ibukota wong smpe dgn awal bulan ini aja salesnya masih keliling ngerayu menjajakan ibukota halu dunia lg berjuang menyelamatkan diri masing dari resesi malah disuruh invest di konoha aaah yg boten aje,sudah pindah beh ke poris laguan ingin pindahin ibukota wong sampai dengan awal bulan ini saja salesnya masih keliling ngerayu menjajakan ibukota halu dunia lagi berjuang menyelamatkan diri masing dari resesi malah disuruh invest di konoha aaah yang boten saja,pindah beh poris laguan pindahin ibukota salesnya keliling ngerayu menjajakan ibukota halu dunia berjuang menyelamatkan resesi disuruh invest konoha boten,pindah beh poris lagu pindahin ibukota salesnya keliling ngerayu jaja ibukota halu dunia juang selamat resesi suruh invest konoha boten,Positif
Sodara-sodara sebangsa dan setanah air. Maaf.. mau numpang nanya; Jadi sekarang ini ibukota negara dimana masih di Jakarta apa udah pindah ?,sodarasodara sebangsa dan setanah air maaf mau numpang nanya jadi sekarang ini ibukota negara dimana masih di jakarta apa udah pindah,sodarasodara sebangsa dan setanah air maaf mau numpang nanya jadi sekarang ini ibukota negara dimana masih di jakarta apa udah pindah,sodarasodara sebangsa dan setanah air maaf mau numpang tanya jadi sekarang ini ibukota negara dimana masih di jakarta apa sudah pindah,sodarasodara sebangsa setanah air maaf numpang ibukota negara dimana jakarta pindah,sodarasodara bangsa tanah air maaf numpang ibukota negara mana jakarta pindah,Netral
baru kepikiran deh ibukota pindah tugu monas ikut pindah juga nggk yah??,baru kepikiran deh ibukota pindah tugu monas ikut pindah juga nggk yah,baru kepikiran deh ibukota pindah tugu monas ikut pindah juga nggk yah,baru kepikiran deh ibukota pindah tugu monas ikut pindah juga tidak yah,kepikiran deh ibukota pindah tugu monas pindah yah,pikir deh ibukota pindah tugu monas pindah yah,Netral
Usul lur kalau pindah ibukota bisa atasi ketimpangan &amp; tercipta pemerataan daerah mungkin bisa dimulai mindah pusat Pemda DIY agak ke selatan di tengah tiga kabupaten paling timpang. Lebih dekat pusat leluhur Mataram kalau matur Gubernur juga ndak dianggap ganggu Malioboro,usul lur kalau pindah ibukota bisa atasi ketimpangan amp tercipta pemerataan daerah mungkin bisa dimulai mindah pusat pemda diy agak ke selatan di tengah tiga kabupaten paling timpang lebih dekat pusat leluhur mataram kalau matur gubernur juga ndak dianggap ganggu malioboro,usul lur kalau pindah ibukota bisa atasi ketimpangan amp tercipta pemerataan daerah mungkin bisa dimulai mindah pusat pemda diy agak ke selatan di tengah tiga kabupaten paling timpang lebih dekat pusat leluhur mataram kalau matur gubernur juga ndak dianggap ganggu malioboro,usul lur kalau pindah ibukota bisa atasi ketimpangan sampai tercipta pemerataan daerah mungkin bisa dimulai mindah pusat pemda diy agak ke selatan di tengah tiga kabupaten paling timpang lebih dekat pusat leluhur mataram kalau matur gubernur juga ndak dianggap ganggu malioboro,usul lur pindah ibukota atasi ketimpangan tercipta pemerataan daerah mindah pusat pemda diy selatan kabupaten timpang pusat leluhur mataram matur gubernur ndak dianggap ganggu malioboro,usul lur pindah ibukota atas timpang cipta perata daerah mindah pusat pemda diy selatan kabupaten timpang pusat leluhur mataram matur gubernur ndak anggap ganggu malioboro,Netral
@FeniRose_ maaf oot. ibu feni rose saat sekolah dasar nama di buku rapornya tertulis apa? :) *semua orang harus tau sebelum ibukota negara jadi pindah.,maaf oot ibu feni rose saat sekolah dasar nama di buku rapornya tertulis apa semua orang harus tau sebelum ibukota negara jadi pindah,maaf oot ibu feni rose saat sekolah dasar nama di buku rapornya tertulis apa semua orang harus tau sebelum ibukota negara jadi pindah,maaf oot ibu feni rose saat sekolah dasar nama di buku rapornya tertulis apa semua orang harus tau sebelum ibukota negara jadi pindah,maaf oot feni rose sekolah dasar nama buku rapornya tertulis orang tau ibukota negara pindah,maaf oot feni rose sekolah dasar nama buku rapor tulis orang tau ibukota negara pindah,Netral
@saidiman tapi sayangnya orang2 betawi pun sudah banyak yg hijrah ke depok bekasi &amp; tangerang.. dulu mereka tuan tanah di jakarta tapi seiring berjalannya waktu tanahnya habis dijual. akhirnya mereka pindah ke pinggir kota krn kalah bersaing dgn putra daerah yg beradu nasib di ibukota,tapi sayangnya orang betawi pun sudah banyak yg hijrah ke depok bekasi amp tangerang dulu mereka tuan tanah di jakarta tapi seiring berjalannya waktu tanahnya habis dijual akhirnya mereka pindah ke pinggir kota krn kalah bersaing dgn putra daerah yg beradu nasib di ibukota,tapi sayangnya orang betawi pun sudah banyak yg hijrah ke depok bekasi amp tangerang dulu mereka tuan tanah di jakarta tapi seiring berjalannya waktu tanahnya habis dijual akhirnya mereka pindah ke pinggir kota krn kalah bersaing dgn putra daerah yg beradu nasib di ibukota,tapi sayangnya orang betawi pun sudah banyak yang hijrah ke depok bekasi sampai tangerang dulu mereka tuan tanah di jakarta tapi seiring berjalannya waktu tanahnya habis dijual akhirnya mereka pindah ke pinggir kota karena kalah bersaing dengan putra daerah yang beradu nasib di ibukota,sayangnya orang betawi hijrah depok bekasi tangerang tuan tanah jakarta seiring berjalannya tanahnya habis dijual pindah pinggir kota kalah bersaing putra daerah beradu nasib ibukota,sayang orang betawi hijrah depok bekas tangerang tuan tanah jakarta iring jalan tanah habis jual pindah pinggir kota kalah saing putra daerah adu nasib ibukota,Netral
@saidiman Serius nanya kalo misal ibukota negara pindah beneran kelak apakah jkt dilepas dari daerah kusus atau keistimewaannya? Gajadi DKI lagi dong?,serius nanya kalo misal ibukota negara pindah beneran kelak apakah jkt dilepas dari daerah kusus atau keistimewaannya gajadi dki lagi dong,serius nanya kalo misal ibukota negara pindah beneran kelak apakah jkt dilepas dari daerah kusus atau keistimewaannya gajadi dki lagi dong,serius tanya kalau misal ibukota negara pindah beneran kelak apakah jakarta dilepas dari daerah kusus atau keistimewaannya gajadi dki lagi dong,serius ibukota negara pindah beneran kelak jakarta dilepas daerah kusus keistimewaannya gajadi dki,serius ibukota negara pindah beneran kelak jakarta lepas daerah sus istimewa gajadi dki,Netral
uda berat tinggal di indonesia.. Ibukota pindah.. sumatera jawa akan jadi kacung penguasa untuk makmurkan mereka di IKN.... hanya ada 2 cara.. keluar dari indonesia tiap provinsi.. atau revolusi jilid 2,uda berat tinggal di indonesia ibukota pindah sumatera jawa akan jadi kacung penguasa untuk makmurkan mereka di ikn hanya ada cara keluar dari indonesia tiap provinsi atau revolusi jilid,uda berat tinggal di indonesia ibukota pindah sumatera jawa akan jadi kacung penguasa untuk makmurkan mereka di ikn hanya ada cara keluar dari indonesia tiap provinsi atau revolusi jilid,sudah berat tinggal di indonesia ibukota pindah sumatera jawa akan jadi kacung penguasa untuk makmurkan mereka di ikn hanya ada cara keluar dari indonesia tiap provinsi atau revolusi jilid,berat tinggal indonesia ibukota pindah sumatera jawa kacung penguasa makmurkan ikn indonesia provinsi revolusi jilid,berat tinggal indonesia ibukota pindah sumatera jawa kacung kuasa makmur ikn indonesia provinsi revolusi jilid,Netral
@saidiman Dah bener Ibukota Pindah. Ibukota dan warganya harus mencerminkan Nilai-Nilai Keindonesiaan. bukan Sektarian,dah bener ibukota pindah ibukota dan warganya harus mencerminkan nilainilai keindonesiaan bukan sektarian,dah bener ibukota pindah ibukota dan warganya harus mencerminkan nilainilai keindonesiaan bukan sektarian,sudah benar ibukota pindah ibukota dan warganya harus mencerminkan nilainilai keindonesiaan bukan sektarian,ibukota pindah ibukota warganya mencerminkan nilainilai keindonesiaan sektarian,ibukota pindah ibukota warga cermin nilainilai indonesia sektarian,Netral
@saidiman Bali dan papua harus orang asli. GA PERNAH DIKATAIN DISKRIMINATIF. Kenapa Jakarta ga boleh? Kan ibukota udah pindah ke Kalimantan? https://t.co/6mC8k3VGbT,bali dan papua harus orang asli ga pernah dikatain diskriminatif kenapa jakarta ga boleh kan ibukota udah pindah ke kalimantan,bali dan papua harus orang asli ga pernah dikatain diskriminatif kenapa jakarta ga boleh kan ibukota udah pindah ke kalimantan,bali dan papua harus orang asli tidak pernah dikatain diskriminatif kenapa jakarta tidak boleh kan ibukota sudah pindah ke kalimantan,bali papua orang asli dikatain diskriminatif jakarta ibukota pindah kalimantan,bal papua orang asli dikatain diskriminatif jakarta ibukota pindah kalimantan,Netral
-Banjir PANTURA sdh mulai menunjukan bukti untuk P. Jawa - Ibukota akan pindah ke Kalimantan jg memberi petunjuk utk Jakarta - Nibiru jg akan muncul memperlihatkan ke publik Bumi sebentar lagi menyambut kedatangannya - Apakah WHO jg ikut memberi pengumuman tentang kesehatan?,banjir pantura sdh mulai menunjukan bukti untuk p jawa ibukota akan pindah ke kalimantan jg memberi petunjuk utk jakarta nibiru jg akan muncul memperlihatkan ke publik bumi sebentar lagi menyambut kedatangannya apakah who jg ikut memberi pengumuman tentang kesehatan,banjir pantura sdh mulai menunjukan bukti untuk p jawa ibukota akan pindah ke kalimantan jg memberi petunjuk utk jakarta nibiru jg akan muncul memperlihatkan ke publik bumi sebentar lagi menyambut kedatangannya apakah who jg ikut memberi pengumuman tentang kesehatan,banjir pantura sudah mulai menunjukan bukti untuk p jawa ibukota akan pindah ke kalimantan juga memberi petunjuk untuk jakarta nibiru juga akan muncul memperlihatkan ke publik bumi sebentar lagi menyambut kedatangannya apakah who juga ikut memberi pengumuman tentang kesehatan,banjir pantura menunjukan bukti p jawa ibukota pindah kalimantan petunjuk jakarta nibiru muncul publik bumi sebentar menyambut kedatangannya who pengumuman kesehatan,banjir pantura tunjuk bukti p jawa ibukota pindah kalimantan tunjuk jakarta nibiru muncul publik bumi sebentar sambut datang who umum sehat,Netral
@BiLLYKHAERUDIN Menurutku para anggota DPRnya saat memutuskan itu tersandera Partai dan Ketuanya penginnya tetap di Jakarta tapi dipaksa tutup mulut gak bebas menyuarakan hati nuraninya dikira gampang kali pindah ibukota nyebrang lautan luas,menurutku para anggota dprnya saat memutuskan itu tersandera partai dan ketuanya penginnya tetap di jakarta tapi dipaksa tutup mulut gak bebas menyuarakan hati nuraninya dikira gampang kali pindah ibukota nyebrang lautan luas,menurutku para anggota dprnya saat memutuskan itu tersandera partai dan ketuanya penginnya tetap di jakarta tapi dipaksa tutup mulut gak bebas menyuarakan hati nuraninya dikira gampang kali pindah ibukota nyebrang lautan luas,menurutku para anggota dprnya saat memutuskan itu tersandera partai dan ketuanya penginnya tetap di jakarta tapi dipaksa tutup mulut tidak bebas menyuarakan hati nuraninya dikira gampang kali pindah ibukota nyebrang lautan luas,menurutku anggota dprnya memutuskan tersandera partai ketuanya penginnya jakarta dipaksa tutup mulut bebas menyuarakan hati nuraninya gampang kali pindah ibukota nyebrang lautan luas,turut anggota dprnya putus sandera partai ketua pengin jakarta paksa tutup mulut bebas suara hati nurani gampang kali pindah ibukota nyebrang laut luas,Netral
@Mrkaikid @johnykarim Rayain ratain aja juga udh dilakukan tapi IKN itu juga utama dalam pemerataan kalau kita hanya mengandalkan Jkt ya apakah meratakan tsb akan terjamin? Ya bisa sama aja IKN baru nanti :v Pindah Ibukota itu udh lama dicanangkan serta jika kita pertahankan jkt apakah bisa?,rayain ratain aja juga udh dilakukan tapi ikn itu juga utama dalam pemerataan kalau kita hanya mengandalkan jkt ya apakah meratakan tsb akan terjamin ya bisa sama aja ikn baru nanti v pindah ibukota itu udh lama dicanangkan serta jika kita pertahankan jkt apakah bisa,rayain ratain aja juga udh dilakukan tapi ikn itu juga utama dalam pemerataan kalau kita hanya mengandalkan jkt ya apakah meratakan tsb akan terjamin ya bisa sama aja ikn baru nanti v pindah ibukota itu udh lama dicanangkan serta jika kita pertahankan jkt apakah bisa,rayain ratain saja juga sudah dilakukan tapi ikn itu juga utama dalam pemerataan kalau kita hanya mengandalkan jakarta ya apakah meratakan tersebut akan terjamin ya bisa sama saja ikn baru nanti v pindah ibukota itu sudah lama dicanangkan serta jika kita pertahankan jakarta apakah bisa,rayain ratain ikn utama pemerataan mengandalkan jakarta meratakan terjamin ikn v pindah ibukota dicanangkan pertahankan jakarta,rayain ratain ikn utama perata andal jakarta rata jamin ikn v pindah ibukota canang tahan jakarta,Positif
Brantas Abipraya bangun 14 embung IKN sebagai salah satu upaua untuk menanggulangi luapan air hujan di kawasan Ibukota Nusantara. #AbiprayaBangun14EmbungdiIKN https://t.co/bqTAlg06bW,brantas abipraya bangun embung ikn sebagai salah satu upaua untuk menanggulangi luapan air hujan di kawasan ibukota nusantara,brantas abipraya bangun embung ikn sebagai salah satu upaua untuk menanggulangi luapan air hujan di kawasan ibukota nusantara,brantas abipraya bangun embung ikn sebagai salah satu upaua untuk menanggulangi luapan air hujan di kawasan ibukota nusantara,brantas abipraya bangun embung ikn salah upaua menanggulangi luapan air hujan kawasan ibukota nusantara,brantas abipraya bangun embung ikn salah upaua tanggulang luap air hujan kawasan ibukota nusantara,Negatif
@rivaldopntjr @tanyarlfes 3. ibukota pindah &amp; status kekhususan jakarta dicabut biar modelan kayak lu gak bisa sombong lahi,ibukota pindah amp status kekhususan jakarta dicabut biar modelan kayak lu gak bisa sombong lahi,ibukota pindah amp status kekhususan jakarta dicabut biar modelan kayak lu gak bisa sombong lahi,ibukota pindah sampai status kekhususan jakarta dicabut biar modelan seperti lu tidak bisa sombong lahi,ibukota pindah status kekhususan jakarta dicabut biar modelan lu sombong lahi,ibukota pindah status khusus jakarta cabut biar model lu sombong lah,Netral
Kalau Ibukota pindah ke Nusantara akankah JKT48 berubah menjadi IKN48?,kalau ibukota pindah ke nusantara akankah jkt berubah menjadi ikn,kalau ibukota pindah ke nusantara akankah jkt berubah menjadi ikn,kalau ibukota pindah ke nusantara akankah jakarta berubah menjadi ikn,ibukota pindah nusantara jakarta berubah ikn,ibukota pindah nusantara jakarta ubah ikn,Netral
@firman__nurhuda @johnykarim Mau pemerataan kok hrs ada simbol dulu Aneh Ratain y ratain aj Drpd buang2 duit bikin simbol mending langsung kerjain tuh pemerataan Masa bangun jalan d sumatera atau Papua hrs pindah ibukota dl Lagian hubungannya sama jakarta n banjir apaan sama pemerataan,mau pemerataan kok hrs ada simbol dulu aneh ratain y ratain aj drpd buang duit bikin simbol mending langsung kerjain tuh pemerataan masa bangun jalan d sumatera atau papua hrs pindah ibukota dl lagian hubungannya sama jakarta n banjir apaan sama pemerataan,mau pemerataan kok hrs ada simbol dulu aneh ratain y ratain aj drpd buang duit bikin simbol mending langsung kerjain tuh pemerataan masa bangun jalan d sumatera atau papua hrs pindah ibukota dl lagian hubungannya sama jakarta n banjir apaan sama pemerataan,mau pemerataan kok harus ada simbol dulu aneh ratain iya ratain saja daripada buang uang bikin simbol mending langsung kerjain itu pemerataan masa bangun jalan di sumatera atau papua harus pindah ibukota dl lagian hubungannya sama jakarta n banjir apaan sama pemerataan,pemerataan simbol aneh ratain iya ratain buang uang bikin simbol mending langsung kerjain pemerataan bangun jalan sumatera papua pindah ibukota dl hubungannya jakarta n banjir pemerataan,perata simbol aneh ratain iya ratain buang uang bikin simbol mending langsung kerjain perata bangun jalan sumatera papua pindah ibukota dl hubung jakarta n banjir perata,Netral
dah bener Ibukota pindah ke IKN berarti,dah bener ibukota pindah ke ikn berarti,dah bener ibukota pindah ke ikn berarti,sudah benar ibukota pindah ke ikn berarti,ibukota pindah ikn,ibukota pindah ikn,Netral
@liputan6dotcom Kalau githu samakan saja dengan daerah lain. Dan setelah inbukota pindah Predikat DAERAH KHUSUS nya dihilangkan saja. Jadi Propinsi Jakarta. Dengan Ibukota TANAH ABANG.,kalau githu samakan saja dengan daerah lain dan setelah inbukota pindah predikat daerah khusus nya dihilangkan saja jadi propinsi jakarta dengan ibukota tanah abang,kalau githu samakan saja dengan daerah lain dan setelah inbukota pindah predikat daerah khusus nya dihilangkan saja jadi propinsi jakarta dengan ibukota tanah abang,kalau gitu samakan saja dengan daerah lain dan setelah inbukota pindah predikat daerah khusus nya dihilangkan saja jadi propinsi jakarta dengan ibukota tanah kakak,gitu samakan daerah inbukota pindah predikat daerah khusus nya dihilangkan propinsi jakarta ibukota tanah kakak,gitu sama daerah inbukota pindah predikat daerah khusus nya hilang propinsi jakarta ibukota tanah kakak,Netral
@NenkMonica @ridwankamil bacotmu Wan !!! jakarta sudah jadi ibukota sebelum kau lahir. bilang saja kalo memang kau pengen dapet jabatan bagus atau pindah ke IKN. titik! gak usah pake njelek-njelekin jakarta. semua juga pernah kena malaria covid gak cuma jakarta otak dipake Wan... parahhhh !!!,bacotmu wan jakarta sudah jadi ibukota sebelum kau lahir bilang saja kalo memang kau pengen dapet jabatan bagus atau pindah ke ikn titik gak usah pake njeleknjelekin jakarta semua juga pernah kena malaria covid gak cuma jakarta otak dipake wan parahhhh,bacotmu wan jakarta sudah jadi ibukota sebelum kau lahir bilang saja kalo memang kau pengen dapet jabatan bagus atau pindah ke ikn titik gak usah pake njeleknjelekin jakarta semua juga pernah kena malaria covid gak cuma jakarta otak dipake wan parahhhh,bacotmu wan jakarta sudah jadi ibukota sebelum kau lahir bilang saja kalau memang kau ingin dapat jabatan bagus atau pindah ke ikn titik tidak usah pakai njeleknjelekin jakarta semua juga pernah kena malaria covid tidak hanya jakarta otak dipake wan parahhhh,bacotmu wan jakarta ibukota kau lahir bilang kau jabatan bagus pindah ikn titik pakai njeleknjelekin jakarta kena malaria covid jakarta otak dipake wan parahhhh,bacot wan jakarta ibukota kau lahir bilang kau jabat bagus pindah ikn titik pakai njeleknjelekin jakarta kena malaria covid jakarta otak dipake wan parahhhh,Positif
@Nemesis_34N itu sebabnya ibukota pindah biar minim demo mrk yg demo harusnya tahu bahwa sudah kehendak Tuhan 02 menang meskipun dg cara curang klu Tuhan nggak kehendaki pastilah nggak terjadi.beragama kok hanya unt demo pasrah wae kerja kerja kerja,itu sebabnya ibukota pindah biar minim demo mrk yg demo harusnya tahu bahwa sudah kehendak tuhan menang meskipun dg cara curang klu tuhan nggak kehendaki pastilah nggak terjadiberagama kok hanya unt demo pasrah wae kerja kerja kerja,itu sebabnya ibukota pindah biar minim demo mrk yg demo harusnya tahu bahwa sudah kehendak tuhan menang meskipun dg cara curang klu tuhan nggak kehendaki pastilah nggak terjadiberagama kok hanya unt demo pasrah wae kerja kerja kerja,itu sebabnya ibukota pindah biar minim demo mrk yang demo harusnya tahu bahwa sudah kehendak tuhan menang meskipun dengan cara curang klu tuhan tidak kehendaki pastilah tidak terjadiberagama kok hanya unt demo pasrah saja kerja kerja kerja,ibukota pindah biar minim demo mrk demo kehendak tuhan menang curang klu tuhan kehendaki terjadiberagama unt demo pasrah kerja kerja kerja,ibukota pindah biar minim demo mrk demo hendak tuhan menang curang klu tuhan hendak terjadiberagama unt demo pasrah kerja kerja kerja,Negatif
@LokalPendaki Bener sudah pindah ibukota mulai dari nol yah..,bener sudah pindah ibukota mulai dari nol yah,bener sudah pindah ibukota mulai dari nol yah,benar sudah pindah ibukota mulai dari nol yah,pindah ibukota nol yah,pindah ibukota nol yah,Netral
@tempodotco Mumet ini namanya ga ikhlas pindah ibukota. Klo pindah ya pindah aja. Biarin jakarta jadi propinsi biasa.,mumet ini namanya ga ikhlas pindah ibukota klo pindah ya pindah aja biarin jakarta jadi propinsi biasa,mumet ini namanya ga ikhlas pindah ibukota klo pindah ya pindah aja biarin jakarta jadi propinsi biasa,mumet ini namanya tidak ikhlas pindah ibukota kalau pindah ya pindah saja biarin jakarta jadi propinsi biasa,mumet namanya ikhlas pindah ibukota pindah pindah biarin jakarta propinsi,mumet nama ikhlas pindah ibukota pindah pindah biarin jakarta propinsi,Netral
@meraaahputiiih Pemindahan ibu kota nusantara akan membuka peluang bisnis baru bagi warga setempat terutama di sektor pariwisata dan properti #IbuKota,pemindahan ibu kota nusantara akan membuka peluang bisnis baru bagi warga setempat terutama di sektor pariwisata dan properti,pemindahan ibu kota nusantara akan membuka peluang bisnis baru bagi warga setempat terutama di sektor pariwisata dan properti,pemindahan ibu kota nusantara akan membuka peluang bisnis baru bagi warga setempat terutama di sektor pariwisata dan properti,pemindahan kota nusantara membuka peluang bisnis warga sektor pariwisata properti,pindah kota nusantara buka peluang bisnis warga sektor pariwisata properti,Netral
ibukota sering di pindah pindah Negara Djakarta udah parah rusaknya,ibukota sering di pindah pindah negara djakarta udah parah rusaknya,ibukota sering di pindah pindah negara djakarta udah parah rusaknya,ibukota sering di pindah pindah negara djakarta sudah parah rusaknya,ibukota pindah pindah negara djakarta parah rusaknya,ibukota pindah pindah negara djakarta parah rusak,Negatif
@gentrifybimbo @leksicunt wkwkwk lu liat amerika dia aja mindahin ibukota dari new york ke washington dc pusat pemerintahan dan pusat ekonomi dipisah. Dan Jakarta bakal di fokusin jadi kayak New York sekarang. Dengan pindah ibu kota ke IKN otomatis pembangunan dan pemerataan fasilitas juga bakal lebih,wkwkwk lu liat amerika dia aja mindahin ibukota dari new york ke washington dc pusat pemerintahan dan pusat ekonomi dipisah dan jakarta bakal di fokusin jadi kayak new york sekarang dengan pindah ibu kota ke ikn otomatis pembangunan dan pemerataan fasilitas juga bakal lebih,wkwkwk lu liat amerika dia aja mindahin ibukota dari new york ke washington dc pusat pemerintahan dan pusat ekonomi dipisah dan jakarta bakal di fokusin jadi kayak new york sekarang dengan pindah ibu kota ke ikn otomatis pembangunan dan pemerataan fasilitas juga bakal lebih,wkwkwk lu lihat amerika dia saja mindahin ibukota dari baru york ke washington dc pusat pemerintahan dan pusat ekonomi dipisah dan jakarta akan di fokusin jadi seperti baru york sekarang dengan pindah ibu kota ke ikn otomatis pembangunan dan pemerataan fasilitas juga akan lebih,lu lihat amerika mindahin ibukota york washington dc pusat pemerintahan pusat ekonomi dipisah jakarta fokusin york pindah kota ikn otomatis pembangunan pemerataan fasilitas,lu lihat amerika mindahin ibukota york washington dc pusat perintah pusat ekonomi pisah jakarta fokusin york pindah kota ikn otomatis bangun perata fasilitas,Netral
Kekhususan Jakarta seharusnya hilang setelah ibukota Negara pindah ke Kota Nusantara ! Kembalikan Jakarta sebagai Daerah Otonom setingkat Provinsi ! Aneh klo diwacanakan status Jakarta sbg Daerah Khusus ! Status Daerah Khusus hanya diberikan kpd IKN !,kekhususan jakarta seharusnya hilang setelah ibukota negara pindah ke kota nusantara kembalikan jakarta sebagai daerah otonom setingkat provinsi aneh klo diwacanakan status jakarta sbg daerah khusus status daerah khusus hanya diberikan kpd ikn,kekhususan jakarta seharusnya hilang setelah ibukota negara pindah ke kota nusantara kembalikan jakarta sebagai daerah otonom setingkat provinsi aneh klo diwacanakan status jakarta sbg daerah khusus status daerah khusus hanya diberikan kpd ikn,kekhususan jakarta seharusnya hilang setelah ibukota negara pindah ke kota nusantara kembalikan jakarta sebagai daerah otonom setingkat provinsi aneh kalau diwacanakan status jakarta sebagai daerah khusus status daerah khusus hanya diberikan kepada ikn,kekhususan jakarta hilang ibukota negara pindah kota nusantara kembalikan jakarta daerah otonom setingkat provinsi aneh diwacanakan status jakarta daerah khusus status daerah khusus ikn,khusus jakarta hilang ibukota negara pindah kota nusantara kembali jakarta daerah otonom tingkat provinsi aneh wacana status jakarta daerah khusus status daerah khusus ikn,Netral
@txtdrjkt untung pulang jam 3 hari ini tadi. udah bener ibukota gausah pindah ya om?,untung pulang jam hari ini tadi udah bener ibukota gausah pindah ya om,untung pulang jam hari ini tadi udah bener ibukota gausah pindah ya om,untung pulang jam hari ini tadi sudah benar ibukota tidak pindah ya om,untung pulang jam ibukota pindah om,untung pulang jam ibukota pindah om,Netral
@clair_cherrys Nah.. ini masih mikirin uang transport kalau mereka ke indo. Kita yang tidak di ibukota kan menangis kalau harus konser di ibukota. Kalau ibukota sudah pindah alhamdulillah dekat.wkwk,nah ini masih mikirin uang transport kalau mereka ke indo kita yang tidak di ibukota kan menangis kalau harus konser di ibukota kalau ibukota sudah pindah alhamdulillah dekatwkwk,nah ini masih mikirin uang transport kalau mereka ke indo kita yang tidak di ibukota kan menangis kalau harus konser di ibukota kalau ibukota sudah pindah alhamdulillah dekatwkwk,nah ini masih mikirin uang transport kalau mereka ke indonesia kita yang tidak di ibukota kan menangis kalau harus konser di ibukota kalau ibukota sudah pindah alhamdulilah dekatwkwk,mikirin uang transport indonesia ibukota menangis konser ibukota ibukota pindah alhamdulilah dekatwkwk,mikirin uang transport indonesia ibukota menang konser ibukota ibukota pindah alhamdulilah dekatwkwk,Netral
@psi_id Ingat bro.... Masalah Jakarta akan bisa diselesaikan kalau saya presiden.... Tapi setelah jadi di tinggal Malah ibukota di pindah,ingat bro masalah jakarta akan bisa diselesaikan kalau saya presiden tapi setelah jadi di tinggal malah ibukota di pindah,ingat bro masalah jakarta akan bisa diselesaikan kalau saya presiden tapi setelah jadi di tinggal malah ibukota di pindah,ingat bro masalah jakarta akan bisa diselesaikan kalau aku presiden tapi setelah jadi di tinggal malah ibukota di pindah,bro jakarta diselesaikan presiden tinggal ibukota pindah,bro jakarta selesai presiden tinggal ibukota pindah,Negatif
Koalisi Masyarakat Sipil Kalimantan Timur menolak pembongkaran paksa dan penggusuran untuk proyek Ibu Kota Negara (IKN) Nusantara. #ikn #ibukotanusantara #kaltim #kalimantantimur #ibukota #nusantara #wargabicara #tolakikn https://t.co/xEwa5FbGMr,koalisi masyarakat sipil kalimantan timur menolak pembongkaran paksa dan penggusuran untuk proyek ibu kota negara ikn nusantara,koalisi masyarakat sipil kalimantan timur menolak pembongkaran paksa dan penggusuran untuk proyek ibu kota negara ikn nusantara,koalisi masyarakat sipil kalimantan timur menolak pembongkaran paksa dan penggusuran untuk proyek ibu kota negara ikn nusantara,koalisi masyarakat sipil kalimantan timur menolak pembongkaran paksa penggusuran proyek kota negara ikn nusantara,koalisi masyarakat sipil kalimantan timur tolak bongkar paksa gusur proyek kota negara ikn nusantara,Negatif
Koalisi Masyarakat Sipil Kalimantan Timur menolak upaya pembongkaran paksa dan penggusuran tanah untuk proyek IKN Nusantara. #ikn #ibukotanusantara #kaltim #kalimantantimur #ibukota #nusantara #wargabicara #tolakikn https://t.co/FCa5uHXZor,koalisi masyarakat sipil kalimantan timur menolak upaya pembongkaran paksa dan penggusuran tanah untuk proyek ikn nusantara,koalisi masyarakat sipil kalimantan timur menolak upaya pembongkaran paksa dan penggusuran tanah untuk proyek ikn nusantara,koalisi masyarakat sipil kalimantan timur menolak upaya pembongkaran paksa dan penggusuran tanah untuk proyek ikn nusantara,koalisi masyarakat sipil kalimantan timur menolak upaya pembongkaran paksa penggusuran tanah proyek ikn nusantara,koalisi masyarakat sipil kalimantan timur tolak upaya bongkar paksa gusur tanah proyek ikn nusantara,Negatif
@kompascom Ini org ngomong ap dl bilang bangun IKN ratusan trilyun buang2 duit skrg bilng tepat klo pindah ibukota jd yg bnr mn?,ini org ngomong ap dl bilang bangun ikn ratusan trilyun buang duit skrg bilng tepat klo pindah ibukota jd yg bnr mn,ini org ngomong ap dl bilang bangun ikn ratusan trilyun buang duit skrg bilng tepat klo pindah ibukota jd yg bnr mn,ini orang ngomong ap dl bilang bangun ikn ratusan trilyun buang uang sekarang bilng tepat kalau pindah ibukota jadi yang benar mana,orang ngomong ap dl bilang bangun ikn ratusan trilyun buang uang bilng pindah ibukota,orang ngomong ap dl bilang bangun ikn ratus trilyun buang uang bilng pindah ibukota,Netral
@MuhiqR @choymarkochoy @Putri96960977 @NohCeukenohhh @Malika6027 @AnKiiim_ @BarisanOpOsisi @stacitarpeta18 Biar kan saja pdhl byk yg bilang ahk warga Jakarta nyinyir aje sedih ye klo ibukota pindah pdhl gw sbg warga jkt mah seneng jd ga macet jkt sepi kyk dulu. Tp yg dikritisi gw adlh cara membangun nya drmn n buat siapa?,biar kan saja pdhl byk yg bilang ahk warga jakarta nyinyir aje sedih ye klo ibukota pindah pdhl gw sbg warga jkt mah seneng jd ga macet jkt sepi kyk dulu tp yg dikritisi gw adlh cara membangun nya drmn n buat siapa,biar kan saja pdhl byk yg bilang ahk warga jakarta nyinyir aje sedih ye klo ibukota pindah pdhl gw sbg warga jkt mah seneng jd ga macet jkt sepi kyk dulu tp yg dikritisi gw adlh cara membangun nya drmn n buat siapa,biar kan saja padahal banyak yang bilang ahk warga jakarta nyinyir saja sedih ya kalau ibukota pindah padahal aku sebagai warga jakarta mah senang jadi tidak macet jakarta sepi seperti dulu tapi yang dikritisi aku adalah cara membangun nya drmn n buat siapa,biar bilang ahk warga jakarta nyinyir sedih ibukota pindah warga jakarta mah senang macet jakarta sepi dikritisi membangun nya drmn n,biar bilang ahk warga jakarta nyinyir sedih ibukota pindah warga jakarta mah senang macet jakarta sepi kritisi bangun nya drmn n,Negatif
@detikcom Bilang gak disengaja seolah para pendahulu gak mempunyai pertimbangan. Ibukota pernah pindah di jogja tapi kembali lagi ke jakarta.,bilang gak disengaja seolah para pendahulu gak mempunyai pertimbangan ibukota pernah pindah di jogja tapi kembali lagi ke jakarta,bilang gak disengaja seolah para pendahulu gak mempunyai pertimbangan ibukota pernah pindah di jogja tapi kembali lagi ke jakarta,bilang tidak disengaja seolah para pendahulu tidak mempunyai pertimbangan ibukota pernah pindah di jogja tapi kembali lagi ke jakarta,bilang disengaja pendahulu pertimbangan ibukota pindah jogja jakarta,bilang sengaja dahulu timbang ibukota pindah jogja jakarta,Netral
@MorphoMenelausX IKN = Ibukota Kerajaan Nusantara,ikn ibukota kerajaan nusantara,ikn ibukota kerajaan nusantara,ikn ibukota kerajaan nusantara,ikn ibukota kerajaan nusantara,ikn ibukota raja nusantara,Netral
@willsarana Dulu Jokowi pernah jd gubernur DKI Jakarta tp apa yg didapat? Sampai dia jadi presiden 2x pun gak mampu atasi kebanjiran malah mau pindah ibukota. Dari sini yg berbau Jokowi sdh tidak layak menjadi gubernur DKI Jakarta.,dulu jokowi pernah jd gubernur dki jakarta tp apa yg didapat sampai dia jadi presiden x pun gak mampu atasi kebanjiran malah mau pindah ibukota dari sini yg berbau jokowi sdh tidak layak menjadi gubernur dki jakarta,dulu jokowi pernah jd gubernur dki jakarta tp apa yg didapat sampai dia jadi presiden x pun gak mampu atasi kebanjiran malah mau pindah ibukota dari sini yg berbau jokowi sdh tidak layak menjadi gubernur dki jakarta,dulu jokowi pernah jadi gubernur dki jakarta tapi apa yang didapat sampai dia jadi presiden x pun tidak mampu atasi kebanjiran malah mau pindah ibukota dari sini yang berbau jokowi sudah tidak layak menjadi gubernur dki jakarta,jokowi gubernur dki jakarta presiden x atasi kebanjiran pindah ibukota berbau jokowi layak gubernur dki jakarta,jokowi gubernur dki jakarta presiden x atas banjir pindah ibukota bau jokowi layak gubernur dki jakarta,Positif
@DokterTifa Ini gegara nggak bisa ngatasi banjir DKI gub-nya orang nggak disukai juga. Solusi cepat pindah ibukota. Sama kayak si bapak itu nggak bisa ngatasi masalah dikritik yg kritik suruh pindah negara.,ini gegara nggak bisa ngatasi banjir dki gubnya orang nggak disukai juga solusi cepat pindah ibukota sama kayak si bapak itu nggak bisa ngatasi masalah dikritik yg kritik suruh pindah negara,ini gegara nggak bisa ngatasi banjir dki gubnya orang nggak disukai juga solusi cepat pindah ibukota sama kayak si bapak itu nggak bisa ngatasi masalah dikritik yg kritik suruh pindah negara,ini karena tidak bisa ngatasi banjir dki gubnya orang tidak disukai juga solusi cepat pindah ibukota sama seperti si bapak itu tidak bisa ngatasi masalah dikritik yang kritik suruh pindah negara,ngatasi banjir dki gubnya orang disukai solusi cepat pindah ibukota si ngatasi dikritik kritik suruh pindah negara,ngatasi banjir dki gubnya orang suka solusi cepat pindah ibukota si ngatasi kritik kritik suruh pindah negara,Negatif
@fellexandro akarnya ya karena sentimen SARA ketika Pilkada 2017 sebetulnya ini juga alasan kenapa pemerintah ngotot pindah ibukota ke Kalimantan,akarnya ya karena sentimen sara ketika pilkada sebetulnya ini juga alasan kenapa pemerintah ngotot pindah ibukota ke kalimantan,akarnya ya karena sentimen sara ketika pilkada sebetulnya ini juga alasan kenapa pemerintah ngotot pindah ibukota ke kalimantan,akarnya ya karena sentimen sara ketika pilkada sebetulnya ini juga alasan kenapa pemerintah ngotot pindah ibukota ke kalimantan,akarnya sentimen sara pilkada alasan pemerintah ngotot pindah ibukota kalimantan,akar sentimen sara pilkada alas perintah ngotot pindah ibukota kalimantan,Netral
@detikcom Jangan lupa Washington dibangun dulu dan mapan dulu.. Baru dijadikan ibukota. Bukan mendadak.. Dibangun belum selesai belum mapan sebagai kota kok sudah mau dipakai sebagai ibukota.. Demikian juga ibukota negara lain yang pindah.. Mungkin pak RK perlu buka lagi sejarah,jangan lupa washington dibangun dulu dan mapan dulu baru dijadikan ibukota bukan mendadak dibangun belum selesai belum mapan sebagai kota kok sudah mau dipakai sebagai ibukota demikian juga ibukota negara lain yang pindah mungkin pak rk perlu buka lagi sejarah,jangan lupa washington dibangun dulu dan mapan dulu baru dijadikan ibukota bukan mendadak dibangun belum selesai belum mapan sebagai kota kok sudah mau dipakai sebagai ibukota demikian juga ibukota negara lain yang pindah mungkin pak rk perlu buka lagi sejarah,jangan lupa washington dibangun dulu dan mapan dulu baru dijadikan ibukota bukan mendadak dibangun belum selesai belum mapan sebagai kota kok sudah mau dipakai sebagai ibukota demikian juga ibukota negara lain yang pindah mungkin bapak rk perlu buka lagi sejarah,lupa washington dibangun mapan dijadikan ibukota mendadak dibangun selesai mapan kota dipakai ibukota ibukota negara pindah rk buka sejarah,lupa washington bangun mapan jadi ibukota dadak bangun selesai mapan kota pakai ibukota ibukota negara pindah rk buka sejarah,Netral
"@tvOneNews padahal ane sudah senng ibukota mau pindah....??,1768480660875014169""",padahal ane sudah senng ibukota mau pindah,padahal ane sudah senng ibukota mau pindah,padahal ane sudah senng ibukota mau pindah,ane senng ibukota pindah,ane senng ibukota pindah,Netral
imagine pindah ibukota di ikn kerna supaya nnti rezim pemerintah gabisa didemo,imagine pindah ibukota di ikn kerna supaya nnti rezim pemerintah gabisa didemo,imagine pindah ibukota di ikn kerna supaya nnti rezim pemerintah gabisa didemo,imagine pindah ibukota di ikn kerna supaya nanti rezim pemerintah gabisa didemo,imagine pindah ibukota ikn kerna rezim pemerintah gabisa didemo,imagine pindah ibukota ikn kerna rezim perintah gabisa demo,Netral
@KoalisiNetizen Adanya pembangunan Ibu Kota Nusantara dapat menarik investasi asing dan domestik sehingga dapat meningkatkan pertumbuhan ekonomi dan kemakmuran masyarakat Indonesia #IbuKota,adanya pembangunan ibu kota nusantara dapat menarik investasi asing dan domestik sehingga dapat meningkatkan pertumbuhan ekonomi dan kemakmuran masyarakat indonesia,adanya pembangunan ibu kota nusantara dapat menarik investasi asing dan domestik sehingga dapat meningkatkan pertumbuhan ekonomi dan kemakmuran masyarakat indonesia,adanya pembangunan ibu kota nusantara dapat menarik investasi asing dan domestik sehingga dapat meningkatkan pertumbuhan ekonomi dan kemakmuran masyarakat indonesia,pembangunan kota nusantara menarik investasi asing domestik meningkatkan pertumbuhan ekonomi kemakmuran masyarakat indonesia,bangun kota nusantara tarik investasi asing domestik tingkat tumbuh ekonomi makmur masyarakat indonesia,Positif
@YustineMelinda @ARSIPAJA Pantesan ibukota di pindah soalnya kan di JKT banyak bngt warteg berarti sudah terlalu kumuh Krn bnyk warteg y,pantesan ibukota di pindah soalnya kan di jkt banyak bngt warteg berarti sudah terlalu kumuh krn bnyk warteg y,pantesan ibukota di pindah soalnya kan di jkt banyak bngt warteg berarti sudah terlalu kumuh krn bnyk warteg y,pantesan ibukota di pindah soalnya kan di jakarta banyak sekali warteg berarti sudah terlalu kumuh karena banyak warteg iya,pantesan ibukota pindah jakarta warteg kumuh warteg iya,pantesan ibukota pindah jakarta warteg kumuh warteg iya,Negatif
bener2 satu alasan yg buat aku pngn bgt reboot ini tu takut ntar kalo ibukota beneran pindah IKN dan konser2 disana semua : ) bayangin brp banyak duid buat pp : D,bener satu alasan yg buat aku pngn bgt reboot ini tu takut ntar kalo ibukota beneran pindah ikn dan konser disana semua bayangin brp banyak duid buat pp d,bener satu alasan yg buat aku pngn bgt reboot ini tu takut ntar kalo ibukota beneran pindah ikn dan konser disana semua bayangin brp banyak duid buat pp d,benar satu alasan yang buat aku ingin sekali reboot ini itu takut nanti kalau ibukota beneran pindah ikn dan konser disana semua bayangin berapa banyak uang buat pp di,alasan reboot takut ibukota beneran pindah ikn konser disana bayangin uang pp,alas reboot takut ibukota beneran pindah ikn konser sana bayangin uang pp,Negatif
@kompascom Saya secara prinsip setuju saja pindah ibukota tapi kan tidak harus dipaksakan seperti IKN ini. Dalam kondisin????masih banyak keperluan yg lebih penting soal keuangannya. Juga syarat2 penunjang untuk suatu ibukota. Apalagi belum apa2 sdh ada masalah dgn penduduk setempat.,saya secara prinsip setuju saja pindah ibukota tapi kan tidak harus dipaksakan seperti ikn ini dalam kondisinmasih banyak keperluan yg lebih penting soal keuangannya juga syarat penunjang untuk suatu ibukota apalagi belum apa sdh ada masalah dgn penduduk setempat,saya secara prinsip setuju saja pindah ibukota tapi kan tidak harus dipaksakan seperti ikn ini dalam kondisinmasih banyak keperluan yg lebih penting soal keuangannya juga syarat penunjang untuk suatu ibukota apalagi belum apa sdh ada masalah dgn penduduk setempat,aku secara prinsip setuju saja pindah ibukota tapi kan tidak harus dipaksakan seperti ikn ini dalam kondisinmasih banyak keperluan yang lebih penting soal keuangannya juga syarat penunjang untuk suatu ibukota apalagi belum apa sudah ada masalah dengan penduduk setempat,prinsip setuju pindah ibukota dipaksakan ikn kondisinmasih keperluan keuangannya syarat penunjang ibukota penduduk,prinsip tuju pindah ibukota paksa ikn kondisinmasih perlu uang syarat tunjang ibukota duduk,Netral
@ABjodohComeback Suku dayaklah yg paling harus bangga dgn adanya IKN dulu terpinggirkan sekarang jadi pemilik ibu kota nusantara. Suku dayak jadi penduduk asli ibukota (orang pusat) yg lain jadi orang daerah.,suku dayaklah yg paling harus bangga dgn adanya ikn dulu terpinggirkan sekarang jadi pemilik ibu kota nusantara suku dayak jadi penduduk asli ibukota orang pusat yg lain jadi orang daerah,suku dayaklah yg paling harus bangga dgn adanya ikn dulu terpinggirkan sekarang jadi pemilik ibu kota nusantara suku dayak jadi penduduk asli ibukota orang pusat yg lain jadi orang daerah,suku dayaklah yang paling harus bangga dengan adanya ikn dulu terpinggirkan sekarang jadi pemilik ibu kota nusantara suku dayak jadi penduduk asli ibukota orang pusat yang lain jadi orang daerah,suku dayaklah bangga ikn terpinggirkan pemilik kota nusantara suku dayak penduduk asli ibukota orang pusat orang daerah,suku dayaklah bangga ikn pinggir milik kota nusantara suku dayak duduk asli ibukota orang pusat orang daerah,Positif
@kompascom ya pindah aja ..... ga usah lah ngomong terpaksa (karena ga pernah dipersiapkan) ....... emang setelahbbaru merdeka (lepas dari penjajah) ada kota di indonesia yg siap secara infrastruktur jadi ibukota ??????? ....... bijaklah kalau berbicara.,ya pindah aja ga usah lah ngomong terpaksa karena ga pernah dipersiapkan emang setelahbbaru merdeka lepas dari penjajah ada kota di indonesia yg siap secara infrastruktur jadi ibukota bijaklah kalau berbicara,ya pindah aja ga usah lah ngomong terpaksa karena ga pernah dipersiapkan emang setelahbbaru merdeka lepas dari penjajah ada kota di indonesia yg siap secara infrastruktur jadi ibukota bijaklah kalau berbicara,ya pindah saja tidak usah lah ngomong terpaksa karena tidak pernah dipersiapkan memang setelahbbaru merdeka lepas dari penjajah ada kota di indonesia yang siap secara infrastruktur jadi ibukota bijaklah kalau berbicara,pindah ngomong terpaksa dipersiapkan setelahbbaru merdeka lepas penjajah kota indonesia infrastruktur ibukota bijaklah berbicara,pindah ngomong paksa siap setelahbbaru merdeka lepas jajah kota indonesia infrastruktur ibukota bijak bicara,Netral
Maksa banget sih lu pindah ibukota. Ga natural banget. Lupa kali dulu jkt gimana bisa jadi ibukota. Harusnya majuin dulu itu daerahnya bukannya ujug-ujug jadi ibukota.,maksa banget sih lu pindah ibukota ga natural banget lupa kali dulu jkt gimana bisa jadi ibukota harusnya majuin dulu itu daerahnya bukannya ujugujug jadi ibukota,maksa banget sih lu pindah ibukota ga natural banget lupa kali dulu jkt gimana bisa jadi ibukota harusnya majuin dulu itu daerahnya bukannya ujugujug jadi ibukota,maksa sekali sih lu pindah ibukota tidak natural sekali lupa kali dulu jakarta gimana bisa jadi ibukota harusnya majuin dulu itu daerahnya bukannya ujugujug jadi ibukota,maksa lu pindah ibukota natural lupa kali jakarta gimana ibukota majuin daerahnya ujugujug ibukota,maksa lu pindah ibukota natural lupa kali jakarta gimana ibukota majuin daerah ujugujug ibukota,Netral
@NdrewsTjan Harusnya pindah ibukota provinsi juga gak sih bikin kek IKN juga?,harusnya pindah ibukota provinsi juga gak sih bikin kek ikn juga,harusnya pindah ibukota provinsi juga gak sih bikin kek ikn juga,harusnya pindah ibukota provinsi juga tidak sih bikin seperti ikn juga,pindah ibukota provinsi bikin ikn,pindah ibukota provinsi bikin ikn,Netral
@DokterTifa tidak ada anda juga ibukota tetap pindah kok,tidak ada anda juga ibukota tetap pindah kok,tidak ada anda juga ibukota tetap pindah kok,tidak ada kamu juga ibukota tetap pindah kok,ibukota pindah,ibukota pindah,Netral
@Mdy_Asmara1701 Jgn percaya dg mendagri ini...gw asumsi bahwa itu ttg DKJ idenya mendagri...kr asumsinya bahwa ibukota telah pindah!.,jgn percaya dg mendagri inigw asumsi bahwa itu ttg dkj idenya mendagrikr asumsinya bahwa ibukota telah pindah,jgn percaya dg mendagri inigw asumsi bahwa itu ttg dkj idenya mendagrikr asumsinya bahwa ibukota telah pindah,jangan percaya dengan mendagri inigw asumsi bahwa itu tentang dkj idenya mendagrikr asumsinya bahwa ibukota telah pindah,percaya mendagri inigw asumsi dkj idenya mendagrikr asumsinya ibukota pindah,percaya mendagri inigw asumsi dkj ide mendagrikr asumsi ibukota pindah,Netral
@CNNIndonesia Setuju lah mas Budi.. Ibukota RI kan sdh resmi pindah ke IKN ya ??,setuju lah mas budi ibukota ri kan sdh resmi pindah ke ikn ya,setuju lah mas budi ibukota ri kan sdh resmi pindah ke ikn ya,setuju lah kakak budi ibukota ri kan sudah resmi pindah ke ikn ya,setuju kakak budi ibukota ri resmi pindah ikn,tuju kakak budi ibukota ri resmi pindah ikn,Positif
@quintta1217 Nanti nih ibukota pindah ke IKN jakarta merdeka semua pulau merdeka tgl IKN yg berdiri tanpa Rakyat nya hahahha mampus loe,nanti nih ibukota pindah ke ikn jakarta merdeka semua pulau merdeka tgl ikn yg berdiri tanpa rakyat nya hahahha mampus loe,nanti nih ibukota pindah ke ikn jakarta merdeka semua pulau merdeka tgl ikn yg berdiri tanpa rakyat nya hahahha mampus loe,nanti ini ibukota pindah ke ikn jakarta merdeka semua pulau merdeka tanggal ikn yang berdiri tanpa rakyat nya hahahha mati loe,ibukota pindah ikn jakarta merdeka pulau merdeka tanggal ikn berdiri rakyat nya hahahha mati loe,ibukota pindah ikn jakarta merdeka pulau merdeka tanggal ikn diri rakyat nya hahahha mati loe,Netral
@jkt48_history ya gimana ya namanya juga Jakarta pasti macet sih karena penduduknya udah banyak juga makanya nggak heran kalau ibukota mau dipindah karena secara geografis ibukota memang udah harus pindah,ya gimana ya namanya juga jakarta pasti macet sih karena penduduknya udah banyak juga makanya nggak heran kalau ibukota mau dipindah karena secara geografis ibukota memang udah harus pindah,ya gimana ya namanya juga jakarta pasti macet sih karena penduduknya udah banyak juga makanya nggak heran kalau ibukota mau dipindah karena secara geografis ibukota memang udah harus pindah,ya gimana ya namanya juga jakarta pasti macet sih karena penduduknya sudah banyak juga makanya tidak heran kalau ibukota mau dipindah karena secara geografis ibukota memang sudah harus pindah,gimana namanya jakarta macet penduduknya heran ibukota dipindah geografis ibukota pindah,gimana nama jakarta macet duduk heran ibukota pindah geografis ibukota pindah,Negatif
gw gak tau ya tpi emg beberapa aset negara di jakarta itu ktnya ada yg blm lengkap surat2nya maybe maybee lhooo alasan gub dkj ditunjuk itu ya buat jaga aset2 ini setelah ibukota pindah ke ikn,gw gak tau ya tpi emg beberapa aset negara di jakarta itu ktnya ada yg blm lengkap suratnya maybe maybee lhooo alasan gub dkj ditunjuk itu ya buat jaga aset ini setelah ibukota pindah ke ikn,gw gak tau ya tpi emg beberapa aset negara di jakarta itu ktnya ada yg blm lengkap suratnya maybe maybee lhooo alasan gub dkj ditunjuk itu ya buat jaga aset ini setelah ibukota pindah ke ikn,aku tidak tau ya tapi memang beberapa aset negara di jakarta itu ktnya ada yang belum lengkap suratnya mungkin maybee lhooo alasan gub dkj ditunjuk itu ya buat jaga aset ini setelah ibukota pindah ke ikn,tau aset negara jakarta ktnya lengkap suratnya maybee lhooo alasan gub dkj jaga aset ibukota pindah ikn,tau aset negara jakarta ktnya lengkap surat maybee lhooo alas gub dkj jaga aset ibukota pindah ikn,Netral
@detikcom Memang benar karena dalam perjalanan sejarah ibukota pernah pindah beberapa kali,memang benar karena dalam perjalanan sejarah ibukota pernah pindah beberapa kali,memang benar karena dalam perjalanan sejarah ibukota pernah pindah beberapa kali,memang benar karena dalam perjalanan sejarah ibukota pernah pindah beberapa kali,perjalanan sejarah ibukota pindah kali,jalan sejarah ibukota pindah kali,Netral
udh tebel muka sekian kali ngadepin uneg-uneg para prof ayah angkat &amp; bos jepun sama keputusan indo bikin kercep ft ch. tambah lg wacana pindah ibukota &amp; hasil pemilu org jpg kalo udh kecewa sekali bakal diinget seumur idup yg susah orang ky gw yg hidup ma mereka malu broh.,udh tebel muka sekian kali ngadepin uneguneg para prof ayah angkat amp bos jepun sama keputusan indo bikin kercep ft ch tambah lg wacana pindah ibukota amp hasil pemilu org jpg kalo udh kecewa sekali bakal diinget seumur idup yg susah orang ky gw yg hidup ma mereka malu broh,udh tebel muka sekian kali ngadepin uneguneg para prof ayah angkat amp bos jepun sama keputusan indo bikin kercep ft ch tambah lg wacana pindah ibukota amp hasil pemilu org jpg kalo udh kecewa sekali bakal diinget seumur idup yg susah orang ky gw yg hidup ma mereka malu broh,sudah tebel muka sekian kali ngadepin uneguneg para prof bapak angkat sampai bos jepun sama keputusan indonesia bikin kercep ft ch tambah lagi wacana pindah ibukota sampai hasil pemilu orang jpg kalau sudah kecewa sekali akan diinget seumur hidup yang susah orang seperti aku yang hidup ma mereka malu broh,tebel muka sekian kali ngadepin uneguneg prof angkat bos jepun keputusan indonesia bikin kercep ft ch wacana pindah ibukota hasil pemilu orang jpg kecewa diinget seumur hidup susah orang hidup ma malu broh,tebel muka sekian kali ngadepin uneguneg prof angkat bos jepun putus indonesia bikin kercep ft ch wacana pindah ibukota hasil milu orang jpg kecewa diinget umur hidup susah orang hidup ma malu broh,Negatif
Bupati Bengkalis Ikuti Rakornas Bahas Kontribusi Daerah untuk Ibukota Nusantara https://t.co/L4gNJMCgL5,bupati bengkalis ikuti rakornas bahas kontribusi daerah untuk ibukota nusantara,bupati bengkalis ikuti rakornas bahas kontribusi daerah untuk ibukota nusantara,bupati bengkalis ikuti rakornas bahas kontribusi daerah untuk ibukota nusantara,bupati bengkalis ikuti rakornas bahas kontribusi daerah ibukota nusantara,bupati bengkal ikut rakornas bahas kontribusi daerah ibukota nusantara,Netral
@IndiehomeAjg @partaimedsos45 Ytta wkwkwkw Gw juga baru tau sekitar pertengahan 2023 kalo ibukota KalSel pindah ke Banjar Baru.,ytta wkwkwkw gw juga baru tau sekitar pertengahan kalo ibukota kalsel pindah ke banjar baru,ytta wkwkwkw gw juga baru tau sekitar pertengahan kalo ibukota kalsel pindah ke banjar baru,ytta wkwkwkw aku juga baru tau sekitar pertengahan kalau ibukota kalsel pindah ke banjar baru,ytta wkwkwkw tau pertengahan ibukota kalsel pindah banjar,ytta wkwkwkw tau tengah ibukota kalsel pindah banjar,Netral
Jakarta saja awalnya hanya kota yang tidak sengaja menjadi kota metropolitan &amp; menjadi ibu kota negara dan pada akhirnya ibukota negara pindah ke IKN.,jakarta saja awalnya hanya kota yang tidak sengaja menjadi kota metropolitan amp menjadi ibu kota negara dan pada akhirnya ibukota negara pindah ke ikn,jakarta saja awalnya hanya kota yang tidak sengaja menjadi kota metropolitan amp menjadi ibu kota negara dan pada akhirnya ibukota negara pindah ke ikn,jakarta saja awalnya hanya kota yang tidak sengaja menjadi kota metropolitan sampai menjadi ibu kota negara dan pada akhirnya ibukota negara pindah ke ikn,jakarta kota sengaja kota metropolitan kota negara ibukota negara pindah ikn,jakarta kota sengaja kota metropolitan kota negara ibukota negara pindah ikn,Netral
@PartaiSocmed Wah kayaknya dah parah ni Semarang...... Sprtinya g lama lg akan ad wacana pindah ibukota Jawa Tengah ni klo ada wacana pindah ibukota Jawa Tengah kira? pindah ibukotanya dmna ya.....,wah kayaknya dah parah ni semarang sprtinya g lama lg akan ad wacana pindah ibukota jawa tengah ni klo ada wacana pindah ibukota jawa tengah kira pindah ibukotanya dmna ya,wah kayaknya dah parah ni semarang sprtinya g lama lg akan ad wacana pindah ibukota jawa tengah ni klo ada wacana pindah ibukota jawa tengah kira pindah ibukotanya dmna ya,wah kayaknya sudah parah ini semarang sprtinya tidak lama lagi akan ada wacana pindah ibukota jawa tengah ini kalau ada wacana pindah ibukota jawa tengah kira pindah ibukotanya dmna ya,kayaknya parah semarang sprtinya wacana pindah ibukota jawa wacana pindah ibukota jawa pindah ibukotanya dmna,kayak parah semarang sprtinya wacana pindah ibukota jawa wacana pindah ibukota jawa pindah ibukotanya dmna,Negatif
@Rebornian48 ini ujungnya solusinya pindah ibukota bukan?,ini ujungnya solusinya pindah ibukota bukan,ini ujungnya solusinya pindah ibukota bukan,ini ujungnya solusinya pindah ibukota bukan,ujungnya solusinya pindah ibukota,ujung solusi pindah ibukota,Netral
@gendisdaily @tanyakanrl Typoo. Kamu maksudnya. Aneh anak Jakarta liburan ke Balikpapan tapi btw kami sekarang manggil anak jakarta ya anak daerah. Kan ibukota udah pindah di sini,typoo kamu maksudnya aneh anak jakarta liburan ke balikpapan tapi btw kami sekarang manggil anak jakarta ya anak daerah kan ibukota udah pindah di sini,typoo kamu maksudnya aneh anak jakarta liburan ke balikpapan tapi btw kami sekarang manggil anak jakarta ya anak daerah kan ibukota udah pindah di sini,typoo kamu maksudnya aneh anak jakarta liburan ke balikpapan tapi omong kami sekarang manggil anak jakarta ya anak daerah kan ibukota sudah pindah di sini,typoo maksudnya aneh anak jakarta liburan balikpapan omong manggil anak jakarta anak daerah ibukota pindah,typoo maksud aneh anak jakarta libur balikpapan omong manggil anak jakarta anak daerah ibukota pindah,Netral
@abulmuzaffar10 Andai ibukota di pindah dlm semangat pemerataan... Menurt kalian hrs pindah ke luar jawa/tetap di pulau jawa,andai ibukota di pindah dlm semangat pemerataan menurt kalian hrs pindah ke luar jawatetap di pulau jawa,andai ibukota di pindah dlm semangat pemerataan menurt kalian hrs pindah ke luar jawatetap di pulau jawa,andai ibukota di pindah dalam semangat pemerataan menurut kalian harus pindah ke luar jawatetap di pulau jawa,andai ibukota pindah semangat pemerataan pindah jawatetap pulau jawa,andai ibukota pindah semangat perata pindah jawatetap pulau jawa,Positif
Sekarang kalau ada soal esai Ibukota negara Republik Indonesia adalah...(Nusantara).,sekarang kalau ada soal esai ibukota negara republik indonesia adalahnusantara,sekarang kalau ada soal esai ibukota negara republik indonesia adalahnusantara,sekarang kalau ada soal esai ibukota negara republik indonesia adalahnusantara,esai ibukota negara republik indonesia adalahnusantara,esai ibukota negara republik indonesia adalahnusantara,Netral
@geloraco Private banget Bangun ibukota negara Indonesia atau ibukota Nusantara?,private banget bangun ibukota negara indonesia atau ibukota nusantara,private banget bangun ibukota negara indonesia atau ibukota nusantara,private sekali bangun ibukota negara indonesia atau ibukota nusantara,private bangun ibukota negara indonesia ibukota nusantara,private bangun ibukota negara indonesia ibukota nusantara,Netral
@R_AdelJKT48 Resiko tinggal di kota besar ya gitu Del. Meskipun ibukota sudah pindah ke IKN tidak serta merta bisa bikin jakarta terbebas dari macet https://t.co/Piv6fpAuwY,resiko tinggal di kota besar ya gitu del meskipun ibukota sudah pindah ke ikn tidak serta merta bisa bikin jakarta terbebas dari macet,resiko tinggal di kota besar ya gitu del meskipun ibukota sudah pindah ke ikn tidak serta merta bisa bikin jakarta terbebas dari macet,resiko tinggal di kota besar ya gitu del meskipun ibukota sudah pindah ke ikn tidak serta merta bisa bikin jakarta terbebas dari macet,resiko tinggal kota gitu del ibukota pindah ikn merta bikin jakarta terbebas macet,resiko tinggal kota gitu del ibukota pindah ikn merta bikin jakarta bebas macet,Negatif
@R_AdelJKT48 del ibukota kan pindah apakah jkt48 akan berubah menjadi klmtn48 dan apa theater juga pindah,del ibukota kan pindah apakah jkt akan berubah menjadi klmtn dan apa theater juga pindah,del ibukota kan pindah apakah jkt akan berubah menjadi klmtn dan apa theater juga pindah,del ibukota kan pindah apakah jakarta akan berubah menjadi klmtn dan apa theater juga pindah,del ibukota pindah jakarta berubah klmtn theater pindah,del ibukota pindah jakarta ubah klmtn theater pindah,Netral
Percuma pindah ibukota kalo ujung2nya yg berkuasa geng solo,percuma pindah ibukota kalo ujungnya yg berkuasa geng solo,percuma pindah ibukota kalo ujungnya yg berkuasa geng solo,percuma pindah ibukota kalau ujungnya yang berkuasa geng solo,pindah ibukota ujungnya berkuasa geng solo,pindah ibukota ujung kuasa geng solo,Netral
Lucu bgt bocilllll iya soalnya kalau sepi artinya udah pindah ibukota ke ikn,lucu bgt bocilllll iya soalnya kalau sepi artinya udah pindah ibukota ke ikn,lucu bgt bocilllll iya soalnya kalau sepi artinya udah pindah ibukota ke ikn,lucu sekali bocilllll iya soalnya kalau sepi artinya sudah pindah ibukota ke ikn,lucu bocilllll iya sepi pindah ibukota ikn,lucu bocilllll iya sepi pindah ibukota ikn,Netral
@NdrewsTjan Harusnya pilih 03 soalnya kan banjir dan macet bisa diatasi kalo udah jadi presiden. Diatasinya pake pindah ibukota,harusnya pilih soalnya kan banjir dan macet bisa diatasi kalo udah jadi presiden diatasinya pake pindah ibukota,harusnya pilih soalnya kan banjir dan macet bisa diatasi kalo udah jadi presiden diatasinya pake pindah ibukota,harusnya pilih soalnya kan banjir dan macet bisa diatasi kalau sudah jadi presiden diatasinya pakai pindah ibukota,pilih banjir macet diatasi presiden diatasinya pakai pindah ibukota,pilih banjir macet atas presiden atas pakai pindah ibukota,Negatif
INDONESIA menjadi INDOCHINA setelah ibukota pindah.,indonesia menjadi indochina setelah ibukota pindah,indonesia menjadi indochina setelah ibukota pindah,indonesia menjadi indochina setelah ibukota pindah,indonesia indochina ibukota pindah,indonesia indochina ibukota pindah,Netral
Lah ngapain ibukota pindah????????? Katanya jakarta akan tenggelam????????? apakah ibukota pindah karrnan ada bisnis cuan????????? https://t.co/shZkiPwdZL,lah ngapain ibukota pindah katanya jakarta akan tenggelam apakah ibukota pindah karrnan ada bisnis cuan,lah ngapain ibukota pindah katanya jakarta akan tenggelam apakah ibukota pindah karrnan ada bisnis cuan,lah apa ibukota pindah katanya jakarta akan tenggelam apakah ibukota pindah karrnan ada bisnis cuan,ibukota pindah jakarta tenggelam ibukota pindah karrnan bisnis cuan,ibukota pindah jakarta tenggelam ibukota pindah karrnan bisnis cuan,Netral
@basogocengan Kan ibukota udah pindah kak,kan ibukota udah pindah kak,kan ibukota udah pindah kak,kan ibukota sudah pindah kakak,ibukota pindah kakak,ibukota pindah kakak,Netral
@Aryprasetyo85 Mungkin mereka bikin kumuh ikn klo dibiarkan nanti Kaya jakarta banyak daerah kumuhnya percuma dong pindah ibukota klo masih kumuh yang bener aje rugi ding,mungkin mereka bikin kumuh ikn klo dibiarkan nanti kaya jakarta banyak daerah kumuhnya percuma dong pindah ibukota klo masih kumuh yang bener aje rugi ding,mungkin mereka bikin kumuh ikn klo dibiarkan nanti kaya jakarta banyak daerah kumuhnya percuma dong pindah ibukota klo masih kumuh yang bener aje rugi ding,mungkin mereka bikin kumuh ikn kalau dibiarkan nanti seperti jakarta banyak daerah kumuhnya percuma dong pindah ibukota kalau masih kumuh yang benar saja rugi ding,bikin kumuh ikn dibiarkan jakarta daerah kumuhnya pindah ibukota kumuh rugi ding,bikin kumuh ikn biar jakarta daerah kumuh pindah ibukota kumuh rugi ding,Negatif
Padahal hutan Kalimantan paru paru dunia Dan ibukota pindah k sana Gak kebayang seperti apa kerusakan hutan d sana Mungkin tidak ada hutan lg d sana,padahal hutan kalimantan paru paru dunia dan ibukota pindah k sana gak kebayang seperti apa kerusakan hutan d sana mungkin tidak ada hutan lg d sana,padahal hutan kalimantan paru paru dunia dan ibukota pindah k sana gak kebayang seperti apa kerusakan hutan d sana mungkin tidak ada hutan lg d sana,padahal hutan kalimantan paru paru dunia dan ibukota pindah k sana tidak kebayang seperti apa kerusakan hutan di sana mungkin tidak ada hutan lagi di sana,hutan kalimantan paru paru dunia ibukota pindah k kebayang kerusakan hutan hutan,hutan kalimantan paru paru dunia ibukota pindah k bayang rusa hutan hutan,Negatif
@tempodotco Salah sendiri kaliyan dukung ibukota pindah ke daerahmu. Mamam aja kalo sekarang tanah kaliyan dirampas,salah sendiri kaliyan dukung ibukota pindah ke daerahmu mamam aja kalo sekarang tanah kaliyan dirampas,salah sendiri kaliyan dukung ibukota pindah ke daerahmu mamam aja kalo sekarang tanah kaliyan dirampas,salah sendiri kalian dukung ibukota pindah ke daerahmu mamam saja kalau sekarang tanah kalian dirampas,salah dukung ibukota pindah daerahmu mamam tanah dirampas,salah dukung ibukota pindah daerah mamam tanah rampas,Netral
Coba ibukota Jakarta dah pindah mungkin bisa lah datang nonton konser di situ jika aku punya duit banyak,coba ibukota jakarta dah pindah mungkin bisa lah datang nonton konser di situ jika aku punya duit banyak,coba ibukota jakarta dah pindah mungkin bisa lah datang nonton konser di situ jika aku punya duit banyak,coba ibukota jakarta sudah pindah mungkin bisa lah datang nonton konser di situ jika aku punya uang banyak,coba ibukota jakarta pindah nonton konser situ uang,coba ibukota jakarta pindah nonton konser situ uang,Netral
Hambok Jekardah saja yg kebanjiran gitu lho.. biyar lekas pindah Ibukota..,hambok jekardah saja yg kebanjiran gitu lho biyar lekas pindah ibukota,hambok jekardah saja yg kebanjiran gitu lho biyar lekas pindah ibukota,hambok jekardah saja yang kebanjiran gitu lho biyar lekas pindah ibukota,hambok jekardah kebanjiran gitu biyar lekas pindah ibukota,hambok jekardah banjir gitu biyar lekas pindah ibukota,Netral
@giIangmahesa apa kemungkinan hak/keistimewaan yg akan hilang di Bandung jika ibukota pindah kang?,apa kemungkinan hakkeistimewaan yg akan hilang di bandung jika ibukota pindah kang,apa kemungkinan hakkeistimewaan yg akan hilang di bandung jika ibukota pindah kang,apa kemungkinan hakkeistimewaan yang akan hilang di bandung jika ibukota pindah kang,hakkeistimewaan hilang bandung ibukota pindah kang,hakkeistimewaan hilang bandung ibukota pindah kang,Netral
@MardaniAliSera RUU DKJ itu grand design penaklukan wilayah oposisi setelah partai oposisi dibonsai. Jadi nanti tdk ada oposisi berbasis wilayah terutama di Jawa. Antisipasi setelah dejure ibukota pindah defacto ibukota tetap lah JKT dgn Gubernur Indonesia yg dimenangkan oleh voters yg oposisi,ruu dkj itu grand design penaklukan wilayah oposisi setelah partai oposisi dibonsai jadi nanti tdk ada oposisi berbasis wilayah terutama di jawa antisipasi setelah dejure ibukota pindah defacto ibukota tetap lah jkt dgn gubernur indonesia yg dimenangkan oleh voters yg oposisi,ruu dkj itu grand design penaklukan wilayah oposisi setelah partai oposisi dibonsai jadi nanti tdk ada oposisi berbasis wilayah terutama di jawa antisipasi setelah dejure ibukota pindah defacto ibukota tetap lah jkt dgn gubernur indonesia yg dimenangkan oleh voters yg oposisi,ruu dkj itu grand design penaklukan wilayah oposisi setelah partai oposisi dibonsai jadi nanti tidak ada oposisi berbasis wilayah terutama di jawa antisipasi setelah dejure ibukota pindah defacto ibukota tetap lah jakarta dengan gubernur indonesia yang dimenangkan oleh voters yang oposisi,ruu dkj grand design penaklukan wilayah oposisi partai oposisi dibonsai oposisi berbasis wilayah jawa antisipasi dejure ibukota pindah defacto ibukota jakarta gubernur indonesia dimenangkan voters oposisi,ruu dkj grand design takluk wilayah oposisi partai oposisi bonsai oposisi bas wilayah jawa antisipasi dejure ibukota pindah defacto ibukota jakarta gubernur indonesia menang voters oposisi,Netral
@Dhyndha_ Terus bukpati satunya nyaut nanti klo ibukota pindah ke IKN Habib kalo mo demo ongkosnya harus nabung dulu,terus bukpati satunya nyaut nanti klo ibukota pindah ke ikn habib kalo mo demo ongkosnya harus nabung dulu,terus bukpati satunya nyaut nanti klo ibukota pindah ke ikn habib kalo mo demo ongkosnya harus nabung dulu,terus bukpati satunya nyaut nanti kalau ibukota pindah ke ikn habib kalau ingin demo ongkosnya harus nabung dulu,bukpati satunya nyaut ibukota pindah ikn habib demo ongkosnya nabung,bukpati satu nyaut ibukota pindah ikn habib demo ongkos nabung,Netral
ibukota di tengah hutan apa sih yg diharapkan? para pejabat aja gak akan mau pindah sepenuhnya ke ikn pasti bolak balik yg biayain ongkos bolak balik ikn-jkt siapa,ibukota di tengah hutan apa sih yg diharapkan para pejabat aja gak akan mau pindah sepenuhnya ke ikn pasti bolak balik yg biayain ongkos bolak balik iknjkt siapa,ibukota di tengah hutan apa sih yg diharapkan para pejabat aja gak akan mau pindah sepenuhnya ke ikn pasti bolak balik yg biayain ongkos bolak balik iknjkt siapa,ibukota di tengah hutan apa sih yang diharapkan para pejabat saja tidak akan mau pindah sepenuhnya ke ikn pasti bolak balik yang biayain ongkos bolak balik iknjkt siapa,ibukota hutan diharapkan pejabat pindah sepenuhnya ikn bolak biayain ongkos bolak iknjkt,ibukota hutan harap jabat pindah sepenuh ikn bolak biayain ongkos bolak iknjkt,Netral
Anda miskin jauh jauh dari Ibukota nusantara,anda miskin jauh jauh dari ibukota nusantara,anda miskin jauh jauh dari ibukota nusantara,kamu miskin jauh jauh dari ibukota nusantara,miskin ibukota nusantara,miskin ibukota nusantara,Negatif
@giIangmahesa Ibukota jabar pindah ke majalengka aj gmn?,ibukota jabar pindah ke majalengka aj gmn,ibukota jabar pindah ke majalengka aj gmn,ibukota jabar pindah ke majalengka saja bagaimana,ibukota jabar pindah majalengka,ibukota jabar pindah majalengka,Netral
@SammiSoh Makanya udah sangat tepat ibukota harus pindah..Klo gak mrk akan semakin ngelunjak nanti.,makanya udah sangat tepat ibukota harus pindahklo gak mrk akan semakin ngelunjak nanti,makanya udah sangat tepat ibukota harus pindahklo gak mrk akan semakin ngelunjak nanti,makanya sudah sangat tepat ibukota harus pindahklo tidak mrk akan semakin ngelunjak nanti,ibukota pindahklo mrk ngelunjak,ibukota pindahklo mrk ngelunjak,Netral
@DokterTifa Ngawur yang sah kan UU IKN siapa ? Biarpun tidak ada Jokowi ibukota pasti pindah dari Jakarta sudah di rencanakan oleh Mantan Presiden Soeharto. (Keppres) No. 1 Thn 1997 tertanggal 15 Januari 1997 tentang Koordinasi Pengembangan Kawasan Jonggol sebagai Kota Mandiri.,ngawur yang sah kan uu ikn siapa biarpun tidak ada jokowi ibukota pasti pindah dari jakarta sudah di rencanakan oleh mantan presiden soeharto keppres no thn tertanggal januari tentang koordinasi pengembangan kawasan jonggol sebagai kota mandiri,ngawur yang sah kan uu ikn siapa biarpun tidak ada jokowi ibukota pasti pindah dari jakarta sudah di rencanakan oleh mantan presiden soeharto keppres no thn tertanggal januari tentang koordinasi pengembangan kawasan jonggol sebagai kota mandiri,ngawur yang sah kan uu ikn siapa biarpun tidak ada jokowi ibukota pasti pindah dari jakarta sudah di rencanakan oleh mantan presiden soeharto keppres no thn tertanggal januari tentang koordinasi pengembangan kawasan jonggol sebagai kota mandiri,ngawur sah uu ikn biarpun jokowi ibukota pindah jakarta rencanakan mantan presiden soeharto keppres no thn tertanggal januari koordinasi pengembangan kawasan jonggol kota mandiri,ngawur sah uu ikn biarpun jokowi ibukota pindah jakarta rencana mantan presiden soeharto keppres no thn tanggal januari koordinasi kembang kawasan jonggol kota mandiri,Negatif
@petra_bayuu @MilitaryObs_ID Kan mau boyongan pindah ibukota,kan mau boyongan pindah ibukota,kan mau boyongan pindah ibukota,kan mau boyongan pindah ibukota,boyongan pindah ibukota,boyongan pindah ibukota,Netral
@checkoves @Gunawanpark @iyeesayang Ibukota dari new york pindah ke DC ya ga bikin orang berhenti dateng ke NY buat ngadu nasib. Salah satu founder stand up Indo contohnya tp itu di negara mereka ya di negara kalian gmn?,ibukota dari new york pindah ke dc ya ga bikin orang berhenti dateng ke ny buat ngadu nasib salah satu founder stand up indo contohnya tp itu di negara mereka ya di negara kalian gmn,ibukota dari new york pindah ke dc ya ga bikin orang berhenti dateng ke ny buat ngadu nasib salah satu founder stand up indo contohnya tp itu di negara mereka ya di negara kalian gmn,ibukota dari baru york pindah ke dc ya tidak bikin orang berhenti dateng ke nya buat ngadu nasib salah satu founder stand atas indonesia contohnya tapi itu di negara mereka ya di negara kalian bagaimana,ibukota york pindah dc bikin orang berhenti dateng nya ngadu nasib salah founder stand indonesia contohnya negara negara,ibukota york pindah dc bikin orang henti dateng nya ngadu nasib salah founder stand indonesia contoh negara negara,Negatif
@DokterTifa Liat jakarta tong.... Jakarta udah padet penduduk... 2045 pasti dah tambah padet . Mw kapan lagi klo gak fi pindah dri skg ibukota... Mikir tong,liat jakarta tong jakarta udah padet penduduk pasti dah tambah padet mw kapan lagi klo gak fi pindah dri skg ibukota mikir tong,liat jakarta tong jakarta udah padet penduduk pasti dah tambah padet mw kapan lagi klo gak fi pindah dri skg ibukota mikir tong,lihat jakarta tong jakarta sudah padet penduduk pasti sudah tambah padet ingin kapan lagi kalau tidak fi pindah dari skg ibukota mikir tong,lihat jakarta tong jakarta padet penduduk padet fi pindah skg ibukota mikir tong,lihat jakarta tong jakarta padet duduk padet fi pindah skg ibukota mikir tong,Netral
Gak sabar lucas dateng di panggung joget oke gas oke gas tambah dua torang gas background konser muka lucas ala disney pas konser ada konsumsi gratis budget-nya 7 500 (mau 15 000 tapi masak panitia gak kebagian sih) terus ibukota korea pindah gak di seoul lagi tapi di kalimantan,gak sabar lucas dateng di panggung joget oke gas oke gas tambah dua torang gas background konser muka lucas ala disney pas konser ada konsumsi gratis budgetnya mau tapi masak panitia gak kebagian sih terus ibukota korea pindah gak di seoul lagi tapi di kalimantan,gak sabar lucas dateng di panggung joget oke gas oke gas tambah dua torang gas background konser muka lucas ala disney pas konser ada konsumsi gratis budgetnya mau tapi masak panitia gak kebagian sih terus ibukota korea pindah gak di seoul lagi tapi di kalimantan,tidak sabar lucas dateng di panggung joget oke gas oke gas tambah dua torang gas background konser muka lucas ala disney pas konser ada konsumsi gratis budgetnya mau tapi masak panitia tidak kebagian sih terus ibukota korea pindah tidak di seoul lagi tapi di kalimantan,sabar lucas dateng panggung joget oke gas oke gas torang gas background konser muka lucas ala disney pas konser konsumsi gratis budgetnya masak panitia kebagian ibukota korea pindah seoul kalimantan,sabar lucas dateng panggung joget oke gas oke gas torang gas background konser muka lucas ala disney pas konser konsumsi gratis budgetnya masak panitia bagi ibukota korea pindah seoul kalimantan,Netral
@Trollbukantroll @Gunawanpark @MorphoMenelausX sy yakin baca ga visi misi masing2 paslon jkw maupun bowo 2014 dan 2019. Tid?k pernah ada pindah ibukota dalam visi misi jkw malah ada di prabowo. Jadi masi mikir IKN direncanakan dg matang oleh jkwi?? nope. Ini program bagian deal2an ketika prabowo gabung jkwi,sy yakin baca ga visi misi masing paslon jkw maupun bowo dan tidk pernah ada pindah ibukota dalam visi misi jkw malah ada di prabowo jadi masi mikir ikn direncanakan dg matang oleh jkwi nope ini program bagian dealan ketika prabowo gabung jkwi,sy yakin baca ga visi misi masing paslon jkw maupun bowo dan tidk pernah ada pindah ibukota dalam visi misi jkw malah ada di prabowo jadi masi mikir ikn direncanakan dg matang oleh jkwi nope ini program bagian dealan ketika prabowo gabung jkwi,sy yakin baca tidak visi misi masing paslon jokowi maupun bowo dan tidk pernah ada pindah ibukota dalam visi misi jokowi malah ada di prabowo jadi masih mikir ikn direncanakan dengan matang oleh jokowi nope ini program bagian dealan ketika prabowo gabung jokowi,sy baca visi misi paslon jokowi bowo tidk pindah ibukota visi misi jokowi mikir ikn direncanakan matang jokowi nope program dealan gabung jokowi,sy baca visi misi paslon jokowi bowo tidk pindah ibukota visi misi jokowi mikir ikn rencana matang jokowi nope program dealan gabung jokowi,Netral
@Gunawanpark @Berang_Tulan waktu anda milih pilpres 2014 2019 anda baca ga visi misi masing2 paslon?? Tahukah anda tidak pernah ada pindah ibukota dalam visi misi jkw malah ada di prabowo. Jadi anda masi mikir IKN direncanakan dg matang oleh jkwi??,waktu anda milih pilpres anda baca ga visi misi masing paslon tahukah anda tidak pernah ada pindah ibukota dalam visi misi jkw malah ada di prabowo jadi anda masi mikir ikn direncanakan dg matang oleh jkwi,waktu anda milih pilpres anda baca ga visi misi masing paslon tahukah anda tidak pernah ada pindah ibukota dalam visi misi jkw malah ada di prabowo jadi anda masi mikir ikn direncanakan dg matang oleh jkwi,waktu kamu milih pilpres kamu baca tidak visi misi masing paslon tahukah kamu tidak pernah ada pindah ibukota dalam visi misi jokowi malah ada di prabowo jadi kamu masih mikir ikn direncanakan dengan matang oleh jokowi,milih pilpres baca visi misi paslon tahukah pindah ibukota visi misi jokowi mikir ikn direncanakan matang jokowi,milih pilpres baca visi misi paslon tahu pindah ibukota visi misi jokowi mikir ikn rencana matang jokowi,Netral
@KepaArgawinata7 Mungkin dah dibaca duluan makanya ibukota di pindah,mungkin dah dibaca duluan makanya ibukota di pindah,mungkin dah dibaca duluan makanya ibukota di pindah,mungkin sudah dibaca duluan makanya ibukota di pindah,dibaca duluan ibukota pindah,baca duluan ibukota pindah,Netral
@nctjiheon Wegah men pindah ibukota seng durung rampung.,wegah men pindah ibukota seng durung rampung,wegah men pindah ibukota seng durung rampung,wegah men pindah ibukota seng durung rampung,wegah men pindah ibukota seng durung rampung,wegah men pindah ibukota seng durung rampung,Netral
@liputan6dotcom Blom apa? kekuasaan presiden sdh dipreteli utk persiapan si bocil wapres.... krna jakarta pontensial cuan bisnis paska ibukota pindah. Kendali ekonomi tetap dipegang pinokio melalui si anak haram.,blom apa kekuasaan presiden sdh dipreteli utk persiapan si bocil wapres krna jakarta pontensial cuan bisnis paska ibukota pindah kendali ekonomi tetap dipegang pinokio melalui si anak haram,blom apa kekuasaan presiden sdh dipreteli utk persiapan si bocil wapres krna jakarta pontensial cuan bisnis paska ibukota pindah kendali ekonomi tetap dipegang pinokio melalui si anak haram,blom apa kekuasaan presiden sudah dipreteli untuk persiapan si bocil wapres karena jakarta pontensial cuan bisnis paska ibukota pindah kendali ekonomi tetap dipegang pinokio melalui si anak haram,blom kekuasaan presiden dipreteli persiapan si bocil wapres jakarta pontensial cuan bisnis paska ibukota pindah kendali ekonomi dipegang pinokio si anak haram,blom kuasa presiden pretel siap si bocil wapres jakarta pontensial cuan bisnis paska ibukota pindah kendali ekonomi pegang pinokio si anak haram,Netral
@xSugarGlidersx Perlu pindah ibukota nih kayake biar ekonomi Jateng melesat,perlu pindah ibukota nih kayake biar ekonomi jateng melesat,perlu pindah ibukota nih kayake biar ekonomi jateng melesat,perlu pindah ibukota ini kayake biar ekonomi jateng melesat,pindah ibukota kayake biar ekonomi jateng melesat,pindah ibukota kayake biar ekonomi jateng lesat,Netral
@kulkasberlariii @MorphoMenelausX Ya bagus masyrkat kecil gk bisa ikut di IKN gak kayak Jakarta ibukota negara jadi semrwut macet dll. Ya gpp org kaya yg disana knpa lu kebrratan? Pindah aje lu ke Somalia kalau gak mau ikut aturan Indonesia. Beres,ya bagus masyrkat kecil gk bisa ikut di ikn gak kayak jakarta ibukota negara jadi semrwut macet dll ya gpp org kaya yg disana knpa lu kebrratan pindah aje lu ke somalia kalau gak mau ikut aturan indonesia beres,ya bagus masyrkat kecil gk bisa ikut di ikn gak kayak jakarta ibukota negara jadi semrwut macet dll ya gpp org kaya yg disana knpa lu kebrratan pindah aje lu ke somalia kalau gak mau ikut aturan indonesia beres,ya bagus masyrkat kecil tidak bisa ikut di ikn tidak seperti jakarta ibukota negara jadi semrwut macet dsb ya tidak apa orang seperti yang disana knpa lu kebrratan pindah saja lu ke somalia kalau tidak mau ikut aturan indonesia selesai,bagus masyrkat ikn jakarta ibukota negara semrwut macet dsb tidak apa orang disana knpa lu kebrratan pindah lu somalia aturan indonesia selesai,bagus masyrkat ikn jakarta ibukota negara semrwut macet dsb tidak apa orang sana knpa lu kebrratan pindah lu somalia atur indonesia selesai,Netral
@DokterTifa Di negara eropa pindah ibukota kaga ada harus mengundulin hutan mereka tidak dari 0 tapi kota kecil jadi ibu kota,di negara eropa pindah ibukota kaga ada harus mengundulin hutan mereka tidak dari tapi kota kecil jadi ibu kota,di negara eropa pindah ibukota kaga ada harus mengundulin hutan mereka tidak dari tapi kota kecil jadi ibu kota,di negara eropa pindah ibukota tidak ada harus mengundulin hutan mereka tidak dari tapi kota kecil jadi ibu kota,negara eropa pindah ibukota mengundulin hutan kota kota,negara eropa pindah ibukota mengundulin hutan kota kota,Netral
@sharpandshark Lah tolol... di kira Ibukota pindah trus jakarta di kosongin gitu? Malu saya sebangsa dengan orang tolol gini!,lah tolol di kira ibukota pindah trus jakarta di kosongin gitu malu saya sebangsa dengan orang tolol gini,lah tolol di kira ibukota pindah trus jakarta di kosongin gitu malu saya sebangsa dengan orang tolol gini,lah bodoh di kira ibukota pindah terus jakarta di kosongin gitu malu aku sebangsa dengan orang bodoh gini,bodoh ibukota pindah jakarta kosongin gitu malu sebangsa orang bodoh gini,bodoh ibukota pindah jakarta kosongin gitu malu bangsa orang bodoh gin,Netral
@amyourss_ nanti aja klo udah fix pindah ibukota nya,nanti aja klo udah fix pindah ibukota nya,nanti aja klo udah fix pindah ibukota nya,nanti saja kalau sudah tetap pindah ibukota nya,pindah ibukota nya,pindah ibukota nya,Netral
@tonyhexa_ @KawalPemilu_org @aniesbaswedan ada orang demo beras mahal aja dia ketawain bang kalo ibukota pindah ke ikn dgn gaya sok kaya bilang klo mo demo kudu nabung lebih banyak sok banget ibuk? bupati pendukung wowo itu,ada orang demo beras mahal aja dia ketawain bang kalo ibukota pindah ke ikn dgn gaya sok kaya bilang klo mo demo kudu nabung lebih banyak sok banget ibuk bupati pendukung wowo itu,ada orang demo beras mahal aja dia ketawain bang kalo ibukota pindah ke ikn dgn gaya sok kaya bilang klo mo demo kudu nabung lebih banyak sok banget ibuk bupati pendukung wowo itu,ada orang demo beras mahal saja dia ketawain kakak kalau ibukota pindah ke ikn dengan gaya sok seperti bilang kalau ingin demo harus nabung lebih banyak sok sekali ibu bupati pendukung prabowo itu,orang demo beras mahal ketawain kakak ibukota pindah ikn gaya sok bilang demo nabung sok bupati pendukung,orang demo beras mahal ketawain kakak ibukota pindah ikn gaya sok bilang demo nabung sok bupati dukung,Netral
@Aajokerman45 @Blakk_Harris No pindah ke Batam saja atau Sumatra dan Kalimantan Borneo bergabung sendiri tanpa sertai Malaysia ???? dan ibukota di Batam.,no pindah ke batam saja atau sumatra dan kalimantan borneo bergabung sendiri tanpa sertai malaysia dan ibukota di batam,no pindah ke batam saja atau sumatra dan kalimantan borneo bergabung sendiri tanpa sertai malaysia dan ibukota di batam,no pindah ke batam saja atau sumatra dan kalimantan borneo bergabung sendiri tanpa sertai malaysia dan ibukota di batam,no pindah batam sumatra kalimantan borneo bergabung sertai malaysia ibukota batam,no pindah batam sumatra kalimantan borneo gabung serta malaysia ibukota batam,Netral
Eh itu ibukota udah pindah beneran ya? Berarti jam wilayah gue sekarang udah ga beda 1jam sama ibukota wkwkwkwk,eh itu ibukota udah pindah beneran ya berarti jam wilayah gue sekarang udah ga beda jam sama ibukota wkwkwkwk,eh itu ibukota udah pindah beneran ya berarti jam wilayah gue sekarang udah ga beda jam sama ibukota wkwkwkwk,eh itu ibukota sudah pindah beneran ya berarti jam wilayah aku sekarang sudah tidak beda jam sama ibukota wkwkwkwk,ibukota pindah beneran jam wilayah beda jam ibukota,ibukota pindah beneran jam wilayah beda jam ibukota,Netral
Simulasi ibukota pindah IKN. https://t.co/sW2HqHJaiP,simulasi ibukota pindah ikn,simulasi ibukota pindah ikn,simulasi ibukota pindah ikn,simulasi ibukota pindah ikn,simulasi ibukota pindah ikn,Netral
@milwal_ ibukota pindah cenah,ibukota pindah cenah,ibukota pindah cenah,ibukota pindah cenah,ibukota pindah cenah,ibukota pindah cenah,Netral
@Isaagi41 Tunggu ibukota pindah diluar jawa apakah bakal bisa murce sedikit,tunggu ibukota pindah diluar jawa apakah bakal bisa murce sedikit,tunggu ibukota pindah diluar jawa apakah bakal bisa murce sedikit,tunggu ibukota pindah diluar jawa apakah akan bisa murce sedikit,tunggu ibukota pindah diluar jawa murce,tunggu ibukota pindah luar jawa murce,Netral
@WindahPayudaraa @GreatMister2023 @BayuWPrayogo @RandomWorldWar https://t.co/LmLrlZVTha Justru PERANG DUNIA III Sekutu vs Cukong Komunis Cina+Mbh Komunis Rusia+KORUT sbtr lagi (2024-2025). Yg menang negara2 KOMUNIS. Sblm PD III Komunis di negara???? sdh mulai menguasai (terlebih Ibukota sdh pindah). Nah perang saudara lawan KOMUNIS s/d 2045,justru perang dunia iii sekutu vs cukong komunis cinambh komunis rusiakorut sbtr lagi yg menang negara komunis sblm pd iii komunis di negara sdh mulai menguasai terlebih ibukota sdh pindah nah perang saudara lawan komunis sd,justru perang dunia iii sekutu vs cukong komunis cinambh komunis rusiakorut sbtr lagi yg menang negara komunis sblm pd iii komunis di negara sdh mulai menguasai terlebih ibukota sdh pindah nah perang saudara lawan komunis sd,justru perang dunia iii sekutu vs cukong komunis cinambh komunis rusiakorut sbtr lagi yang menang negara komunis sebelum percaya diri iii komunis di negara sudah mulai menguasai terlebih ibukota sudah pindah nah perang saudara lawan komunis sd,perang dunia iii sekutu vs cukong komunis cinambh komunis rusiakorut sbtr menang negara komunis percaya diri iii komunis negara menguasai ibukota pindah perang saudara lawan komunis sd,perang dunia iii sekutu vs cukong komunis cinambh komunis rusiakorut sbtr menang negara komunis percaya diri iii komunis negara kuasa ibukota pindah perang saudara lawan komunis sd,Netral
Adipura utk kota besar dikuasai DKI Jakarta terutama Jaksel Jakarta sdh mulai bersaing dengan kota2 besar lain di ASEAN. Tambah optimis bila ibukota nantinya pindah ke IKN beban Jakarta makin ringan utk mjd kota level dunia.,adipura utk kota besar dikuasai dki jakarta terutama jaksel jakarta sdh mulai bersaing dengan kota besar lain di asean tambah optimis bila ibukota nantinya pindah ke ikn beban jakarta makin ringan utk mjd kota level dunia,adipura utk kota besar dikuasai dki jakarta terutama jaksel jakarta sdh mulai bersaing dengan kota besar lain di asean tambah optimis bila ibukota nantinya pindah ke ikn beban jakarta makin ringan utk mjd kota level dunia,adipura untuk kota besar dikuasai dki jakarta terutama jaksel jakarta sudah mulai bersaing dengan kota besar lain di asean tambah optimis bila ibukota nantinya pindah ke ikn beban jakarta makin ringan untuk menjadi kota level dunia,adipura kota dikuasai dki jakarta jaksel jakarta bersaing kota asean optimis ibukota pindah ikn beban jakarta ringan kota level dunia,adipura kota asai dki jakarta jaksel jakarta saing kota asean optimis ibukota pindah ikn beban jakarta ringan kota level dunia,Netral
@sapulady hehe udah pindah dulu Kak dari Jakarta Timur ke Surabaya... Doakan kami kan kembali ke ibukota ya...,hehe udah pindah dulu kak dari jakarta timur ke surabaya doakan kami kan kembali ke ibukota ya,hehe udah pindah dulu kak dari jakarta timur ke surabaya doakan kami kan kembali ke ibukota ya,hehe sudah pindah dulu kakak dari jakarta timur ke surabaya doakan kami kan kembali ke ibukota ya,hehe pindah kakak jakarta timur surabaya doakan ibukota,hehe pindah kakak jakarta timur surabaya doa ibukota,Netral
@TirtoID Ibukota pindah,ibukota pindah,ibukota pindah,ibukota pindah,ibukota pindah,ibukota pindah,Netral
@hrdbacot Kalau ibukota dan segala adminsitrasinya nanti resmi pindah ke IKN bakal begini terus kah?,kalau ibukota dan segala adminsitrasinya nanti resmi pindah ke ikn bakal begini terus kah,kalau ibukota dan segala adminsitrasinya nanti resmi pindah ke ikn bakal begini terus kah,kalau ibukota dan segala adminsitrasinya nanti resmi pindah ke ikn akan begini terus kah,ibukota adminsitrasinya resmi pindah ikn kah,ibukota adminsitrasinya resmi pindah ikn kah,Netral
@Aryprasetyo85 Sejak diundangkannya IKN sbagai ibukota Nusantara sejak itulah warga diwilayah itu sudah tidak memiliki hak apapun tanah rumah dll.Jika warga setempak diusir itu wajar saja.krn UU IKN ini betul2 sulapan prosesnya &amp; mulus gada perlawanan di DPR hanya PKS saja.solusi ganti rezim.,sejak diundangkannya ikn sbagai ibukota nusantara sejak itulah warga diwilayah itu sudah tidak memiliki hak apapun tanah rumah dlljika warga setempak diusir itu wajar sajakrn uu ikn ini betul sulapan prosesnya amp mulus gada perlawanan di dpr hanya pks sajasolusi ganti rezim,sejak diundangkannya ikn sbagai ibukota nusantara sejak itulah warga diwilayah itu sudah tidak memiliki hak apapun tanah rumah dlljika warga setempak diusir itu wajar sajakrn uu ikn ini betul sulapan prosesnya amp mulus gada perlawanan di dpr hanya pks sajasolusi ganti rezim,sejak diundangkannya ikn sbagai ibukota nusantara sejak itulah warga diwilayah itu sudah tidak memiliki hak apapun tanah rumah dlljika warga setempak diusir itu wajar sajakrn uu ikn ini betul sulapan prosesnya sampai mulus tidak ada perlawanan di dpr hanya pks sajasolusi ganti rezim,diundangkannya ikn sbagai ibukota nusantara warga diwilayah memiliki hak apapun tanah rumah dlljika warga setempak diusir wajar sajakrn uu ikn sulapan prosesnya mulus tidak ada perlawanan dpr pks sajasolusi ganti rezim,undang ikn sbagai ibukota nusantara warga wilayah milik hak apa tanah rumah dlljika warga setempak usir wajar sajakrn uu ikn sulap proses mulus tidak ada lawan dpr pks sajasolusi ganti rezim,Netral
Per 15 Februari 2024 Jakarta udah bukan ibukota negara yang bernama Indonesia... Per 15 Maret ini pindah ke Depok,per februari jakarta udah bukan ibukota negara yang bernama indonesia per maret ini pindah ke depok,per februari jakarta udah bukan ibukota negara yang bernama indonesia per maret ini pindah ke depok,per februari jakarta sudah bukan ibukota negara yang bernama indonesia per maret ini pindah ke depok,februari jakarta ibukota negara bernama indonesia maret pindah depok,februari jakarta ibukota negara nama indonesia maret pindah depok,Netral
@geloraco Kita nggk perlu pindah ibukota kalau Jakarta di pimpin oleh orang yg berintegritas Yakin macet n banjir akan teratasi hnya mslh waktu saja.,kita nggk perlu pindah ibukota kalau jakarta di pimpin oleh orang yg berintegritas yakin macet n banjir akan teratasi hnya mslh waktu saja,kita nggk perlu pindah ibukota kalau jakarta di pimpin oleh orang yg berintegritas yakin macet n banjir akan teratasi hnya mslh waktu saja,kita tidak perlu pindah ibukota kalau jakarta di pimpin oleh orang yang berintegritas yakin macet n banjir akan teratasi hanya mslh waktu saja,pindah ibukota jakarta pimpin orang berintegritas macet n banjir teratasi mslh,pindah ibukota jakarta pimpin orang integritas macet n banjir atas mslh,Negatif
@FiNfie777 @msaid_didu Makin Cepat Ibukota Pindah bagi saya makin Baik Jakarta Jaya Selalu biarpun dikata Mau tenggelam Saya selalu bersamamu Ibukota Baru kamu kamu yang pada urus !.... Saya lebih baik ngak tahu,makin cepat ibukota pindah bagi saya makin baik jakarta jaya selalu biarpun dikata mau tenggelam saya selalu bersamamu ibukota baru kamu kamu yang pada urus saya lebih baik ngak tahu,makin cepat ibukota pindah bagi saya makin baik jakarta jaya selalu biarpun dikata mau tenggelam saya selalu bersamamu ibukota baru kamu kamu yang pada urus saya lebih baik ngak tahu,makin cepat ibukota pindah bagi aku makin baik jakarta jaya selalu biarpun dikata mau tenggelam aku selalu bersamamu ibukota baru kamu kamu yang pada urus aku lebih baik tidak tahu,cepat ibukota pindah jakarta jaya biarpun dikata tenggelam bersamamu ibukota urus,cepat ibukota pindah jakarta jaya biarpun kata tenggelam sama ibukota urus,Positif
@DokterTifa Fokus realisasi 'kota hutan' kedepan (RTH bukit Soeharto &amp; goa Tapak Raja) IKN (sisi Sepaku) saat ini daerah 'hijaunya' hutan ekaliptus milik ITCI &amp; hutan kelapa sawit milik warga lokal. Jgn kemakan clickbait judul berita Toh juga pengusaha ga rugi2 amat kalo ibukota pindah.,fokus realisasi kota hutan kedepan rth bukit soeharto amp goa tapak raja ikn sisi sepaku saat ini daerah hijaunya hutan ekaliptus milik itci amp hutan kelapa sawit milik warga lokal jgn kemakan clickbait judul berita toh juga pengusaha ga rugi amat kalo ibukota pindah,fokus realisasi kota hutan kedepan rth bukit soeharto amp goa tapak raja ikn sisi sepaku saat ini daerah hijaunya hutan ekaliptus milik itci amp hutan kelapa sawit milik warga lokal jgn kemakan clickbait judul berita toh juga pengusaha ga rugi amat kalo ibukota pindah,fokus realisasi kota hutan kedepan rth bukit soeharto sampai goa tapak raja ikn sisi sepaku saat ini daerah hijaunya hutan ekaliptus milik itci sampai hutan kelapa sawit milik warga lokal jangan kemakan clickbait judul berita toh juga pengusaha tidak rugi sekali kalau ibukota pindah,fokus realisasi kota hutan kedepan rth bukit soeharto goa tapak raja ikn sisi sepaku daerah hijaunya hutan ekaliptus milik itci hutan kelapa sawit milik warga lokal kemakan clickbait judul berita pengusaha rugi ibukota pindah,fokus realisasi kota hutan depan rth bukit soeharto goa tapak raja ikn sisi paku daerah hijau hutan ekaliptus milik itci hutan kelapa sawit milik warga lokal makan clickbait judul berita usaha rugi ibukota pindah,Negatif
@Chavesz08 Sekarang mah begini aja begitu ibukota pindah jakarta Banten dan kota kota lain nya pisah dari Nusantara nah loh..ikan. Sendirian yg isi nya Pinokio semua hahahah pada ga sadar kesaana para boneka lebih baik loe cepetan deh pindah sumpek lihat Para boneka hidup di jakarta,sekarang mah begini aja begitu ibukota pindah jakarta banten dan kota kota lain nya pisah dari nusantara nah lohikan sendirian yg isi nya pinokio semua hahahah pada ga sadar kesaana para boneka lebih baik loe cepetan deh pindah sumpek lihat para boneka hidup di jakarta,sekarang mah begini aja begitu ibukota pindah jakarta banten dan kota kota lain nya pisah dari nusantara nah lohikan sendirian yg isi nya pinokio semua hahahah pada ga sadar kesaana para boneka lebih baik loe cepetan deh pindah sumpek lihat para boneka hidup di jakarta,sekarang mah begini saja begitu ibukota pindah jakarta banten dan kota kota lain nya pisah dari nusantara nah lohikan sendirian yang isi nya pinokio semua hahahah pada tidak sadar kesana para boneka lebih baik loe cepetan deh pindah sumpek lihat para boneka hidup di jakarta,mah ibukota pindah jakarta banten kota kota nya pisah nusantara lohikan isi nya pinokio hahahah sadar kesana boneka loe cepetan deh pindah sumpek lihat boneka hidup jakarta,mah ibukota pindah jakarta banten kota kota nya pisah nusantara lohikan isi nya pinokio hahahah sadar kesana boneka loe cepetan deh pindah sumpek lihat boneka hidup jakarta,Positif
@AffiAssegaf iyaa jir udah 4 tahun tp udh terlalu nyaman buat pindah. maunya sekalinya resign buka usaha aja capek bgt dengan kemacetan ibukota,iyaa jir udah tahun tp udh terlalu nyaman buat pindah maunya sekalinya resign buka usaha aja capek bgt dengan kemacetan ibukota,iyaa jir udah tahun tp udh terlalu nyaman buat pindah maunya sekalinya resign buka usaha aja capek bgt dengan kemacetan ibukota,iya jir sudah tahun tapi sudah terlalu nyaman buat pindah maunya sekalinya resign buka usaha saja kesal sekali dengan kemacetan ibukota,iya jir nyaman pindah maunya sekalinya resign buka usaha kesal kemacetan ibukota,iya jir nyaman pindah mau sekali resign buka usaha kesal macet ibukota,Netral
Salah 1 alasan kenapa Ibukota Negara lebih baik pindah,salah alasan kenapa ibukota negara lebih baik pindah,salah alasan kenapa ibukota negara lebih baik pindah,salah alasan kenapa ibukota negara lebih baik pindah,salah alasan ibukota negara pindah,salah alas ibukota negara pindah,Netral
ibukota pindah... akankah JKT48 rename jadi IKN48????? time will answer,ibukota pindah akankah jkt rename jadi ikn time will answer,ibukota pindah akankah jkt rename jadi ikn time will answer,ibukota pindah akankah jakarta rename jadi ikn waktu akan answer,ibukota pindah jakarta rename ikn answer,ibukota pindah jakarta rename ikn answer,Netral
lagi diem tbtb keingetan idol gw ada yg tau ibukota pindah ke ikn,lagi diem tbtb keingetan idol gw ada yg tau ibukota pindah ke ikn,lagi diem tbtb keingetan idol gw ada yg tau ibukota pindah ke ikn,lagi diam tbtb keingetan idol aku ada yang tau ibukota pindah ke ikn,diam tbtb keingetan idol tau ibukota pindah ikn,diam tbtb keingetan idol tau ibukota pindah ikn,Netral
Berat nya tumbuh dewasa: 1. Ibukota pindah 2. Progress skripsi lama 3. Minions&amp;daddies gantung raket 4. Jason ranti berenti nokip Pengen jadi anak kecil aja lah,berat nya tumbuh dewasa ibukota pindah progress skripsi lama minionsampdaddies gantung raket jason ranti berenti nokip pengen jadi anak kecil aja lah,berat nya tumbuh dewasa ibukota pindah progress skripsi lama minionsampdaddies gantung raket jason ranti berenti nokip pengen jadi anak kecil aja lah,berat nya tumbuh dewasa ibukota pindah progress skripsi lama minionsampdaddies gantung raket jason ranti berhenti nokip ingin jadi anak kecil saja lah,berat nya tumbuh dewasa ibukota pindah progress skripsi minionsampdaddies gantung raket jason ranti berhenti nokip anak,berat nya tumbuh dewasa ibukota pindah progress skripsi minionsampdaddies gantung raket jason ranti henti nokip anak,Netral
@KunyukSurvei @nonayenaje59948 Udh jd tukang &amp; mandor di Ibukota Kalimantan Nusantara,udh jd tukang amp mandor di ibukota kalimantan nusantara,udh jd tukang amp mandor di ibukota kalimantan nusantara,sudah jadi tukang sampai mandor di ibukota kalimantan nusantara,tukang mandor ibukota kalimantan nusantara,tukang mandor ibukota kalimantan nusantara,Netral
@ethadisaputra Ibukota amerika juga kabarnya akan pindah ke ikn,ibukota amerika juga kabarnya akan pindah ke ikn,ibukota amerika juga kabarnya akan pindah ke ikn,ibukota amerika juga kabarnya akan pindah ke ikn,ibukota amerika kabarnya pindah ikn,ibukota amerika kabar pindah ikn,Netral
Wahh wah wahh tetnyata mksd pembangunan IKN itu ini ya trnyata. Kata nya pindah ibukota buat pemerataan pembangunan Indonesia tp mlh 'bangunan' warga aslinya yg asli turun temurun dsitu dirubuhin buat elit2 IKaeN,wahh wah wahh tetnyata mksd pembangunan ikn itu ini ya trnyata kata nya pindah ibukota buat pemerataan pembangunan indonesia tp mlh bangunan warga aslinya yg asli turun temurun dsitu dirubuhin buat elit ikaen,wahh wah wahh tetnyata mksd pembangunan ikn itu ini ya trnyata kata nya pindah ibukota buat pemerataan pembangunan indonesia tp mlh bangunan warga aslinya yg asli turun temurun dsitu dirubuhin buat elit ikaen,wahh wah wahh tetnyata mksd pembangunan ikn itu ini ya ternyata kata nya pindah ibukota buat pemerataan pembangunan indonesia tapi mlh bangunan warga aslinya yang asli turun temurun dsitu dirubuhin buat elit ikaen,wahh wahh tetnyata mksd pembangunan ikn nya pindah ibukota pemerataan pembangunan indonesia mlh bangunan warga aslinya asli turun temurun dsitu dirubuhin elit ikaen,wahh wahh tetnyata mksd bangun ikn nya pindah ibukota perata bangun indonesia mlh bangun warga asli asli turun turun dsitu dirubuhin elit ikaen,Netral
Random thoughts. Ntar kalo ibukota udah pindah di sana dibangun stadion yg lebih bagus dibanding GBK berarti ada kemungkinan konser2 harus ke kaltim. NOOOOOO,random thoughts ntar kalo ibukota udah pindah di sana dibangun stadion yg lebih bagus dibanding gbk berarti ada kemungkinan konser harus ke kaltim noooooo,random thoughts ntar kalo ibukota udah pindah di sana dibangun stadion yg lebih bagus dibanding gbk berarti ada kemungkinan konser harus ke kaltim noooooo,random thoughts nanti kalau ibukota sudah pindah di sana dibangun stadion yang lebih bagus dibanding gbk berarti ada kemungkinan konser harus ke kaltim noooooo,random thoughts ibukota pindah dibangun stadion bagus dibanding gbk konser kaltim noooooo,random thoughts ibukota pindah bangun stadion bagus banding gbk konser kaltim noooooo,Positif
Ohh jadi gini rasanya ada enaknya jg sy pindah ke ibukota https://t.co/Bxbo3BRudW,ohh jadi gini rasanya ada enaknya jg sy pindah ke ibukota,ohh jadi gini rasanya ada enaknya jg sy pindah ke ibukota,ohh jadi gini rasanya ada enaknya juga sy pindah ke ibukota,ohh gini enaknya sy pindah ibukota,ohh gin enak sy pindah ibukota,Netral
@alisyarief tangan2 raja solo bekerja biar alesan pindah ibukota,tangan raja solo bekerja biar alesan pindah ibukota,tangan raja solo bekerja biar alesan pindah ibukota,tangan raja solo bekerja biar alasan pindah ibukota,tangan raja solo biar alasan pindah ibukota,tangan raja solo biar alas pindah ibukota,Netral
Update progress IKN groundbreaking tahap 5 di ibukota Nusantara https://t.co/OZ63tFM73a,update progress ikn groundbreaking tahap di ibukota nusantara,update progress ikn groundbreaking tahap di ibukota nusantara,update progress ikn groundbreaking tahap di ibukota nusantara,update progress ikn groundbreaking tahap ibukota nusantara,update progress ikn groundbreaking tahap ibukota nusantara,Netral
IKN akan menjadi ibukota terbaik di mana semuanya akan berbasis State of the art of Technology termasuk sumber energi bersih untuk IKN Nusantara yang didukung teknologi pintar berbasis AI https://t.co/OXzb74Tu6k,ikn akan menjadi ibukota terbaik di mana semuanya akan berbasis state of the art of technology termasuk sumber energi bersih untuk ikn nusantara yang didukung teknologi pintar berbasis ai,ikn akan menjadi ibukota terbaik di mana semuanya akan berbasis state of the art of technology termasuk sumber energi bersih untuk ikn nusantara yang didukung teknologi pintar berbasis ai,ikn akan menjadi ibukota terbaik di mana semuanya akan berbasis state of sebuah art of technology termasuk sumber energi bersih untuk ikn nusantara yang didukung teknologi pintar berbasis ai,ikn ibukota terbaik berbasis state of art of technology sumber energi bersih ikn nusantara didukung teknologi pintar berbasis ai,ikn ibukota baik bas state of art of technology sumber energi bersih ikn nusantara dukung teknologi pintar bas ai,Positif
pembangunan IKN warganya bukannya diajak dialog kasih solusi karena lahannya diambil malah kena pidana. Lagian ibukota bilangnya mau pindah malah bikin kota baru,pembangunan ikn warganya bukannya diajak dialog kasih solusi karena lahannya diambil malah kena pidana lagian ibukota bilangnya mau pindah malah bikin kota baru,pembangunan ikn warganya bukannya diajak dialog kasih solusi karena lahannya diambil malah kena pidana lagian ibukota bilangnya mau pindah malah bikin kota baru,pembangunan ikn warganya bukannya diajak dialog kasih solusi karena lahannya diambil malah kena pidana lagian ibukota bilangnya mau pindah malah bikin kota baru,pembangunan ikn warganya diajak dialog kasih solusi lahannya diambil kena pidana ibukota bilangnya pindah bikin kota,bangun ikn warga ajak dialog kasih solusi lahan ambil kena pidana ibukota bilang pindah bikin kota,Positif
@ItsMe_RBH Kalo masalah desain bangunan wajar ada yg suka atau gak tapi aku emang merasa kurang sih desainnya tapi tetep dukung ibukota pindah dari jakarta.,kalo masalah desain bangunan wajar ada yg suka atau gak tapi aku emang merasa kurang sih desainnya tapi tetep dukung ibukota pindah dari jakarta,kalo masalah desain bangunan wajar ada yg suka atau gak tapi aku emang merasa kurang sih desainnya tapi tetep dukung ibukota pindah dari jakarta,kalau masalah desain bangunan wajar ada yang suka atau tidak tapi aku memang merasa kurang sih desainnya tapi tetap dukung ibukota pindah dari jakarta,desain bangunan wajar suka desainnya dukung ibukota pindah jakarta,desain bangun wajar suka desain dukung ibukota pindah jakarta,Positif
@bajingan60146 @PisangGore41452 @beyya1202 @DokterTifa Pantes Nick name lu bajingan tolol orang mikir kek gitu aja ga bisa. Di ibukota itu bukan cuman ada istana negara doang tapi bakal jadi pusat bisnis juga. Pebsnis? yg tadinya di jakarta jadi pindah ke ikn,pantes nick name lu bajingan tolol orang mikir kek gitu aja ga bisa di ibukota itu bukan cuman ada istana negara doang tapi bakal jadi pusat bisnis juga pebsnis yg tadinya di jakarta jadi pindah ke ikn,pantes nick name lu bajingan tolol orang mikir kek gitu aja ga bisa di ibukota itu bukan cuman ada istana negara doang tapi bakal jadi pusat bisnis juga pebsnis yg tadinya di jakarta jadi pindah ke ikn,pantes nick name lu bajingan bodoh orang mikir seperti gitu saja tidak bisa di ibukota itu bukan hanya ada istana negara doang tapi akan jadi pusat bisnis juga pebsnis yang tadinya di jakarta jadi pindah ke ikn,pantes nick name lu bajingan bodoh orang mikir gitu ibukota istana negara doang pusat bisnis pebsnis jakarta pindah ikn,pantes nick name lu bajing bodoh orang mikir gitu ibukota istana negara doang pusat bisnis pebsnis jakarta pindah ikn,Netral
@ismailfahmi pak fahmi...jika ibukota pindah ada info apakah para dubes asing bersedia pindah ke Ibukota baru juga...?,pak fahmijika ibukota pindah ada info apakah para dubes asing bersedia pindah ke ibukota baru juga,pak fahmijika ibukota pindah ada info apakah para dubes asing bersedia pindah ke ibukota baru juga,bapak fahmijika ibukota pindah ada info apakah para dubes asing bersedia pindah ke ibukota baru juga,fahmijika ibukota pindah info dubes asing bersedia pindah ibukota,fahmijika ibukota pindah info dubes asing sedia pindah ibukota,Netral
@sereinpsitruism @tanyarlfes Di foto ada kata2: Kalau Ibukota Pindah Ke IKN Emas Monas Kembalikan Saja Ke Aceh,di foto ada kata kalau ibukota pindah ke ikn emas monas kembalikan saja ke aceh,di foto ada kata kalau ibukota pindah ke ikn emas monas kembalikan saja ke aceh,di foto ada kata kalau ibukota pindah ke ikn emas monas kembalikan saja ke aceh,foto ibukota pindah ikn emas monas kembalikan aceh,foto ibukota pindah ikn emas monas kembali aceh,Netral
oot. banyak2nya bahas ibukota baru kenapa orang2 masih lebih suka nyebut 'ikn' daripada 'nusantara' (nama resmi) ya? apa karena 'nusantara' sudah ada lebih dulu dalam memori kita dengan konsep yg jauh berbeda dengan yg sekarang ada? pergeseran nama = pergeseran ingatan.,oot banyaknya bahas ibukota baru kenapa orang masih lebih suka nyebut ikn daripada nusantara nama resmi ya apa karena nusantara sudah ada lebih dulu dalam memori kita dengan konsep yg jauh berbeda dengan yg sekarang ada pergeseran nama pergeseran ingatan,oot banyaknya bahas ibukota baru kenapa orang masih lebih suka nyebut ikn daripada nusantara nama resmi ya apa karena nusantara sudah ada lebih dulu dalam memori kita dengan konsep yg jauh berbeda dengan yg sekarang ada pergeseran nama pergeseran ingatan,oot banyaknya bahas ibukota baru kenapa orang masih lebih suka nyebut ikn daripada nusantara nama resmi ya apa karena nusantara sudah ada lebih dulu dalam ingatan kita dengan konsep yang jauh berbeda dengan yang sekarang ada pergeseran nama pergeseran ingatan,oot banyaknya bahas ibukota orang suka nyebut ikn nusantara nama resmi nusantara ingatan konsep berbeda pergeseran nama pergeseran ingatan,oot banyak bahas ibukota orang suka nyebut ikn nusantara nama resmi nusantara ingat konsep beda geser nama geser ingat,Positif
@ARSIPAJA Sekalian jadiin kaisar aja lah gausah nanggung?.. bubarin republik trus bangun kekaisaran nusantara ibukota di ikn jokiwo jd kaisarnya wkwk https://t.co/2T3wxdtrPq,sekalian jadiin kaisar aja lah gausah nanggung bubarin republik trus bangun kekaisaran nusantara ibukota di ikn jokiwo jd kaisarnya wkwk,sekalian jadiin kaisar aja lah gausah nanggung bubarin republik trus bangun kekaisaran nusantara ibukota di ikn jokiwo jd kaisarnya wkwk,sekalian jadiin kaisar saja lah tidak nanggung bubarin republik terus bangun kekaisaran nusantara ibukota di ikn jokiwo jadi kaisarnya wkwk,jadiin kaisar nanggung bubarin republik bangun kekaisaran nusantara ibukota ikn jokiwo kaisarnya,jadiin kaisar nanggung bubarin republik bangun kaisar nusantara ibukota ikn jokiwo kaisar,Netral
@iqbalplentong1 @DokterTifa Solusinya gimana? Giant sea wall tau ga??? Lagian bukan indo doang yg pindah ibukota. Mengurangi beban jakarta itu perlu. Lo liat tiap taun penduduk diluar Jakarta berbondong bondong ke jkt,solusinya gimana giant sea wall tau ga lagian bukan indo doang yg pindah ibukota mengurangi beban jakarta itu perlu lo liat tiap taun penduduk diluar jakarta berbondong bondong ke jkt,solusinya gimana giant sea wall tau ga lagian bukan indo doang yg pindah ibukota mengurangi beban jakarta itu perlu lo liat tiap taun penduduk diluar jakarta berbondong bondong ke jkt,solusinya gimana giant sea wall tau tidak lagian bukan indonesia doang yang pindah ibukota mengurangi beban jakarta itu perlu kamu lihat tiap tahun penduduk diluar jakarta berbondong bondong ke jakarta,solusinya gimana giant sea wall tau indonesia doang pindah ibukota mengurangi beban jakarta lihat penduduk diluar jakarta berbondong bondong jakarta,solusi gimana giant sea wall tau indonesia doang pindah ibukota kurang beban jakarta lihat duduk luar jakarta bondong bondong jakarta,Negatif
Beginilah progres pembangunan Ibu Kota Nusantara (IKN) Sobat Minjel ada yang tertarik buat pindah ke sana? by Instagram/wpsiswanto #kprvbusiness #kprvupdate #madiun #ikn #nusantara #ibukota #indonesia #reelsfyp #viral #videofyp #videoviral #kalimantan #beritafyp #fyp https://t.co/H8MX71lqlU,beginilah progres pembangunan ibu kota nusantara ikn sobat minjel ada yang tertarik buat pindah ke sana by instagramwpsiswanto,beginilah progres pembangunan ibu kota nusantara ikn sobat minjel ada yang tertarik buat pindah ke sana by instagramwpsiswanto,beginilah progres pembangunan ibu kota nusantara ikn teman minjel ada yang tertarik buat pindah ke sana dari instagramwpsiswanto,progres pembangunan kota nusantara ikn teman minjel tertarik pindah instagramwpsiswanto,progres bangun kota nusantara ikn teman minjel tarik pindah instagramwpsiswanto,Netral
@sociotalker Kenapa harus jakarta bandung kan ibukota dan pusat pemerintahan mau pindah ke ikn.,kenapa harus jakarta bandung kan ibukota dan pusat pemerintahan mau pindah ke ikn,kenapa harus jakarta bandung kan ibukota dan pusat pemerintahan mau pindah ke ikn,kenapa harus jakarta bandung kan ibukota dan pusat pemerintahan mau pindah ke ikn,jakarta bandung ibukota pusat pemerintahan pindah ikn,jakarta bandung ibukota pusat perintah pindah ikn,Netral
@ARSIPAJA tahanan pertama di ibukota nusantara https://t.co/E681ACFIt3,tahanan pertama di ibukota nusantara,tahanan pertama di ibukota nusantara,tahanan pertama di ibukota nusantara,tahanan ibukota nusantara,tahan ibukota nusantara,Netral
Ternyata pjb gubernur dki yg ditunjuknya tidak bisa mengatasi banjir kalo hujan dan kemacetan solusinya ibukota pindah https://t.co/NyXLQwEuqi,ternyata pjb gubernur dki yg ditunjuknya tidak bisa mengatasi banjir kalo hujan dan kemacetan solusinya ibukota pindah,ternyata pjb gubernur dki yg ditunjuknya tidak bisa mengatasi banjir kalo hujan dan kemacetan solusinya ibukota pindah,ternyata pjb gubernur dki yang ditunjuknya tidak bisa mengatasi banjir kalau hujan dan kemacetan solusinya ibukota pindah,pjb gubernur dki mengatasi banjir hujan kemacetan solusinya ibukota pindah,pjb gubernur dki atas banjir hujan macet solusi ibukota pindah,Netral
@PartaiSocmed @andi_chairil Pindah ibukota uang kurang akhirnya kami ( RAKYAT ) kena beban min coba tanya MASYARAKAT BAWAH 12% pasti jawabannya MEMBERATKAN pertalite juga mau di hapus beras sudah naik duluan. Nb : kalau susu + makan siang gratis ditukar hal tadi tdk seimbang.,pindah ibukota uang kurang akhirnya kami rakyat kena beban min coba tanya masyarakat bawah pasti jawabannya memberatkan pertalite juga mau di hapus beras sudah naik duluan nb kalau susu makan siang gratis ditukar hal tadi tdk seimbang,pindah ibukota uang kurang akhirnya kami rakyat kena beban min coba tanya masyarakat bawah pasti jawabannya memberatkan pertalite juga mau di hapus beras sudah naik duluan nb kalau susu makan siang gratis ditukar hal tadi tdk seimbang,pindah ibukota uang kurang akhirnya kami rakyat kena beban admin coba tanya masyarakat bawah pasti jawabannya memberatkan pertalite juga mau di hapus beras sudah naik duluan nb kalau susu makan siang gratis ditukar hal tadi tidak seimbang,pindah ibukota uang rakyat kena beban admin coba masyarakat jawabannya memberatkan pertalite hapus beras duluan nb susu makan siang gratis ditukar seimbang,pindah ibukota uang rakyat kena beban admin coba masyarakat jawab berat pertalite hapus beras duluan nb susu makan siang gratis tukar imbang,Negatif
@jakajakajakaa Ket biyen distrust alasan historis e ae d pelintir. Dulu emang Presiden Sukarno pernah pengen pindah ibukota. Tpi gk sido akhirnya keluar uu 10 thn 64. Iki UU berlaku sementara cm gawe penjelasan tok lek Jakarta ttp jd ibukota intinya gk sido pindah. https://t.co/I6D0Iy4exz,ket biyen distrust alasan historis e ae d pelintir dulu emang presiden sukarno pernah pengen pindah ibukota tpi gk sido akhirnya keluar uu thn iki uu berlaku sementara cm gawe penjelasan tok lek jakarta ttp jd ibukota intinya gk sido pindah,ket biyen distrust alasan historis e ae d pelintir dulu emang presiden sukarno pernah pengen pindah ibukota tpi gk sido akhirnya keluar uu thn iki uu berlaku sementara cm gawe penjelasan tok lek jakarta ttp jd ibukota intinya gk sido pindah,ket biyen distrust alasan historis e ae di pelintir dulu memang presiden sukarno pernah ingin pindah ibukota tapi tidak sido akhirnya keluar uu thn ini uu berlaku sementara cm gawe penjelasan tok lek jakarta tetap jadi ibukota intinya tidak sido pindah,ket biyen distrust alasan historis e pelintir presiden sukarno pindah ibukota sido uu thn uu berlaku cm gawe penjelasan tok lek jakarta ibukota intinya sido pindah,ket biyen distrust alas historis e pelintir presiden sukarno pindah ibukota sido uu thn uu laku cm gawe jelas tok lek jakarta ibukota inti sido pindah,Netral
@DokterTifa Memang iya sih apa LG kl ibukota di pindah nambah g iklas apa banyak orang yg sependapat dengan pendapat yg g iklas Kl ibukota di pindah'apa lebih banyak yg iklas ya ibukota di pindah kyk nya Sih lebih banyak yg tidak iklas yeee,memang iya sih apa lg kl ibukota di pindah nambah g iklas apa banyak orang yg sependapat dengan pendapat yg g iklas kl ibukota di pindahapa lebih banyak yg iklas ya ibukota di pindah kyk nya sih lebih banyak yg tidak iklas yeee,memang iya sih apa lg kl ibukota di pindah nambah g iklas apa banyak orang yg sependapat dengan pendapat yg g iklas kl ibukota di pindahapa lebih banyak yg iklas ya ibukota di pindah kyk nya sih lebih banyak yg tidak iklas yeee,memang iya sih apa lagi kalau ibukota di pindah nambah tidak iklas apa banyak orang yang sependapat dengan pendapat yang tidak iklas kalau ibukota di pindahapa lebih banyak yang iklas ya ibukota di pindah seperti nya sih lebih banyak yang tidak iklas yeee,iya ibukota pindah nambah iklas orang sependapat pendapat iklas ibukota pindahapa iklas ibukota pindah nya iklas yeee,iya ibukota pindah nambah iklas orang dapat dapat iklas ibukota pindahapa iklas ibukota pindah nya iklas yeee,Netral
@Naandaa27 @ARSIPAJA Kenaikan terjadi sesudah ibukota pindah ke kalimantan. Cerdas! yg demo musti angkutan antar pulau dulu ke kalimantan.susah transportasinya n gampang dicegat https://t.co/gGCMI82Mmt,kenaikan terjadi sesudah ibukota pindah ke kalimantan cerdas yg demo musti angkutan antar pulau dulu ke kalimantansusah transportasinya n gampang dicegat,kenaikan terjadi sesudah ibukota pindah ke kalimantan cerdas yg demo musti angkutan antar pulau dulu ke kalimantansusah transportasinya n gampang dicegat,kenaikan terjadi sesudah ibukota pindah ke kalimantan cerdas yang demo musti angkutan antar pulau dulu ke kalimantansusah transportasinya n gampang dicegat,kenaikan ibukota pindah kalimantan cerdas demo musti angkutan pulau kalimantansusah transportasinya n gampang dicegat,naik ibukota pindah kalimantan cerdas demo musti angkut pulau kalimantansusah transportasi n gampang cegat,Positif
@DokterTifa Justru saya lebih setuju di pindah dok.. ibukota ku yang lama sudah dikepung barisan paling ahli surga + barisan paling pintar lain nya goblok + barisan klo gak sesuai sama keinginannya mengatasnamakan RAKYAT yang paling tertindas...,justru saya lebih setuju di pindah dok ibukota ku yang lama sudah dikepung barisan paling ahli surga barisan paling pintar lain nya goblok barisan klo gak sesuai sama keinginannya mengatasnamakan rakyat yang paling tertindas,justru saya lebih setuju di pindah dok ibukota ku yang lama sudah dikepung barisan paling ahli surga barisan paling pintar lain nya goblok barisan klo gak sesuai sama keinginannya mengatasnamakan rakyat yang paling tertindas,justru aku lebih setuju di pindah dok ibukota ku yang lama sudah dikepung barisan paling ahli surga barisan paling pintar lain nya goblok barisan kalau tidak sesuai sama keinginannya mengatasnamakan rakyat yang paling tertindas,setuju pindah dok ibukota ku dikepung barisan ahli surga barisan pintar nya goblok barisan sesuai keinginannya mengatasnamakan rakyat tertindas,tuju pindah dok ibukota ku kepung baris ahli surga baris pintar nya goblok baris sesuai ingin mengatasnamakan rakyat tindas,Netral
@DokterTifa Bilang saja iri karna ibukota sudah mau di pindah,bilang saja iri karna ibukota sudah mau di pindah,bilang saja iri karna ibukota sudah mau di pindah,bilang saja iri karena ibukota sudah mau di pindah,bilang iri ibukota pindah,bilang iri ibukota pindah,Netral
@raihan1895 Mampu han pindah ibukota dengan bikin baru dari 0 aja mampu kok,mampu han pindah ibukota dengan bikin baru dari aja mampu kok,mampu han pindah ibukota dengan bikin baru dari aja mampu kok,mampu han pindah ibukota dengan bikin baru dari saja mampu kok,han pindah ibukota bikin,han pindah ibukota bikin,Netral
@DokterTifa Maaf kenapa klen ga seneng kalau ibukota pindah dari pulau jawa ? Takut supermasi klen terganggu kah ?,maaf kenapa klen ga seneng kalau ibukota pindah dari pulau jawa takut supermasi klen terganggu kah,maaf kenapa klen ga seneng kalau ibukota pindah dari pulau jawa takut supermasi klen terganggu kah,maaf kenapa kalian tidak senang kalau ibukota pindah dari pulau jawa takut supermasi kalian terganggu kah,maaf senang ibukota pindah pulau jawa takut supermasi terganggu kah,maaf senang ibukota pindah pulau jawa takut supermasi ganggu kah,Negatif
@reza_segaf @partaimedsos45 Kebalik Justru Trump sangat Pro Israel Lah itu Ibukota Israel yg awalnya Tel Aviv lalu pindah ke Yerussalem pas zamannya Trump kok Trump menang lagi another win for Zionist and more losses for Palestinians,kebalik justru trump sangat pro israel lah itu ibukota israel yg awalnya tel aviv lalu pindah ke yerussalem pas zamannya trump kok trump menang lagi another win for zionist and more losses for palestinians,kebalik justru trump sangat pro israel lah itu ibukota israel yg awalnya tel aviv lalu pindah ke yerussalem pas zamannya trump kok trump menang lagi another win for zionist and more losses for palestinians,kebalik justru trump sangat pro israel lah itu ibukota israel yang awalnya tel aviv lalu pindah ke yerussalem pas zamannya trump kok trump menang lagi another win untuk zionist dan more losses untuk palestinians,kebalik trump pro israel ibukota israel tel aviv pindah yerussalem pas zamannya trump trump menang another win zionist more losses palestinians,balik trump pro israel ibukota israel tel aviv pindah yerussalem pas zaman trump trump menang another win zionist more losses palestinians,Netral
@garagarabola_ Taun nya tim Kalimantan ini mah ibukota pindah ksna,taun nya tim kalimantan ini mah ibukota pindah ksna,taun nya tim kalimantan ini mah ibukota pindah ksna,tahun nya grup kalimantan ini mah ibukota pindah ksna,nya grup kalimantan mah ibukota pindah ksna,nya grup kalimantan mah ibukota pindah ksna,Netral
: kenapa ibukota pindah ke IKN? : soalnya kemarin LDRan sama bapak kota :,kenapa ibukota pindah ke ikn soalnya kemarin ldran sama bapak kota,kenapa ibukota pindah ke ikn soalnya kemarin ldran sama bapak kota,kenapa ibukota pindah ke ikn soalnya kemarin ldran sama bapak kota,ibukota pindah ikn kemarin ldran kota,ibukota pindah ikn kemarin ldran kota,Netral
Jika ibukota pindah ke Kaltim maka istilah: JABODETABEK (Jakarta Bogor Depok Tangerang Bekasi) akan menjadi SAMBAL TERONG PEDAS (Samarinda Balikpapan Tenggarong Penajam dan sekitarnya),jika ibukota pindah ke kaltim maka istilah jabodetabek jakarta bogor depok tangerang bekasi akan menjadi sambal terong pedas samarinda balikpapan tenggarong penajam dan sekitarnya,jika ibukota pindah ke kaltim maka istilah jabodetabek jakarta bogor depok tangerang bekasi akan menjadi sambal terong pedas samarinda balikpapan tenggarong penajam dan sekitarnya,jika ibukota pindah ke kaltim maka istilah jabodetabek jakarta bogor depok tangerang bekasi akan menjadi sambal terong pedas samarinda balikpapan tenggarong penajam dan sekitarnya,ibukota pindah kaltim istilah jabodetabek jakarta bogor depok tangerang bekasi sambal terong pedas samarinda balikpapan tenggarong penajam,ibukota pindah kaltim istilah jabodetabek jakarta bogor depok tangerang bekas sambal terong pedas samarinda balikpapan tenggarong najam,Netral
@txtdrjkt Nanti jalanan Jakarta bakal kyk gini gak ya kalo ibukota nya pindah.,nanti jalanan jakarta bakal kyk gini gak ya kalo ibukota nya pindah,nanti jalanan jakarta bakal kyk gini gak ya kalo ibukota nya pindah,nanti jalanan jakarta akan seperti gini tidak ya kalau ibukota nya pindah,jalanan jakarta gini ibukota nya pindah,jalan jakarta gin ibukota nya pindah,Netral
"Biarkan mereka tambah menderita untuk cari uang &amp; pekerjaan setalah IKN Nusantara beres jadi ibukota pindah otomatis mereka juga harus pindah ??,1776937429381087340""",biarkan mereka tambah menderita untuk cari uang amp pekerjaan setalah ikn nusantara beres jadi ibukota pindah otomatis mereka juga harus pindah,biarkan mereka tambah menderita untuk cari uang amp pekerjaan setalah ikn nusantara beres jadi ibukota pindah otomatis mereka juga harus pindah,biarkan mereka tambah menderita untuk cari uang sampai pekerjaan setalah ikn nusantara selesai jadi ibukota pindah otomatis mereka juga harus pindah,biarkan menderita cari uang pekerjaan setalah ikn nusantara selesai ibukota pindah otomatis pindah,biar derita cari uang kerja seta ikn nusantara selesai ibukota pindah otomatis pindah,Netral
@Jhon92850351 Karena sentralisasi... makanya cukup aneh kalau kalau ada klaim yg bilang memindahkan ibukota = pemerataan. Padahal pelaku sentralisasi &amp; yg ngebet pindah ibukota itu rezim yg sama,karena sentralisasi makanya cukup aneh kalau kalau ada klaim yg bilang memindahkan ibukota pemerataan padahal pelaku sentralisasi amp yg ngebet pindah ibukota itu rezim yg sama,karena sentralisasi makanya cukup aneh kalau kalau ada klaim yg bilang memindahkan ibukota pemerataan padahal pelaku sentralisasi amp yg ngebet pindah ibukota itu rezim yg sama,karena sentralisasi makanya cukup aneh kalau kalau ada klaim yang bilang memindahkan ibukota pemerataan padahal pelaku sentralisasi sampai yang ngebet pindah ibukota itu rezim yang sama,sentralisasi aneh klaim bilang memindahkan ibukota pemerataan pelaku sentralisasi ngebet pindah ibukota rezim,sentralisasi aneh klaim bilang pindah ibukota perata laku sentralisasi ngebet pindah ibukota rezim,Netral
@txtdrjkt Harusnya ..Gak usah balik Ibukota udah Pindah,harusnya gak usah balik ibukota udah pindah,harusnya gak usah balik ibukota udah pindah,harusnya tidak usah balik ibukota sudah pindah,ibukota pindah,ibukota pindah,Netral
@evylagi Ibukota Kalsel pindah ke Banjarbaru.,ibukota kalsel pindah ke banjarbaru,ibukota kalsel pindah ke banjarbaru,ibukota kalsel pindah ke banjarbaru,ibukota kalsel pindah banjarbaru,ibukota kalsel pindah banjarbaru,Netral
@evylagi Emosi nontonya bisa bisanya ibukota Lampung pindah ke Palu,emosi nontonya bisa bisanya ibukota lampung pindah ke palu,emosi nontonya bisa bisanya ibukota lampung pindah ke palu,emosi nontonya bisa bisanya ibukota lampung pindah ke palu,emosi nontonya bisanya ibukota lampung pindah palu,emosi nontonya bisa ibukota lampung pindah palu,Netral
Berarti bnr bgt nih harus segera ibukota RI pindah ke KEDIRI. Minimal seribu anggota MPR di JAKARTA akan di pindah ke KEDIRI. #suara007,berarti bnr bgt nih harus segera ibukota ri pindah ke kediri minimal seribu anggota mpr di jakarta akan di pindah ke kediri,berarti bnr bgt nih harus segera ibukota ri pindah ke kediri minimal seribu anggota mpr di jakarta akan di pindah ke kediri,berarti benar sekali ini harus segera ibukota ri pindah ke kediri minimal seribu anggota mpr di jakarta akan di pindah ke kediri,ibukota ri pindah kediri minimal seribu anggota mpr jakarta pindah kediri,ibukota ri pindah diri minimal ribu anggota mpr jakarta pindah diri,Netral
Kamu ya apa @astabcnn denger ibukota jawa tengah dijawab begini? Kamu pindah domisili skrg? https://t.co/6jWBt6il6y,kamu ya apa denger ibukota jawa tengah dijawab begini kamu pindah domisili skrg,kamu ya apa denger ibukota jawa tengah dijawab begini kamu pindah domisili skrg,kamu ya apa dengar ibukota jawa tengah dijawab begini kamu pindah domisili sekarang,dengar ibukota jawa pindah domisili,dengar ibukota jawa pindah domisili,Netral
@tanyakanrl Makanya pindah aja ibukota nya ke kota lain biar jakarta bukan jd pusat perekonomian lagi jadi bisa sepi deh,makanya pindah aja ibukota nya ke kota lain biar jakarta bukan jd pusat perekonomian lagi jadi bisa sepi deh,makanya pindah aja ibukota nya ke kota lain biar jakarta bukan jd pusat perekonomian lagi jadi bisa sepi deh,makanya pindah saja ibukota nya ke kota lain biar jakarta bukan jadi pusat perekonomian lagi jadi bisa sepi deh,pindah ibukota nya kota biar jakarta pusat perekonomian sepi deh,pindah ibukota nya kota biar jakarta pusat ekonomi sepi deh,Netral
Habis mudik Lebaran konon mereka langsung pindah ke Ibukota Baru,habis mudik lebaran konon mereka langsung pindah ke ibukota baru,habis mudik lebaran konon mereka langsung pindah ke ibukota baru,habis mudik lebaran konon mereka langsung pindah ke ibukota baru,habis mudik lebaran konon langsung pindah ibukota,habis mudik lebaran konon langsung pindah ibukota,Netral
Mu friend said : menurutku ibukota pindah ke solo saja daripada IKN https://t.co/MY1hw6j1m5,mu friend said menurutku ibukota pindah ke solo saja daripada ikn,mu friend said menurutku ibukota pindah ke solo saja daripada ikn,mu friend said menurutku ibukota pindah ke solo saja daripada ikn,mu friend said menurutku ibukota pindah solo ikn,mu friend said turut ibukota pindah solo ikn,Netral
@convomf Kayanya susah sih kalo ibukota pindah ke Solo soalnya pelayaran expor impor jateng lewat pelabuhan Semarang. kegiatan pelayaran expor impor di pelabuhan Semarang udah gede nder cuman emang jarang orang tau,kayanya susah sih kalo ibukota pindah ke solo soalnya pelayaran expor impor jateng lewat pelabuhan semarang kegiatan pelayaran expor impor di pelabuhan semarang udah gede nder cuman emang jarang orang tau,kayanya susah sih kalo ibukota pindah ke solo soalnya pelayaran expor impor jateng lewat pelabuhan semarang kegiatan pelayaran expor impor di pelabuhan semarang udah gede nder cuman emang jarang orang tau,seperti susah sih kalau ibukota pindah ke solo soalnya pelayaran expor impor jateng lewat pelabuhan semarang kegiatan pelayaran expor impor di pelabuhan semarang sudah gede teman hanya memang jarang orang tau,susah ibukota pindah solo pelayaran expor impor jateng pelabuhan semarang kegiatan pelayaran expor impor pelabuhan semarang gede teman jarang orang tau,susah ibukota pindah solo layar expor impor jateng labuh semarang giat layar expor impor labuh semarang gede teman jarang orang tau,Netral
@kikir @tanyakanrl Just for information ya per 2022 kemaren ibukota Kalimantan Selatan sudah pindah ke Banjarbaru ya netizen dan kalo Banjarmasin skrg jadi kota madya di Kalsel terima kasih,just for information ya per kemaren ibukota kalimantan selatan sudah pindah ke banjarbaru ya netizen dan kalo banjarmasin skrg jadi kota madya di kalsel terima kasih,just for information ya per kemaren ibukota kalimantan selatan sudah pindah ke banjarbaru ya netizen dan kalo banjarmasin skrg jadi kota madya di kalsel terima kasih,just untuk information ya per kemarin ibukota kalimantan selatan sudah pindah ke banjarbaru ya netizen dan kalau banjarmasin sekarang jadi kota madya di kalsel terima kasih,just information kemarin ibukota kalimantan selatan pindah banjarbaru netizen banjarmasin kota madya kalsel terima kasih,just information kemarin ibukota kalimantan selatan pindah banjarbaru netizen banjarmasin kota madya kalsel terima kasih,Netral
https://t.co/qjkwY1aqAN PPU Dalam upaya menjaga keamanan dan ketertiban di Kawasan Otoritas IKN (Ibukota Nusantara ) menjelang liburan Idul Fitri 1445 H Kapolres Penajam Paser Utara bersama Kasat Intelkam Kasat Lantas dan Kapolsek Sepaku melaksanakan kegiatan pengecekan. https://t.co/kM97wO22Ey,ppu dalam upaya menjaga keamanan dan ketertiban di kawasan otoritas ikn ibukota nusantara menjelang liburan idul fitri h kapolres penajam paser utara bersama kasat intelkam kasat lantas dan kapolsek sepaku melaksanakan kegiatan pengecekan,ppu dalam upaya menjaga keamanan dan ketertiban di kawasan otoritas ikn ibukota nusantara menjelang liburan idul fitri h kapolres penajam paser utara bersama kasat intelkam kasat lantas dan kapolsek sepaku melaksanakan kegiatan pengecekan,ppu dalam upaya menjaga keamanan dan ketertiban di kawasan otoritas ikn ibukota nusantara menjelang liburan idul fitri h kapolres penajam paser utara bersama kasat intelkam kasat lantas dan kapolsek sepaku melaksanakan kegiatan pengecekan,ppu upaya menjaga keamanan ketertiban kawasan otoritas ikn ibukota nusantara menjelang liburan idul fitri h kapolres penajam paser utara kasat intelkam kasat lantas kapolsek sepaku melaksanakan kegiatan pengecekan,ppu upaya jaga aman tertib kawasan otoritas ikn ibukota nusantara jelang libur idul fitri h kapolres najam paser utara kasat intelkam kasat lantas kapolsek paku laksana giat kece,Netral
Iya juga ya kan ibukota pindah nih bakal ada NST48 ga ya?,iya juga ya kan ibukota pindah nih bakal ada nst ga ya,iya juga ya kan ibukota pindah nih bakal ada nst ga ya,iya juga ya kan ibukota pindah ini akan ada nst tidak ya,iya ibukota pindah nst,iya ibukota pindah nst,Netral
Ya gimana terbaik nya lah buat Indonesia meski ibukota nya pindah pasti ada alesan tersendiri meski agak gak rela. Tapi jakarta tetep jadi jantungnya Indonesia dan konser apapun tetap disini pls,ya gimana terbaik nya lah buat indonesia meski ibukota nya pindah pasti ada alesan tersendiri meski agak gak rela tapi jakarta tetep jadi jantungnya indonesia dan konser apapun tetap disini pls,ya gimana terbaik nya lah buat indonesia meski ibukota nya pindah pasti ada alesan tersendiri meski agak gak rela tapi jakarta tetep jadi jantungnya indonesia dan konser apapun tetap disini pls,ya gimana terbaik nya lah buat indonesia meski ibukota nya pindah pasti ada alasan tersendiri meski agak tidak rela tapi jakarta tetap jadi jantungnya indonesia dan konser apapun tetap disini tolong,gimana terbaik nya indonesia ibukota nya pindah alasan tersendiri rela jakarta jantungnya indonesia konser apapun tolong,gimana baik nya indonesia ibukota nya pindah alas sendiri rela jakarta jantung indonesia konser apa tolong,Positif
Kalo ibukota pindah ke ikn apakah akan ada ikn48?,kalo ibukota pindah ke ikn apakah akan ada ikn,kalo ibukota pindah ke ikn apakah akan ada ikn,kalau ibukota pindah ke ikn apakah akan ada ikn,ibukota pindah ikn ikn,ibukota pindah ikn ikn,Netral
@Pai_C1 Orang Stress banyak diibukota Ada betulnya pindah ibukota,orang stress banyak diibukota ada betulnya pindah ibukota,orang stress banyak diibukota ada betulnya pindah ibukota,orang stress banyak diibukota ada betulnya pindah ibukota,orang stress diibukota betulnya pindah ibukota,orang stress diibukota betul pindah ibukota,Netral
@SarahRa78989862 @kosmoswadesta4 @tham878 Sekedar saran dri salah satu rakyat Knp Ibukota hrus jauh? pindah ke kalimantan pdhl d kota Bogor lebih strategis d tambah sdah ad istana presiden Tinggal bikin Gedung pemerintah z Lbih irit jga lbih dkt,sekedar saran dri salah satu rakyat knp ibukota hrus jauh pindah ke kalimantan pdhl d kota bogor lebih strategis d tambah sdah ad istana presiden tinggal bikin gedung pemerintah z lbih irit jga lbih dkt,sekedar saran dri salah satu rakyat knp ibukota hrus jauh pindah ke kalimantan pdhl d kota bogor lebih strategis d tambah sdah ad istana presiden tinggal bikin gedung pemerintah z lbih irit jga lbih dkt,sekedar saran dari salah satu rakyat kenapa ibukota harus jauh pindah ke kalimantan padahal di kota bogor lebih strategis di tambah sudah ada istana presiden tinggal bikin gedung pemerintah z lbih irit juga lbih dkt,sekedar saran salah rakyat ibukota pindah kalimantan kota bogor strategis istana presiden tinggal bikin gedung pemerintah z lbih irit lbih dkt,dar saran salah rakyat ibukota pindah kalimantan kota bogor strategis istana presiden tinggal bikin gedung perintah z lbih irit lbih dkt,Negatif
Pemkab Bengkalis Ikut Rakornas Bahas Kontribusi Daerah untuk Ibukota Nusantara: https://t.co/fvfXioYa49 -&amp;nbsp;Bupati Bengkalis diwakili Wakil Bupati Dr. H. Bagus Santoso mengikuti Rapat Koordinasi Nasional (Rakornas) yang digelar Otorita Ibu Kota https://t.co/R138JlWHC0 https://t.co/iMwE3m895Y,pemkab bengkalis ikut rakornas bahas kontribusi daerah untuk ibukota nusantara ampnbspbupati bengkalis diwakili wakil bupati dr h bagus santoso mengikuti rapat koordinasi nasional rakornas yang digelar otorita ibu kota,pemkab bengkalis ikut rakornas bahas kontribusi daerah untuk ibukota nusantara ampnbspbupati bengkalis diwakili wakil bupati dr h bagus santoso mengikuti rapat koordinasi nasional rakornas yang digelar otorita ibu kota,pemkab bengkalis ikut rakornas bahas kontribusi daerah untuk ibukota nusantara ampnbspbupati bengkalis diwakili wakil bupati dari h bagus santoso mengikuti rapat koordinasi nasional rakornas yang digelar otorita ibu kota,pemkab bengkalis rakornas bahas kontribusi daerah ibukota nusantara ampnbspbupati bengkalis diwakili wakil bupati h bagus santoso mengikuti rapat koordinasi nasional rakornas digelar otorita kota,pemkab bengkal rakornas bahas kontribusi daerah ibukota nusantara ampnbspbupati bengkal wakil wakil bupati h bagus santoso ikut rapat koordinasi nasional rakornas gelar otorita kota,Positif
@officialJKT48 jot ibukota kan udah nganti JKT48 gimna jot jangan jgan theater pindah,jot ibukota kan udah nganti jkt gimna jot jangan jgan theater pindah,jot ibukota kan udah nganti jkt gimna jot jangan jgan theater pindah,jot ibukota kan sudah nganti jakarta gimna jot jangan jgan theater pindah,jot ibukota nganti jakarta gimna jot jgan theater pindah,jot ibukota nganti jakarta gimna jot jgan theater pindah,Netral
@plusjakarta_ @DKIJakarta Menarik untuk dinantikan apakah Urbanisasi di Jakarta akan menurun setelah Jakarta tdk lagi menyandang Ibukota lagi dan kaum Urbanisasi pindah ke daerah sekitar IKN seperti Balikpapan krn bisa jadi akan banyak kawasan industri baru di sana seiring adanya ibukota baru,menarik untuk dinantikan apakah urbanisasi di jakarta akan menurun setelah jakarta tdk lagi menyandang ibukota lagi dan kaum urbanisasi pindah ke daerah sekitar ikn seperti balikpapan krn bisa jadi akan banyak kawasan industri baru di sana seiring adanya ibukota baru,menarik untuk dinantikan apakah urbanisasi di jakarta akan menurun setelah jakarta tdk lagi menyandang ibukota lagi dan kaum urbanisasi pindah ke daerah sekitar ikn seperti balikpapan krn bisa jadi akan banyak kawasan industri baru di sana seiring adanya ibukota baru,menarik untuk dinantikan apakah urbanisasi di jakarta akan menurun setelah jakarta tidak lagi menyandang ibukota lagi dan kaum urbanisasi pindah ke daerah sekitar ikn seperti balikpapan karena bisa jadi akan banyak kawasan industri baru di sana seiring adanya ibukota baru,menarik dinantikan urbanisasi jakarta menurun jakarta menyandang ibukota kaum urbanisasi pindah daerah ikn balikpapan kawasan industri seiring ibukota,tarik nanti urbanisasi jakarta turun jakarta sandang ibukota kaum urbanisasi pindah daerah ikn balikpapan kawasan industri iring ibukota,Netral
@AndharLee @idextratime ibukota mau pindah bang mungkin kelak kebanggaan ibukota itu Borneo FC,ibukota mau pindah bang mungkin kelak kebanggaan ibukota itu borneo fc,ibukota mau pindah bang mungkin kelak kebanggaan ibukota itu borneo fc,ibukota mau pindah kakak mungkin kelak kebanggaan ibukota itu borneo fc,ibukota pindah kakak kelak kebanggaan ibukota borneo fc,ibukota pindah kakak kelak bangga ibukota borneo fc,Positif
@0tk0il Konon berasal dari pelosok desa dgn nama asli Aisyia careratun naimah lalu krn ekonomi syulit ybs pindah ke ibukota dan setelah pindah ibukota serta menjadi terkenal berubah menjadi Asia Carrera,konon berasal dari pelosok desa dgn nama asli aisyia careratun naimah lalu krn ekonomi syulit ybs pindah ke ibukota dan setelah pindah ibukota serta menjadi terkenal berubah menjadi asia carrera,konon berasal dari pelosok desa dgn nama asli aisyia careratun naimah lalu krn ekonomi syulit ybs pindah ke ibukota dan setelah pindah ibukota serta menjadi terkenal berubah menjadi asia carrera,konon berasal dari pelosok desa dengan nama asli aisyia careratun naimah lalu karena ekonomi syulit ybs pindah ke ibukota dan setelah pindah ibukota serta menjadi terkenal berubah menjadi asia carrera,konon berasal pelosok desa nama asli aisyia careratun naimah ekonomi syulit ybs pindah ibukota pindah ibukota terkenal berubah asia carrera,konon asal pelosok desa nama asli aisyia careratun naimah ekonomi syulit ybs pindah ibukota pindah ibukota kenal ubah asia carrera,Netral
Mau cerita sepruit perjalanan mau pindah dari kabupaten ke ibukota yailah kek jauh bgt Belum pindah sih mau nyari lokasi yg cocok dulu aja &amp; sbg simpanan Utas ini sekalian mau sambat soalnya lagi kzzzzzllll,mau cerita sepruit perjalanan mau pindah dari kabupaten ke ibukota yailah kek jauh bgt belum pindah sih mau nyari lokasi yg cocok dulu aja amp sbg simpanan utas ini sekalian mau sambat soalnya lagi kzzzzzllll,mau cerita sepruit perjalanan mau pindah dari kabupaten ke ibukota yailah kek jauh bgt belum pindah sih mau nyari lokasi yg cocok dulu aja amp sbg simpanan utas ini sekalian mau sambat soalnya lagi kzzzzzllll,mau cerita sepruit perjalanan mau pindah dari kabupaten ke ibukota yailah seperti jauh sekali belum pindah sih mau nyari lokasi yang cocok dulu saja sampai sebagai simpanan utas ini sekalian mau sambat soalnya lagi kesal,cerita sepruit perjalanan pindah kabupaten ibukota yailah pindah nyari lokasi cocok simpanan utas sambat kesal,cerita sepruit jalan pindah kabupaten ibukota yailah pindah nyari lokasi cocok simpan utas sambat kesal,Netral
@opposite6892 Pak Jokowi dan DPR RI tolong segera gelar referendum untuk ganti nama Indonesia menjadi Nusantara bukan nama Ibukotanya nama ibukota wajib Nusantara Jaya. Nama Indonesia membawa perpecahan dan ketidakmampuan. Follow ig: @jasakonsultasinamaaa .,pak jokowi dan dpr ri tolong segera gelar referendum untuk ganti nama indonesia menjadi nusantara bukan nama ibukotanya nama ibukota wajib nusantara jaya nama indonesia membawa perpecahan dan ketidakmampuan follow ig,pak jokowi dan dpr ri tolong segera gelar referendum untuk ganti nama indonesia menjadi nusantara bukan nama ibukotanya nama ibukota wajib nusantara jaya nama indonesia membawa perpecahan dan ketidakmampuan follow ig,bapak jokowi dan dpr ri tolong segera gelar referendum untuk ganti nama indonesia menjadi nusantara bukan nama ibukotanya nama ibukota wajib nusantara jaya nama indonesia membawa perpecahan dan ketidakmampuan follow ig,jokowi dpr ri tolong gelar referendum ganti nama indonesia nusantara nama ibukotanya nama ibukota wajib nusantara jaya nama indonesia membawa perpecahan ketidakmampuan follow ig,jokowi dpr ri tolong gelar referendum ganti nama indonesia nusantara nama ibukotanya nama ibukota wajib nusantara jaya nama indonesia bawa pecah ketidakmampuan follow ig,Positif
@papaigu_ Nampaknya harus pindah dr ibukota nih,nampaknya harus pindah dr ibukota nih,nampaknya harus pindah dr ibukota nih,nampaknya harus pindah dari ibukota ini,nampaknya pindah ibukota,nampaknya pindah ibukota,Netral
kadang di pindah ke Sumatera .. ibukota pribadi saya sendiri tower city gaul keren semua IKN masih jelek kota citynya,kadang di pindah ke sumatera ibukota pribadi saya sendiri tower city gaul keren semua ikn masih jelek kota citynya,kadang di pindah ke sumatera ibukota pribadi saya sendiri tower city gaul keren semua ikn masih jelek kota citynya,kadang di pindah ke sumatera ibukota pribadi aku sendiri tower city gaul keren semua ikn masih jelek kota citynya,kadang pindah sumatera ibukota pribadi tower city gaul keren ikn jelek kota citynya,kadang pindah sumatera ibukota pribadi tower city gaul keren ikn jelek kota citynya,Positif
semua channel TV Djakarta di pindah ke ibukota SOLO utara SEMARANG,semua channel tv djakarta di pindah ke ibukota solo utara semarang,semua channel tv djakarta di pindah ke ibukota solo utara semarang,semua channel tv djakarta di pindah ke ibukota solo utara semarang,channel tv djakarta pindah ibukota solo utara semarang,channel tv djakarta pindah ibukota solo utara semarang,Netral
Politikus PKS Hermanto Usul Jakarta Ibukota Legislatif DPR Tak Perlu Pindah ke IKN https://t.co/Cq0SBUsZ67,politikus pks hermanto usul jakarta ibukota legislatif dpr tak perlu pindah ke ikn,politikus pks hermanto usul jakarta ibukota legislatif dpr tak perlu pindah ke ikn,politikus pks hermanto usul jakarta ibukota legislatif dpr tidak perlu pindah ke ikn,politikus pks hermanto usul jakarta ibukota legislatif dpr pindah ikn,politikus pks hermanto usul jakarta ibukota legislatif dpr pindah ikn,Netral
@m1n4_95 Haha mendukung makin hancur biar ibukota pindah ke IKN kan...,haha mendukung makin hancur biar ibukota pindah ke ikn kan,haha mendukung makin hancur biar ibukota pindah ke ikn kan,haha mendukung makin hancur biar ibukota pindah ke ikn kan,haha mendukung hancur biar ibukota pindah ikn,haha dukung hancur biar ibukota pindah ikn,Netral
@yaniarsim Karena Serba Nusantara jadinya: - Ibukota Nusantara - JIL JIN Jaringan Islam Nusantara - dst....,karena serba nusantara jadinya ibukota nusantara jil jin jaringan islam nusantara dst,karena serba nusantara jadinya ibukota nusantara jil jin jaringan islam nusantara dst,karena serba nusantara jadinya ibukota nusantara jil jin jaringan islam nusantara dsb,serba nusantara ibukota nusantara jil jin jaringan islam nusantara dsb,serba nusantara ibukota nusantara jil jin jaring islam nusantara dsb,Netral
@you_heii22 Betul. Jalan memadai transportasi publik puskesmas yg layak serta sekolah yg berkualitas lebih dibutuhkan. Tapi mungkin org lebih bangga dg status ibukota pindah ke pulaunya. Aku yg tinggal 12 jam jalan darat dari IKN cuma bisa melihat berita rumah megah mentri yg baru sambil,betul jalan memadai transportasi publik puskesmas yg layak serta sekolah yg berkualitas lebih dibutuhkan tapi mungkin org lebih bangga dg status ibukota pindah ke pulaunya aku yg tinggal jam jalan darat dari ikn cuma bisa melihat berita rumah megah mentri yg baru sambil,betul jalan memadai transportasi publik puskesmas yg layak serta sekolah yg berkualitas lebih dibutuhkan tapi mungkin org lebih bangga dg status ibukota pindah ke pulaunya aku yg tinggal jam jalan darat dari ikn cuma bisa melihat berita rumah megah mentri yg baru sambil,betul jalan memadai transportasi publik puskesmas yang layak serta sekolah yang berkualitas lebih dibutuhkan tapi mungkin orang lebih bangga dengan status ibukota pindah ke pulaunya aku yang tinggal jam jalan darat dari ikn hanya bisa melihat berita rumah megah mentri yang baru sambil,jalan memadai transportasi publik puskesmas layak sekolah berkualitas dibutuhkan orang bangga status ibukota pindah pulaunya tinggal jam jalan darat ikn berita rumah megah mentri,jalan pada transportasi publik puskesmas layak sekolah kualitas butuh orang bangga status ibukota pindah pulau tinggal jam jalan darat ikn berita rumah megah tri,Positif
Kang Emil takut kalah. Lagian kenapa sih berebut jadi Gubernur Jakarta padahal kan ibukota negara udah pindah ke IKN https://t.co/1gTPf8l5u5,kang emil takut kalah lagian kenapa sih berebut jadi gubernur jakarta padahal kan ibukota negara udah pindah ke ikn,kang emil takut kalah lagian kenapa sih berebut jadi gubernur jakarta padahal kan ibukota negara udah pindah ke ikn,kang emil takut kalah lagian kenapa sih berebut jadi gubernur jakarta padahal kan ibukota negara sudah pindah ke ikn,kang emil takut kalah berebut gubernur jakarta ibukota negara pindah ikn,kang emil takut kalah rebut gubernur jakarta ibukota negara pindah ikn,Negatif
Tandain dulu siapa tau taun ini pindah ke ibukota huhu atau gak my homebase Bandung,tandain dulu siapa tau taun ini pindah ke ibukota huhu atau gak my homebase bandung,tandain dulu siapa tau taun ini pindah ke ibukota huhu atau gak my homebase bandung,tandain dulu siapa tau tahun ini pindah ke ibukota huhu atau tidak punyaku homebase bandung,tandain tau pindah ibukota huhu punyaku homebase bandung,tandain tau pindah ibukota huhu punya homebase bandung,Netral
@Naz_lira Sebentar lagi PD III setelah itu baru nusantara lepas dari cengkeraman cina seperti dulu th 1945. Rangkaianya sama ibukota pindah dari batavia/jakarta flu spanyol/ corona terus melaise/resesi baru PD 3.,sebentar lagi pd iii setelah itu baru nusantara lepas dari cengkeraman cina seperti dulu th rangkaianya sama ibukota pindah dari bataviajakarta flu spanyol corona terus melaiseresesi baru pd,sebentar lagi pd iii setelah itu baru nusantara lepas dari cengkeraman cina seperti dulu th rangkaianya sama ibukota pindah dari bataviajakarta flu spanyol corona terus melaiseresesi baru pd,sebentar lagi percaya diri iii setelah itu baru nusantara lepas dari cengkeraman cina seperti dulu th rangkaianya sama ibukota pindah dari bataviajakarta flu spanyol corona terus melaiseresesi baru percaya diri,sebentar percaya diri iii nusantara lepas cengkeraman cina th rangkaianya ibukota pindah bataviajakarta flu spanyol corona melaiseresesi percaya diri,sebentar percaya diri iii nusantara lepas cengkeram cina th rangkaianya ibukota pindah bataviajakarta flu spanyol corona melaiseresesi percaya diri,Netral
Baru nyadar kalo ibukota pindah ke IKN ntar pa kabar lagu genderang UI Ganti lirik gitu,baru nyadar kalo ibukota pindah ke ikn ntar pa kabar lagu genderang ui ganti lirik gitu,baru nyadar kalo ibukota pindah ke ikn ntar pa kabar lagu genderang ui ganti lirik gitu,baru nyadar kalau ibukota pindah ke ikn nanti bapak kabar lagu genderang ui ganti lirik gitu,nyadar ibukota pindah ikn kabar lagu genderang ui ganti lirik gitu,nyadar ibukota pindah ikn kabar lagu genderang ui ganti lirik gitu,Netral
Jaman Soekarno miskin melarat bahkan rakyat susah makan... Tapi Monas di bangun stadion utama gelora bung Karno di buat istana presiden di Bali di bangun... Bahkan sudah berencana mau pindah ibukota negara ke Palangkaraya,jaman soekarno miskin melarat bahkan rakyat susah makan tapi monas di bangun stadion utama gelora bung karno di buat istana presiden di bali di bangun bahkan sudah berencana mau pindah ibukota negara ke palangkaraya,jaman soekarno miskin melarat bahkan rakyat susah makan tapi monas di bangun stadion utama gelora bung karno di buat istana presiden di bali di bangun bahkan sudah berencana mau pindah ibukota negara ke palangkaraya,zaman soekarno miskin melarat bahkan rakyat susah makan tapi monas di bangun stadion utama gelora bung karno di buat istana presiden di bali di bangun bahkan sudah berencana mau pindah ibukota negara ke palangkaraya,zaman soekarno miskin melarat rakyat susah makan monas bangun stadion utama gelora karno istana presiden bali bangun berencana pindah ibukota negara palangkaraya,zaman soekarno miskin melarat rakyat susah makan monas bangun stadion utama gelora karno istana presiden bal bangun rencana pindah ibukota negara palangkaraya,Negatif
ibukota pindah ke kalimantan tapi jawa tetep sentris,ibukota pindah ke kalimantan tapi jawa tetep sentris,ibukota pindah ke kalimantan tapi jawa tetep sentris,ibukota pindah ke kalimantan tapi jawa tetap sentris,ibukota pindah kalimantan jawa sentris,ibukota pindah kalimantan jawa sentris,Netral
@Pai_C1 Udah bener ibukota pindah orang jakarta tambah banyak yg gak waras.,udah bener ibukota pindah orang jakarta tambah banyak yg gak waras,udah bener ibukota pindah orang jakarta tambah banyak yg gak waras,sudah benar ibukota pindah orang jakarta tambah banyak yang tidak waras,ibukota pindah orang jakarta waras,ibukota pindah orang jakarta waras,Netral
Iya dan lu yang baru lepas dari kemiskinan itu dipress pajaknya sama negara buat biayain program pindah ibukota dan makan siang. Soalnya sama yang penghasilan gede kagak berani yang miskin gak ada duit. Tapi tenang aja pemerintah konsisten ngasih lawakan ke rakyatnya kok,iya dan lu yang baru lepas dari kemiskinan itu dipress pajaknya sama negara buat biayain program pindah ibukota dan makan siang soalnya sama yang penghasilan gede kagak berani yang miskin gak ada duit tapi tenang aja pemerintah konsisten ngasih lawakan ke rakyatnya kok,iya dan lu yang baru lepas dari kemiskinan itu dipress pajaknya sama negara buat biayain program pindah ibukota dan makan siang soalnya sama yang penghasilan gede kagak berani yang miskin gak ada duit tapi tenang aja pemerintah konsisten ngasih lawakan ke rakyatnya kok,iya dan lu yang baru lepas dari kemiskinan itu dipress pajaknya sama negara buat biayain program pindah ibukota dan makan siang soalnya sama yang penghasilan gede kagak berani yang miskin tidak ada uang tapi tenang saja pemerintah konsisten ngasih lawakan ke rakyatnya kok,iya lu lepas kemiskinan dipress pajaknya negara biayain program pindah ibukota makan siang penghasilan gede kagak berani miskin uang tenang pemerintah konsisten ngasih lawakan rakyatnya,iya lu lepas miskin dipress pajak negara biayain program pindah ibukota makan siang hasil gede kagak berani miskin uang tenang perintah konsisten ngasih lawa rakyat,Negatif
Ini kalau ibukota pindah ke IKN lirik Genderang UI diganti ga ya,ini kalau ibukota pindah ke ikn lirik genderang ui diganti ga ya,ini kalau ibukota pindah ke ikn lirik genderang ui diganti ga ya,ini kalau ibukota pindah ke ikn lirik genderang ui diganti tidak ya,ibukota pindah ikn lirik genderang ui diganti,ibukota pindah ikn lirik genderang ui ganti,Netral
@Pai_C1 Emang pantes ibukota harus pindah,emang pantes ibukota harus pindah,emang pantes ibukota harus pindah,memang pantes ibukota harus pindah,pantes ibukota pindah,pantes ibukota pindah,Netral
Emg pantes ibukota pindah sih kelakuannya aja kek begundal.,emg pantes ibukota pindah sih kelakuannya aja kek begundal,emg pantes ibukota pindah sih kelakuannya aja kek begundal,memang pantes ibukota pindah sih kelakuannya saja seperti begundal,pantes ibukota pindah kelakuannya begundal,pantes ibukota pindah laku begundal,Netral
Inul sebelum pindah ke ibukota ??????????? ?????????????? ????????? ?????????????????? ????? ?????????????????? @Mas_P4rjo https://t.co/oIXel8TfAc,inul sebelum pindah ke ibukota,inul sebelum pindah ke ibukota,inul sebelum pindah ke ibukota,inul pindah ibukota,inul pindah ibukota,Netral
@LexWu_13 @PASTIINDONESIA_ Kalo ibukota pindah ke ikn maka korupsi kolusi nepotisme makin parah karena circle nya orangnya itu2 aja...,kalo ibukota pindah ke ikn maka korupsi kolusi nepotisme makin parah karena circle nya orangnya itu aja,kalo ibukota pindah ke ikn maka korupsi kolusi nepotisme makin parah karena circle nya orangnya itu aja,kalau ibukota pindah ke ikn maka korupsi kolusi nepotisme makin parah karena lingkaran nya orangnya itu saja,ibukota pindah ikn korupsi kolusi nepotisme parah lingkaran nya orangnya,ibukota pindah ikn korupsi kolusi nepotisme parah lingkar nya orang,Negatif
@CNNIndonesia Dibangun di IKN saja nanti kan semua dipindah kesana. Kepindahan ibukota dari Bonn ke Berlin rencana dari 91 mulai pembangunan dan pindah 95 tahun 2000 sudah keseluruhan pindah total. Kalau bukan TNI-Abri dan kavaleri nya yang pindah duluan lalu siapa?,dibangun di ikn saja nanti kan semua dipindah kesana kepindahan ibukota dari bonn ke berlin rencana dari mulai pembangunan dan pindah tahun sudah keseluruhan pindah total kalau bukan tniabri dan kavaleri nya yang pindah duluan lalu siapa,dibangun di ikn saja nanti kan semua dipindah kesana kepindahan ibukota dari bonn ke berlin rencana dari mulai pembangunan dan pindah tahun sudah keseluruhan pindah total kalau bukan tniabri dan kavaleri nya yang pindah duluan lalu siapa,dibangun di ikn saja nanti kan semua dipindah kesana kepindahan ibukota dari bonn ke berlin rencana dari mulai pembangunan dan pindah tahun sudah keseluruhan pindah total kalau bukan tniabri dan kavaleri nya yang pindah duluan lalu siapa,dibangun ikn dipindah kesana kepindahan ibukota bonn berlin rencana pembangunan pindah pindah total tniabri kavaleri nya pindah duluan,bangun ikn pindah kesana pindah ibukota bonn lin rencana bangun pindah pindah total tniabri kavaleri nya pindah duluan,Netral
Nusantara Bangga: Ibukota Baru sebagai Tanda Maju #KinerjaJokowi #NKRIMembangun #MelajuIndonesiaMaju https://t.co/P1j3AtI9yX,nusantara bangga ibukota baru sebagai tanda maju,nusantara bangga ibukota baru sebagai tanda maju,nusantara bangga ibukota baru sebagai tanda maju,nusantara bangga ibukota tanda maju,nusantara bangga ibukota tanda maju,Positif
Nusantara Terdepan: Pemindahan Ibukota sebagai Bukti Maju #KinerjaJokowi #NKRIMembangun #MelajuIndonesiaMaju https://t.co/9n4F0g2sEI,nusantara terdepan pemindahan ibukota sebagai bukti maju,nusantara terdepan pemindahan ibukota sebagai bukti maju,nusantara terdepan pemindahan ibukota sebagai bukti maju,nusantara terdepan pemindahan ibukota bukti maju,nusantara depan pindah ibukota bukti maju,Positif
"??Untungnya jalanan Ibukota malam itu tak terlalu ramai mobilnya dapat dengan mudah menyalip beberapa mobil lainnya. Isi pikirannya sekarang hanya satu haruskah Ia pindah ke apartemen pribadi saja? ??,1772428318765170950""",untungnya jalanan ibukota malam itu tak terlalu ramai mobilnya dapat dengan mudah menyalip beberapa mobil lainnya isi pikirannya sekarang hanya satu haruskah ia pindah ke apartemen pribadi saja,untungnya jalanan ibukota malam itu tak terlalu ramai mobilnya dapat dengan mudah menyalip beberapa mobil lainnya isi pikirannya sekarang hanya satu haruskah ia pindah ke apartemen pribadi saja,untungnya jalanan ibukota malam itu tidak terlalu ramai mobilnya dapat dengan mudah menyalip beberapa mobil lainnya isi pikirannya sekarang hanya satu haruskah ia pindah ke apartemen pribadi saja,untungnya jalanan ibukota malam ramai mobilnya mudah menyalip mobil isi pikirannya haruskah pindah apartemen pribadi,untung jalan ibukota malam ramai mobil mudah salip mobil isi pikir harus pindah apartemen pribadi,Netral
Serta di buatkan kantor mewah di ibukota nusantara yg bernama nusantara commodity internasional exchange,serta di buatkan kantor mewah di ibukota nusantara yg bernama nusantara commodity internasional exchange,serta di buatkan kantor mewah di ibukota nusantara yg bernama nusantara commodity internasional exchange,serta di buatkan kantor mewah di ibukota nusantara yang bernama nusantara commodity internasional exchange,buatkan kantor mewah ibukota nusantara bernama nusantara commodity internasional exchange,buat kantor mewah ibukota nusantara nama nusantara commodity internasional exchange,Netral
@adearmando61 Tar masih brisik gak di Jakarta apa lgi kalo ibukota dah pindah?,tar masih brisik gak di jakarta apa lgi kalo ibukota dah pindah,tar masih brisik gak di jakarta apa lgi kalo ibukota dah pindah,nanti masih berisik tidak di jakarta apa lagi kalau ibukota sudah pindah,berisik jakarta ibukota pindah,berisik jakarta ibukota pindah,Netral
@CNNIndonesia Saya ramal pindah ibukota ini nanti gagal.,saya ramal pindah ibukota ini nanti gagal,saya ramal pindah ibukota ini nanti gagal,aku ramal pindah ibukota ini nanti gagal,ramal pindah ibukota gagal,ramal pindah ibukota gagal,Negatif
@prabowogibran2 @prabowo Semogga ibukota indonesia lekas pindah ke IKN .,semogga ibukota indonesia lekas pindah ke ikn,semogga ibukota indonesia lekas pindah ke ikn,semoga ibukota indonesia lekas pindah ke ikn,semoga ibukota indonesia lekas pindah ikn,moga ibukota indonesia lekas pindah ikn,Netral
@Kusumah94841006 @Mdy_Asmara1701 Udah enak dijakarta disuruh pindah.. Tp ya kan konsekuensinya lah mrk setuju ibukota di ikn.. Masak presiden dan wakil aja yg pindah,udah enak dijakarta disuruh pindah tp ya kan konsekuensinya lah mrk setuju ibukota di ikn masak presiden dan wakil aja yg pindah,udah enak dijakarta disuruh pindah tp ya kan konsekuensinya lah mrk setuju ibukota di ikn masak presiden dan wakil aja yg pindah,sudah enak dijakarta disuruh pindah tapi ya kan konsekuensinya lah mrk setuju ibukota di ikn masak presiden dan wakil saja yang pindah,enak dijakarta disuruh pindah konsekuensinya mrk setuju ibukota ikn masak presiden wakil pindah,enak dijakarta suruh pindah konsekuensi mrk tuju ibukota ikn masak presiden wakil pindah,Positif
PKS dapat apa? Melihat betapa butralnya Pemilu kali ini saya kira not bad lah nambah 3 kursi dengan sebaran lebih merata di Jateng-Jatim dan menguasai Ibukota Ibukota yang sebentar lagi mau pindah katanya~,pks dapat apa melihat betapa butralnya pemilu kali ini saya kira not bad lah nambah kursi dengan sebaran lebih merata di jatengjatim dan menguasai ibukota ibukota yang sebentar lagi mau pindah katanya,pks dapat apa melihat betapa butralnya pemilu kali ini saya kira not bad lah nambah kursi dengan sebaran lebih merata di jatengjatim dan menguasai ibukota ibukota yang sebentar lagi mau pindah katanya,pks dapat apa melihat betapa butralnya pemilu kali ini aku kira tidak bad lah nambah kursi dengan sebaran lebih merata di jatengjatim dan menguasai ibukota ibukota yang sebentar lagi mau pindah katanya,pks betapa butralnya pemilu kali bad nambah kursi sebaran merata jatengjatim menguasai ibukota ibukota sebentar pindah,pks betapa butralnya milu kali bad nambah kursi sebar rata jatengjatim kuasa ibukota ibukota sebentar pindah,Netral
Prihatin &amp; pusing baca opini ini. Apakah IKN akan jadi semacam buah simalakama? Sebenernya Nawacita 2019 itu ada gak sih di dalamnya agenda pindah ibukota negara RI-nya? Atau ini agenda asal njeplak dr otak Mukidi sendiri? https://t.co/A56UqxNBNR,prihatin amp pusing baca opini ini apakah ikn akan jadi semacam buah simalakama sebenernya nawacita itu ada gak sih di dalamnya agenda pindah ibukota negara rinya atau ini agenda asal njeplak dr otak mukidi sendiri,prihatin amp pusing baca opini ini apakah ikn akan jadi semacam buah simalakama sebenernya nawacita itu ada gak sih di dalamnya agenda pindah ibukota negara rinya atau ini agenda asal njeplak dr otak mukidi sendiri,prihatin sampai pusing baca opini ini apakah ikn akan jadi semacam buah simalakama sebenernya nawacita itu ada tidak sih di dalamnya agenda pindah ibukota negara rinya atau ini agenda asal njeplak dari otak mukidi sendiri,prihatin pusing baca opini ikn buah simalakama sebenernya nawacita dalamnya agenda pindah ibukota negara rinya agenda njeplak otak mukidi,prihatin pusing baca opini ikn buah simalakama sebenernya nawacita dalam agenda pindah ibukota negara rinya agenda njeplak otak mukidi,Netral
Faktanya PT @PosIndonesia dan PT. MMKSI sudah melakukan pembicaraan mengenai penggunaan kendaraan riset komersial L100 EV di ibukota Nusantara #PosIND #PosIndonesia https://t.co/fMfVlnKADw,faktanya pt dan pt mmksi sudah melakukan pembicaraan mengenai penggunaan kendaraan riset komersial l ev di ibukota nusantara,faktanya pt dan pt mmksi sudah melakukan pembicaraan mengenai penggunaan kendaraan riset komersial l ev di ibukota nusantara,faktanya pt dan pt mmksi sudah melakukan pembicaraan mengenai penggunaan kendaraan riset komersial l ev di ibukota nusantara,faktanya pt pt mmksi pembicaraan penggunaan kendaraan riset komersial l ev ibukota nusantara,fakta pt pt mmksi bicara guna kendara riset komersial l ev ibukota nusantara,Netral
Rezim pencari loophole Anggota dpr gak mau pindah ke ikn Ngusulin ada ibukota legislasi,rezim pencari loophole anggota dpr gak mau pindah ke ikn ngusulin ada ibukota legislasi,rezim pencari loophole anggota dpr gak mau pindah ke ikn ngusulin ada ibukota legislasi,rezim pencari loophole anggota dpr tidak mau pindah ke ikn ngusulin ada ibukota legislasi,rezim pencari loophole anggota dpr pindah ikn ngusulin ibukota legislasi,rezim cari loophole anggota dpr pindah ikn ngusulin ibukota legislasi,Netral
Udah pernah ngetweet gini tapi gapapa akan w ulang. Lagu Nusantara - TRCC harus jadi anthem ibukota Nusantara nanti.,udah pernah ngetweet gini tapi gapapa akan w ulang lagu nusantara trcc harus jadi anthem ibukota nusantara nanti,udah pernah ngetweet gini tapi gapapa akan w ulang lagu nusantara trcc harus jadi anthem ibukota nusantara nanti,sudah pernah ngetweet gini tapi gapapa akan aku ulang lagu nusantara trcc harus jadi anthem ibukota nusantara nanti,ngetweet gini gapapa ulang lagu nusantara trcc anthem ibukota nusantara,ngetweet gin gapapa ulang lagu nusantara trcc anthem ibukota nusantara,Netral
@6reentea pindah ibukota,pindah ibukota,pindah ibukota,pindah ibukota,pindah ibukota,pindah ibukota,Netral
@diaryumbi Disini kantor Kabupaten pindah ke ibukota kabupaten yg awalnya ditengah kota para pejabat nya pada lebih senang dikantor lama daripada ke kantor baru jd untuk persuratan kudu bolak balik 40km klo ada revisi,disini kantor kabupaten pindah ke ibukota kabupaten yg awalnya ditengah kota para pejabat nya pada lebih senang dikantor lama daripada ke kantor baru jd untuk persuratan kudu bolak balik km klo ada revisi,disini kantor kabupaten pindah ke ibukota kabupaten yg awalnya ditengah kota para pejabat nya pada lebih senang dikantor lama daripada ke kantor baru jd untuk persuratan kudu bolak balik km klo ada revisi,disini kantor kabupaten pindah ke ibukota kabupaten yang awalnya ditengah kota para pejabat nya pada lebih senang dikantor lama daripada ke kantor baru jadi untuk persuratan harus bolak balik km kalau ada revisi,kantor kabupaten pindah ibukota kabupaten ditengah kota pejabat nya senang dikantor kantor persuratan bolak km revisi,kantor kabupaten pindah ibukota kabupaten tengah kota jabat nya senang kantor kantor surat bolak km revisi,Positif
@coxtonyards tak saranke ojo pindah nang ibukota wae ga apik opo manih nang daerah.,tak saranke ojo pindah nang ibukota wae ga apik opo manih nang daerah,tak saranke ojo pindah nang ibukota wae ga apik opo manih nang daerah,tidak saranke ojo pindah nang ibukota saja tidak apik opo manih nang daerah,saranke ojo pindah nang ibukota apik opo manih nang daerah,saranke ojo pindah nang ibukota apik opo manih nang daerah,Positif
Kira kira kalo ibukota pindah Jakarta akan tetap sama ga?,kira kira kalo ibukota pindah jakarta akan tetap sama ga,kira kira kalo ibukota pindah jakarta akan tetap sama ga,kira kira kalau ibukota pindah jakarta akan tetap sama tidak,ibukota pindah jakarta,ibukota pindah jakarta,Netral
@neohistoria_id Terimakasih pak kpu &amp; dan pak presiden jokowi sudah membantu kami menpercepat indonesia bubar 2030. Mari kita balik ke jaman ibukota kerajaan nusantara,terimakasih pak kpu amp dan pak presiden jokowi sudah membantu kami menpercepat indonesia bubar mari kita balik ke jaman ibukota kerajaan nusantara,terimakasih pak kpu amp dan pak presiden jokowi sudah membantu kami menpercepat indonesia bubar mari kita balik ke jaman ibukota kerajaan nusantara,terimakasih bapak kpu sampai dan bapak presiden jokowi sudah membantu kami menpercepat indonesia bubar mari kita balik ke zaman ibukota kerajaan nusantara,terimakasih kpu presiden jokowi membantu menpercepat indonesia bubar mari zaman ibukota kerajaan nusantara,terimakasih kpu presiden jokowi bantu menpercepat indonesia bubar mari zaman ibukota raja nusantara,Netral
@BaguzFX @nuruzzaman2 Kwkaka dari semua coment jni yang paling lucu ibukota pindah bukan ngurangin beban kan dibatasin asn aja. Dari zaman foke itu sudah antisipasi zaman anies pun merazia apartemen atau perusahaan yang langsung pake air tanah tapi di hina hina,kwkaka dari semua coment jni yang paling lucu ibukota pindah bukan ngurangin beban kan dibatasin asn aja dari zaman foke itu sudah antisipasi zaman anies pun merazia apartemen atau perusahaan yang langsung pake air tanah tapi di hina hina,kwkaka dari semua coment jni yang paling lucu ibukota pindah bukan ngurangin beban kan dibatasin asn aja dari zaman foke itu sudah antisipasi zaman anies pun merazia apartemen atau perusahaan yang langsung pake air tanah tapi di hina hina,kwkaka dari semua coment jni yang paling lucu ibukota pindah bukan ngurangin beban kan dibatasin asn saja dari zaman foke itu sudah antisipasi zaman anies pun merazia apartemen atau perusahaan yang langsung pakai air tanah tapi di hina hina,kwkaka coment jni lucu ibukota pindah ngurangin beban dibatasin asn zaman foke antisipasi zaman merazia apartemen perusahaan langsung pakai air tanah hina hina,kwkaka coment jni lucu ibukota pindah ngurangin beban dibatasin asn zaman foke antisipasi zaman razia apartemen usaha langsung pakai air tanah hina hina,Negatif
@Dennysiregar7 Nafsu Jokowi pindah IKN biar mjd sejarah presiden yg mmpu mndahin ibukota.Termsk solusi ibukota ga banjir kalo jd presiden trnyata dipindah ibukotanya bkannya mnyelesaikan msalah banjirnya.Hasil utang dibangga2in para penjilatnya. Ga sadar yg bayar utang anak cucunya.,nafsu jokowi pindah ikn biar mjd sejarah presiden yg mmpu mndahin ibukotatermsk solusi ibukota ga banjir kalo jd presiden trnyata dipindah ibukotanya bkannya mnyelesaikan msalah banjirnyahasil utang dibanggain para penjilatnya ga sadar yg bayar utang anak cucunya,nafsu jokowi pindah ikn biar mjd sejarah presiden yg mmpu mndahin ibukotatermsk solusi ibukota ga banjir kalo jd presiden trnyata dipindah ibukotanya bkannya mnyelesaikan msalah banjirnyahasil utang dibanggain para penjilatnya ga sadar yg bayar utang anak cucunya,nafsu jokowi pindah ikn biar menjadi sejarah presiden yang mmpu mndahin ibukotatermsk solusi ibukota tidak banjir kalau jadi presiden ternyata dipindah ibukotanya bkannya mnyelesaikan msalah banjirnyahasil utang dibanggain para penjilatnya tidak sadar yang bayar utang anak cucunya,nafsu jokowi pindah ikn biar sejarah presiden mmpu mndahin ibukotatermsk solusi ibukota banjir presiden dipindah ibukotanya bkannya mnyelesaikan msalah banjirnyahasil utang dibanggain penjilatnya sadar bayar utang anak cucunya,nafsu jokowi pindah ikn biar sejarah presiden mmpu mndahin ibukotatermsk solusi ibukota banjir presiden pindah ibukotanya bkannya mnyelesaikan msalah banjirnyahasil utang dibanggain jilat sadar bayar utang anak cucu,Negatif
direncanakan untuk penyangga dulu yg disiapkan setidaknya masalah listrik air transportasi selesai dulu baru perlahan bangun ikn jadinya orang2 juga nggak males pindah ke sana (plis lah itu listrik diseriusin dulu. ibukota provinsi sering mati lampu itu gimana ceritanya),direncanakan untuk penyangga dulu yg disiapkan setidaknya masalah listrik air transportasi selesai dulu baru perlahan bangun ikn jadinya orang juga nggak males pindah ke sana plis lah itu listrik diseriusin dulu ibukota provinsi sering mati lampu itu gimana ceritanya,direncanakan untuk penyangga dulu yg disiapkan setidaknya masalah listrik air transportasi selesai dulu baru perlahan bangun ikn jadinya orang juga nggak males pindah ke sana plis lah itu listrik diseriusin dulu ibukota provinsi sering mati lampu itu gimana ceritanya,direncanakan untuk penyangga dulu yang disiapkan setidaknya masalah listrik air transportasi selesai dulu baru perlahan bangun ikn jadinya orang juga tidak malas pindah ke sana tolong lah itu listrik diseriusin dulu ibukota provinsi sering mati lampu itu gimana ceritanya,direncanakan penyangga disiapkan listrik air transportasi selesai perlahan bangun ikn orang malas pindah tolong listrik diseriusin ibukota provinsi mati lampu gimana ceritanya,rencana sangga siap listrik air transportasi selesai perlahan bangun ikn orang malas pindah tolong listrik diseriusin ibukota provinsi mati lampu gimana cerita,Negatif
Senang je pindah ibukota ke daerah lain confirm boleh naik laju,senang je pindah ibukota ke daerah lain confirm boleh naik laju,senang je pindah ibukota ke daerah lain confirm boleh naik laju,senang saja pindah ibukota ke daerah lain confirm boleh naik laju,senang pindah ibukota daerah confirm laju,senang pindah ibukota daerah confirm laju,Positif
"@Dennysiregar7 @kusumovina Lha bukannya DPR sudah setuju pindah Ibukota ? Koq malah tak mau ikut pindah..? ??,1770242962041208834""",lha bukannya dpr sudah setuju pindah ibukota koq malah tak mau ikut pindah,lha bukannya dpr sudah setuju pindah ibukota koq malah tak mau ikut pindah,lha bukannya dpr sudah setuju pindah ibukota koq malah tidak mau ikut pindah,lha dpr setuju pindah ibukota koq pindah,lha dpr tuju pindah ibukota koq pindah,Positif
Satu-satunya partai yang menolak pemindahan Ibukota ke IKN hanya PKS. Jadi yg stay di Jakarta PKS aja. Yang lain pindah ke IKN.,satusatunya partai yang menolak pemindahan ibukota ke ikn hanya pks jadi yg stay di jakarta pks aja yang lain pindah ke ikn,satusatunya partai yang menolak pemindahan ibukota ke ikn hanya pks jadi yg stay di jakarta pks aja yang lain pindah ke ikn,satusatunya partai yang menolak pemindahan ibukota ke ikn hanya pks jadi yang tinggal di jakarta pks saja yang lain pindah ke ikn,satusatunya partai menolak pemindahan ibukota ikn pks tinggal jakarta pks pindah ikn,satusatunya partai tolak pindah ibukota ikn pks tinggal jakarta pks pindah ikn,Negatif
Kl ga mao pindah kenapa kemaren setuju bang? Pusat pemerintahan tp ga di ibukota? https://t.co/oEbhIOhOIw,kl ga mao pindah kenapa kemaren setuju bang pusat pemerintahan tp ga di ibukota,kl ga mao pindah kenapa kemaren setuju bang pusat pemerintahan tp ga di ibukota,kalau tidak mau pindah kenapa kemarin setuju kakak pusat pemerintahan tapi tidak di ibukota,pindah kemarin setuju kakak pusat pemerintahan ibukota,pindah kemarin tuju kakak pusat perintah ibukota,Positif
@kentotboy159082 @Paper1154 @AmaluddinSSili1 @sutanmangara Jakarta ttp akan jadi Ibukota metropolitan dan IKN jg ttp brproses jd ibokota IKN itu masa depan kelak Indonesia punya dua kota besar. Pindah it bgini skrng d pulau Jawa 2% pnduduk bumi kdepannya diharapkn tdk brtambah tdk brkurang jg g masalah,jakarta ttp akan jadi ibukota metropolitan dan ikn jg ttp brproses jd ibokota ikn itu masa depan kelak indonesia punya dua kota besar pindah it bgini skrng d pulau jawa pnduduk bumi kdepannya diharapkn tdk brtambah tdk brkurang jg g masalah,jakarta ttp akan jadi ibukota metropolitan dan ikn jg ttp brproses jd ibokota ikn itu masa depan kelak indonesia punya dua kota besar pindah it bgini skrng d pulau jawa pnduduk bumi kdepannya diharapkn tdk brtambah tdk brkurang jg g masalah,jakarta tetap akan jadi ibukota metropolitan dan ikn juga tetap brproses jadi ibokota ikn itu masa depan kelak indonesia punya dua kota besar pindah it bgini sekarang di pulau jawa penduduk bumi kdepannya diharapkn tidak brtambah tidak brkurang juga tidak masalah,jakarta ibukota metropolitan ikn brproses ibokota ikn kelak indonesia kota pindah it bgini pulau jawa penduduk bumi kdepannya diharapkn brtambah brkurang,jakarta ibukota metropolitan ikn brproses ibokota ikn kelak indonesia kota pindah it bgini pulau jawa duduk bumi kdepannya diharapkn brtambah brkurang,Negatif
@Dennysiregar7 Kalau boleh usul negara ini bagi 2 aja. Yang pertaman dipimpin Prabowo ibukota nya di IKN wilayahnya Kalimantan Sulawesi Papua serta pulau2 kecil sekitarnya. Dan seluruh pendukug Prabowo pindah kesana. Kedua Sumatera dan Jawa dipimpin Anies Baswedan.,kalau boleh usul negara ini bagi aja yang pertaman dipimpin prabowo ibukota nya di ikn wilayahnya kalimantan sulawesi papua serta pulau kecil sekitarnya dan seluruh pendukug prabowo pindah kesana kedua sumatera dan jawa dipimpin anies baswedan,kalau boleh usul negara ini bagi aja yang pertaman dipimpin prabowo ibukota nya di ikn wilayahnya kalimantan sulawesi papua serta pulau kecil sekitarnya dan seluruh pendukug prabowo pindah kesana kedua sumatera dan jawa dipimpin anies baswedan,kalau boleh usul negara ini bagi saja yang pertaman dipimpin prabowo ibukota nya di ikn wilayahnya kalimantan sulawesi papua serta pulau kecil sekitarnya dan seluruh pendukug prabowo pindah kesana kedua sumatera dan jawa dipimpin anies baswedan,usul negara pertaman dipimpin ibukota nya ikn wilayahnya kalimantan sulawesi papua pulau pendukug pindah kesana sumatera jawa dipimpin baswedan,usul negara tam pimpin ibukota nya ikn wilayah kalimantan sulawesi papua pulau pendukug pindah kesana sumatera jawa pimpin baswedan,Netral
@g0dways @tempodotco @PerkasaHabsyah Kak... Dana Perjalanan dinas untuk PNS dan pejabat negara memang ada walau dimana pun ibu kota nya. Jadi... Bukan hanya krn pindah ibukota saja bakal ada dana perjalanan dinas.,kak dana perjalanan dinas untuk pns dan pejabat negara memang ada walau dimana pun ibu kota nya jadi bukan hanya krn pindah ibukota saja bakal ada dana perjalanan dinas,kak dana perjalanan dinas untuk pns dan pejabat negara memang ada walau dimana pun ibu kota nya jadi bukan hanya krn pindah ibukota saja bakal ada dana perjalanan dinas,kakak dana perjalanan dinas untuk pns dan pejabat negara memang ada walau dimana pun ibu kota nya jadi bukan hanya karena pindah ibukota saja akan ada dana perjalanan dinas,kakak dana perjalanan dinas pns pejabat negara dimana kota nya pindah ibukota dana perjalanan dinas,kakak dana jalan dinas pns jabat negara mana kota nya pindah ibukota dana jalan dinas,Netral
TERNYATA JOKOWI ITU KACUNG CHINA. PINDAH IBUKOTA NEGARA DARI JAKARTA KE KALIMANTAN/IKN ADALAH SKENARIO BESAR CHINA UNTUK MENGUASAI KALIMANTAN KHUSUSNYA &amp; INDONESIA UMUMNYA. LAWAN JOKOWI &amp; TOLAK IKN..,ternyata jokowi itu kacung china pindah ibukota negara dari jakarta ke kalimantanikn adalah skenario besar china untuk menguasai kalimantan khususnya amp indonesia umumnya lawan jokowi amp tolak ikn,ternyata jokowi itu kacung china pindah ibukota negara dari jakarta ke kalimantanikn adalah skenario besar china untuk menguasai kalimantan khususnya amp indonesia umumnya lawan jokowi amp tolak ikn,ternyata jokowi itu kacung china pindah ibukota negara dari jakarta ke kalimantanikn adalah skenario besar china untuk menguasai kalimantan khususnya sampai indonesia umumnya lawan jokowi sampai tolak ikn,jokowi kacung china pindah ibukota negara jakarta kalimantanikn skenario china menguasai kalimantan indonesia lawan jokowi tolak ikn,jokowi kacung china pindah ibukota negara jakarta kalimantanikn skenario china kuasa kalimantan indonesia lawan jokowi tolak ikn,Negatif
@ARSIPAJA Jadinya pindah ibukota kagak? Jangan plin plan dah.,jadinya pindah ibukota kagak jangan plin plan dah,jadinya pindah ibukota kagak jangan plin plan dah,jadinya pindah ibukota kagak jangan plin rencana sudah,pindah ibukota kagak plin rencana,pindah ibukota kagak plin rencana,Netral
@Pongko20 @MorphoMenelausX Apa hubungan IKN dengan perkembangan daerah selain Jawa? Mau bacot soal pemerataan? Banten sama Jawa Pelosok yang dari 1945 sampai sekarang dekat dengan Jakarta apa udah merata pembangunannya? Yang dekat aja belum rata apa jaminan ibukota pindah daerah lain ikut maju?,apa hubungan ikn dengan perkembangan daerah selain jawa mau bacot soal pemerataan banten sama jawa pelosok yang dari sampai sekarang dekat dengan jakarta apa udah merata pembangunannya yang dekat aja belum rata apa jaminan ibukota pindah daerah lain ikut maju,apa hubungan ikn dengan perkembangan daerah selain jawa mau bacot soal pemerataan banten sama jawa pelosok yang dari sampai sekarang dekat dengan jakarta apa udah merata pembangunannya yang dekat aja belum rata apa jaminan ibukota pindah daerah lain ikut maju,apa hubungan ikn dengan perkembangan daerah selain jawa mau bacot soal pemerataan banten sama jawa pelosok yang dari sampai sekarang dekat dengan jakarta apa sudah merata pembangunannya yang dekat saja belum rata apa jaminan ibukota pindah daerah lain ikut maju,hubungan ikn perkembangan daerah jawa bacot pemerataan banten jawa pelosok jakarta merata pembangunannya jaminan ibukota pindah daerah maju,hubung ikn kembang daerah jawa bacot perata banten jawa pelosok jakarta rata bangun jamin ibukota pindah daerah maju,Positif
@nuruzzaman2 kemungkinan iya selat bakal hidup lagi ingat alfa yg di katakan pak wowo ttng kenaikan permukaan air di jakarta di daerah pulau jawa krn pemanasan iklim. mknya ibukota buruan di pindah buat ngurangi beban pulau jawa. jadi siap2 aj bhkan pantura juga,kemungkinan iya selat bakal hidup lagi ingat alfa yg di katakan pak wowo ttng kenaikan permukaan air di jakarta di daerah pulau jawa krn pemanasan iklim mknya ibukota buruan di pindah buat ngurangi beban pulau jawa jadi siap aj bhkan pantura juga,kemungkinan iya selat bakal hidup lagi ingat alfa yg di katakan pak wowo ttng kenaikan permukaan air di jakarta di daerah pulau jawa krn pemanasan iklim mknya ibukota buruan di pindah buat ngurangi beban pulau jawa jadi siap aj bhkan pantura juga,kemungkinan iya selat akan hidup lagi ingat alpa yang di katakan bapak prabowo ttng kenaikan permukaan air di jakarta di daerah pulau jawa karena pemanasan iklim mknya ibukota buruan di pindah buat ngurangi beban pulau jawa jadi siap saja bhkan pantura juga,iya selat hidup alpa ttng kenaikan permukaan air jakarta daerah pulau jawa pemanasan iklim mknya ibukota buruan pindah ngurangi beban pulau jawa bhkan pantura,iya selat hidup alpa ttng naik muka air jakarta daerah pulau jawa panas iklim mknya ibukota buru pindah ngurangi beban pulau jawa bhkan pantura,Negatif
@ekky1995 Jakarta tenggelam solusinya bukan pindah ibukota wkwkwkkwkw. Bahkan prabowo aja ngerti bangun giant sea wall solusinya. Gimana lah,jakarta tenggelam solusinya bukan pindah ibukota wkwkwkkwkw bahkan prabowo aja ngerti bangun giant sea wall solusinya gimana lah,jakarta tenggelam solusinya bukan pindah ibukota wkwkwkkwkw bahkan prabowo aja ngerti bangun giant sea wall solusinya gimana lah,jakarta tenggelam solusinya bukan pindah ibukota wkwkwkkwkw bahkan prabowo saja ngerti bangun giant sea wall solusinya gimana lah,jakarta tenggelam solusinya pindah ibukota wkwkwkkwkw ngerti bangun giant sea wall solusinya gimana,jakarta tenggelam solusi pindah ibukota wkwkwkkwkw ngerti bangun giant sea wall solusi gimana,Netral
@tempodotco Kesannya kok macam tak ada perencanaan &amp; pembicaraan yg matang antara eksekutif dan legislatif sebelum keputusan pemindahan ibukota negara diputuskan . Dengan pernyataan ogahnya pihak legislatif pindah ke IKN menunjukkan itu semua..,kesannya kok macam tak ada perencanaan amp pembicaraan yg matang antara eksekutif dan legislatif sebelum keputusan pemindahan ibukota negara diputuskan dengan pernyataan ogahnya pihak legislatif pindah ke ikn menunjukkan itu semua,kesannya kok macam tak ada perencanaan amp pembicaraan yg matang antara eksekutif dan legislatif sebelum keputusan pemindahan ibukota negara diputuskan dengan pernyataan ogahnya pihak legislatif pindah ke ikn menunjukkan itu semua,kesannya kok macam tidak ada perencanaan sampai pembicaraan yang matang antara eksekutif dan legislatif sebelum keputusan pemindahan ibukota negara diputuskan dengan pernyataan ogahnya pihak legislatif pindah ke ikn menunjukkan itu semua,kesannya perencanaan pembicaraan matang eksekutif legislatif keputusan pemindahan ibukota negara diputuskan pernyataan ogahnya legislatif pindah ikn,kesan rencana bicara matang eksekutif legislatif putus pindah ibukota negara putus nyata ogah legislatif pindah ikn,Netral
Apa gak aneh ada anggota DPR tdk mau pindah ke IKN...???? malah mau usulkan Ibukota Legislasi...terlalu bnyk teori org2 DPR ini smakin terlihat kebodohan mrk kalo berada di DPR itu sbrnnya tdk ada gunanya....inilah akibat mengabaikan pemilu PILEG hasilnya kualitas DPR bobrok.,apa gak aneh ada anggota dpr tdk mau pindah ke ikn malah mau usulkan ibukota legislasiterlalu bnyk teori org dpr ini smakin terlihat kebodohan mrk kalo berada di dpr itu sbrnnya tdk ada gunanyainilah akibat mengabaikan pemilu pileg hasilnya kualitas dpr bobrok,apa gak aneh ada anggota dpr tdk mau pindah ke ikn malah mau usulkan ibukota legislasiterlalu bnyk teori org dpr ini smakin terlihat kebodohan mrk kalo berada di dpr itu sbrnnya tdk ada gunanyainilah akibat mengabaikan pemilu pileg hasilnya kualitas dpr bobrok,apa tidak aneh ada anggota dpr tidak mau pindah ke ikn malah mau usulkan ibukota legislasiterlalu banyak teori orang dpr ini smakin terlihat kebodohan mrk kalau berada di dpr itu sbrnnya tidak ada gunanyainilah akibat mengabaikan pemilu pileg hasilnya kualitas dpr bobrok,aneh anggota dpr pindah ikn usulkan ibukota legislasiterlalu teori orang dpr smakin kebodohan mrk dpr sbrnnya gunanyainilah akibat mengabaikan pemilu pileg hasilnya kualitas dpr bobrok,aneh anggota dpr pindah ikn usul ibukota legislasiterlalu teori orang dpr smakin bodoh mrk dpr sbrnnya gunanyainilah akibat abai milu pileg hasil kualitas dpr bobrok,Negatif
Gw yg pindah dr ibukota provinsi ke kota penyangga aja berasa perbedaannya. Skrg disini nyari pangsit kuah aja ga ada yg jual ?? Jd kalau pengen hrs tempuh 1 jam perjalanan dl. PP 2 jam utk semangkok pangsit kuah,gw yg pindah dr ibukota provinsi ke kota penyangga aja berasa perbedaannya skrg disini nyari pangsit kuah aja ga ada yg jual jd kalau pengen hrs tempuh jam perjalanan dl pp jam utk semangkok pangsit kuah,gw yg pindah dr ibukota provinsi ke kota penyangga aja berasa perbedaannya skrg disini nyari pangsit kuah aja ga ada yg jual jd kalau pengen hrs tempuh jam perjalanan dl pp jam utk semangkok pangsit kuah,aku yang pindah dari ibukota provinsi ke kota penyangga saja berasa perbedaannya sekarang disini nyari pangsit kuah saja tidak ada yang jual jadi kalau ingin harus tempuh jam perjalanan dl pp jam untuk semangkok pangsit kuah,pindah ibukota provinsi kota penyangga berasa perbedaannya nyari pangsit kuah jual tempuh jam perjalanan dl pp jam semangkok pangsit kuah,pindah ibukota provinsi kota sangga asa beda nyari pangsit kuah jual tempuh jam jalan dl pp jam semangkok pangsit kuah,Netral
@tempodotco lu yg pd bilang pindah ibukota lu yg gamau pindah ni lucu bgt pemerintah lama2 ky perempuan lg puber labilnya bukan maen,lu yg pd bilang pindah ibukota lu yg gamau pindah ni lucu bgt pemerintah lama ky perempuan lg puber labilnya bukan maen,lu yg pd bilang pindah ibukota lu yg gamau pindah ni lucu bgt pemerintah lama ky perempuan lg puber labilnya bukan maen,lu yang percaya diri bilang pindah ibukota lu yang gamau pindah ini lucu sekali pemerintah lama seperti perempuan lagi puber labilnya bukan main,lu percaya diri bilang pindah ibukota lu gamau pindah lucu pemerintah perempuan puber labilnya main,lu percaya diri bilang pindah ibukota lu gamau pindah lucu perintah perempuan puber labil main,Netral
DPR-RI ogah pindah ke IKN Wakil ket Baleg @DPR_RI Achmad Baidowi mengusulkan agar Jakarta menjadi Ibukota Parlemen. Hal itu dikarenakan penyelesaian pembangunan IKN yg belum pasti. #DukungHakAngketDPR #MakzulkanJokowi https://t.co/ycotEDkj7p,dprri ogah pindah ke ikn wakil ket baleg achmad baidowi mengusulkan agar jakarta menjadi ibukota parlemen hal itu dikarenakan penyelesaian pembangunan ikn yg belum pasti,dprri ogah pindah ke ikn wakil ket baleg achmad baidowi mengusulkan agar jakarta menjadi ibukota parlemen hal itu dikarenakan penyelesaian pembangunan ikn yg belum pasti,dprri ogah pindah ke ikn wakil ket baleg achmad baidowi mengusulkan agar jakarta menjadi ibukota parlemen hal itu dikarenakan penyelesaian pembangunan ikn yang belum pasti,dprri ogah pindah ikn wakil ket baleg achmad baidowi mengusulkan jakarta ibukota parlemen penyelesaian pembangunan ikn,dprri ogah pindah ikn wakil ket baleg achmad baidowi usul jakarta ibukota parlemen selesai bangun ikn,Netral
@Zl9528047580989 @Paper1154 @AmaluddinSSili1 @sutanmangara Ibukota pindah pun sumber perekonomian ttp di pulau jawa kocak lu kira ibukota pindah semua org serta merta ikut pindah? Ikn itu mindahin pusat pemerintahan doang bukan rencana pengembangan kota menjadi pusat perekonomian,ibukota pindah pun sumber perekonomian ttp di pulau jawa kocak lu kira ibukota pindah semua org serta merta ikut pindah ikn itu mindahin pusat pemerintahan doang bukan rencana pengembangan kota menjadi pusat perekonomian,ibukota pindah pun sumber perekonomian ttp di pulau jawa kocak lu kira ibukota pindah semua org serta merta ikut pindah ikn itu mindahin pusat pemerintahan doang bukan rencana pengembangan kota menjadi pusat perekonomian,ibukota pindah pun sumber perekonomian tetap di pulau jawa kocak lu kira ibukota pindah semua orang serta merta ikut pindah ikn itu mindahin pusat pemerintahan doang bukan rencana pengembangan kota menjadi pusat perekonomian,ibukota pindah sumber perekonomian pulau jawa kocak lu ibukota pindah orang merta pindah ikn mindahin pusat pemerintahan doang rencana pengembangan kota pusat perekonomian,ibukota pindah sumber ekonomi pulau jawa kocak lu ibukota pindah orang merta pindah ikn mindahin pusat perintah doang rencana kembang kota pusat ekonomi,Netral
@tempodotco Klo dipikir2 lucu jg ya.. mereka yg sepakat ibukota pindah tp mereka gak mau pindah. Lah bikin ibukota baru IKN buat apa? Sy merasa nyoblos wakil sy di DPR tgl. 14 Peb kmren klo pilihan sy lolos menjadi anggota DPR sy wajibkan sampeyan harus pindah ke IKN..,klo dipikir lucu jg ya mereka yg sepakat ibukota pindah tp mereka gak mau pindah lah bikin ibukota baru ikn buat apa sy merasa nyoblos wakil sy di dpr tgl peb kmren klo pilihan sy lolos menjadi anggota dpr sy wajibkan sampeyan harus pindah ke ikn,klo dipikir lucu jg ya mereka yg sepakat ibukota pindah tp mereka gak mau pindah lah bikin ibukota baru ikn buat apa sy merasa nyoblos wakil sy di dpr tgl peb kmren klo pilihan sy lolos menjadi anggota dpr sy wajibkan sampeyan harus pindah ke ikn,kalau dipikir lucu juga ya mereka yang sepakat ibukota pindah tapi mereka tidak mau pindah lah bikin ibukota baru ikn buat apa sy merasa nyoblos wakil sy di dpr tanggal peb kmren kalau pilihan sy lolos menjadi anggota dpr sy wajibkan sampeyan harus pindah ke ikn,dipikir lucu sepakat ibukota pindah pindah bikin ibukota ikn sy nyoblos wakil sy dpr tanggal peb kmren pilihan sy lolos anggota dpr sy wajibkan sampeyan pindah ikn,pikir lucu sepakat ibukota pindah pindah bikin ibukota ikn sy nyoblos wakil sy dpr tanggal peb kmren pilih sy lolos anggota dpr sy wajib sampeyan pindah ikn,Netral
@DeHoutman_id Ini aja banjir apa lg yg onoh hrs pindah ibukota nih.. masa Tuhan salah pilih.. kn gak mungkin yoo https://t.co/b9VcW99syd,ini aja banjir apa lg yg onoh hrs pindah ibukota nih masa tuhan salah pilih kn gak mungkin yoo,ini aja banjir apa lg yg onoh hrs pindah ibukota nih masa tuhan salah pilih kn gak mungkin yoo,ini saja banjir apa lagi yang onoh harus pindah ibukota ini masa tuhan salah pilih kn tidak mungkin yoo,banjir onoh pindah ibukota tuhan salah pilih kn yoo,banjir onoh pindah ibukota tuhan salah pilih kn yoo,Negatif
Mimpi lu muluk2 le..le...duit aja kalian kaga punya mau bangun ibukota cuma ngandalin investor utang dan apbn padahal tidak ada urgensinya mau pindah ibukota entah bisikan siapa yang didengar jokowi ujug2 mau pindah ibukota,mimpi lu muluk leleduit aja kalian kaga punya mau bangun ibukota cuma ngandalin investor utang dan apbn padahal tidak ada urgensinya mau pindah ibukota entah bisikan siapa yang didengar jokowi ujug mau pindah ibukota,mimpi lu muluk leleduit aja kalian kaga punya mau bangun ibukota cuma ngandalin investor utang dan apbn padahal tidak ada urgensinya mau pindah ibukota entah bisikan siapa yang didengar jokowi ujug mau pindah ibukota,mimpi lu muluk leleduit saja kalian tidak punya mau bangun ibukota hanya ngandalin investor utang dan apbn padahal tidak ada urgensinya mau pindah ibukota entah bisikan siapa yang didengar jokowi akhir mau pindah ibukota,mimpi lu muluk leleduit bangun ibukota ngandalin investor utang apbn urgensinya pindah ibukota bisikan didengar jokowi pindah ibukota,mimpi lu muluk leleduit bangun ibukota ngandalin investor utang apbn urgensi pindah ibukota bisik dengar jokowi pindah ibukota,Negatif
@Reina_Football Aku bukan orang yg dukung pindah ibu kota ya tp iya salah satu alasan dr dipindahkan ibukota karena itu populasi yang terlalu padat bukan ngecounter ttg ASN yg harus dipindah kesana. https://t.co/nKmfDW00ua,aku bukan orang yg dukung pindah ibu kota ya tp iya salah satu alasan dr dipindahkan ibukota karena itu populasi yang terlalu padat bukan ngecounter ttg asn yg harus dipindah kesana,aku bukan orang yg dukung pindah ibu kota ya tp iya salah satu alasan dr dipindahkan ibukota karena itu populasi yang terlalu padat bukan ngecounter ttg asn yg harus dipindah kesana,aku bukan orang yang dukung pindah ibu kota ya tapi iya salah satu alasan dari dipindahkan ibukota karena itu populasi yang terlalu padat bukan ngecounter tentang asn yang harus dipindah kesana,orang dukung pindah kota iya salah alasan dipindahkan ibukota populasi padat ngecounter asn dipindah kesana,orang dukung pindah kota iya salah alas pindah ibukota populasi padat ngecounter asn pindah kesana,Netral
@tempodotco Ya kalian ikut pindah lah ke IKN. Siapa suruh setuju pindah ibukota. Emangnya mau suruh presiden doang sendiri di sana? wkwkwkwwk,ya kalian ikut pindah lah ke ikn siapa suruh setuju pindah ibukota emangnya mau suruh presiden doang sendiri di sana wkwkwkwwk,ya kalian ikut pindah lah ke ikn siapa suruh setuju pindah ibukota emangnya mau suruh presiden doang sendiri di sana wkwkwkwwk,ya kalian ikut pindah lah ke ikn siapa suruh setuju pindah ibukota emangnya mau suruh presiden doang sendiri di sana wkwkwkwwk,pindah ikn suruh setuju pindah ibukota emangnya suruh presiden doang wkwkwkwwk,pindah ikn suruh tuju pindah ibukota emang suruh presiden doang wkwkwkwwk,Positif
@jr205newlivery That's why Jokowi udah bener pindahin Ibukota ke Nusantara...... Biar ninaninuninaninu feodalist ga merajalela di Jakarta ini,thats why jokowi udah bener pindahin ibukota ke nusantara biar ninaninuninaninu feodalist ga merajalela di jakarta ini,thats why jokowi udah bener pindahin ibukota ke nusantara biar ninaninuninaninu feodalist ga merajalela di jakarta ini,thats kenapa jokowi sudah benar pindahin ibukota ke nusantara biar ninaninuninaninu feodalist tidak merajalela di jakarta ini,thats jokowi pindahin ibukota nusantara biar ninaninuninaninu feodalist merajalela jakarta,thats jokowi pindahin ibukota nusantara biar ninaninuninaninu feodalist rajalela jakarta,Netral
@momon_garuk44 Yang ngebet pindah Ibukota juga pas pensiun nggak mau tinggal di IKN. Pilih balik ke Solo,yang ngebet pindah ibukota juga pas pensiun nggak mau tinggal di ikn pilih balik ke solo,yang ngebet pindah ibukota juga pas pensiun nggak mau tinggal di ikn pilih balik ke solo,yang ngebet pindah ibukota juga pas pensiun tidak mau tinggal di ikn pilih balik ke solo,ngebet pindah ibukota pas pensiun tinggal ikn pilih solo,ngebet pindah ibukota pas pensiun tinggal ikn pilih solo,Netral
@momon_garuk44 Iyalah pks ga mau pindah udah susah payah nargetin jkt agar menang pks agar bs nyagub trus di lips sm buzzer nya jd deh gubernur teladan yg layak sbg calon RI 1 untung jkw jeli mampu babat pks dgn pindah ibukota,iyalah pks ga mau pindah udah susah payah nargetin jkt agar menang pks agar bs nyagub trus di lips sm buzzer nya jd deh gubernur teladan yg layak sbg calon ri untung jkw jeli mampu babat pks dgn pindah ibukota,iyalah pks ga mau pindah udah susah payah nargetin jkt agar menang pks agar bs nyagub trus di lips sm buzzer nya jd deh gubernur teladan yg layak sbg calon ri untung jkw jeli mampu babat pks dgn pindah ibukota,iyalah pks tidak mau pindah sudah susah payah nargetin jakarta agar menang pks agar bisa nyagub terus di lips sama buzzer nya jadi deh gubernur teladan yang layak sebagai calon ri untung jokowi jeli mampu babat pks dengan pindah ibukota,iyalah pks pindah susah payah nargetin jakarta menang pks nyagub lips buzzer nya deh gubernur teladan layak calon ri untung jokowi jeli babat pks pindah ibukota,iya pks pindah susah payah nargetin jakarta menang pks nyagub lips buzzer nya deh gubernur teladan layak calon ri untung jokowi jeli babat pks pindah ibukota,Positif
DPR ini memang unik.. Yang mengusulkan yang membikin undang undang tapi malah DPR yang pertama menolak pindah ke IKN.. Dulu kan pernah ane usulkan minta pendapat rakyat dgn cara pemilu penentuan ibukota negara.. Eh malah setuju usul pak mahfud https://t.co/4RIha5931v,dpr ini memang unik yang mengusulkan yang membikin undang undang tapi malah dpr yang pertama menolak pindah ke ikn dulu kan pernah ane usulkan minta pendapat rakyat dgn cara pemilu penentuan ibukota negara eh malah setuju usul pak mahfud,dpr ini memang unik yang mengusulkan yang membikin undang undang tapi malah dpr yang pertama menolak pindah ke ikn dulu kan pernah ane usulkan minta pendapat rakyat dgn cara pemilu penentuan ibukota negara eh malah setuju usul pak mahfud,dpr ini memang unik yang mengusulkan yang membikin undang undang tapi malah dpr yang pertama menolak pindah ke ikn dulu kan pernah ane usulkan minta pendapat rakyat dengan cara pemilu penentuan ibukota negara eh malah setuju usul bapak mahfud,dpr unik mengusulkan membikin undang undang dpr menolak pindah ikn ane usulkan pendapat rakyat pemilu penentuan ibukota negara setuju usul mahfud,dpr unik usul bikin undang undang dpr tolak pindah ikn ane usul dapat rakyat milu tentu ibukota negara tuju usul mahfud,Netral
Pindah ibukota sampai keluar Jawa padahal pusat penduduk Indonesia itu ada di Jawa nanti misalnya Presiden terpilih alias Pr*b*w* pindah ke Ikn sama aja dia kehilangan kontrol di Jawa mana Ikn cuma dibatasi 2 juta orang. Dan gue yakin pasti wapresnya nanti bakal stay di DKJ.,pindah ibukota sampai keluar jawa padahal pusat penduduk indonesia itu ada di jawa nanti misalnya presiden terpilih alias prbw pindah ke ikn sama aja dia kehilangan kontrol di jawa mana ikn cuma dibatasi juta orang dan gue yakin pasti wapresnya nanti bakal stay di dkj,pindah ibukota sampai keluar jawa padahal pusat penduduk indonesia itu ada di jawa nanti misalnya presiden terpilih alias prbw pindah ke ikn sama aja dia kehilangan kontrol di jawa mana ikn cuma dibatasi juta orang dan gue yakin pasti wapresnya nanti bakal stay di dkj,pindah ibukota sampai keluar jawa padahal pusat penduduk indonesia itu ada di jawa nanti misalnya presiden terpilih alias prbw pindah ke ikn sama saja dia kehilangan kontrol di jawa mana ikn hanya dibatasi juta orang dan aku yakin pasti wapresnya nanti akan tinggal di dkj,pindah ibukota jawa pusat penduduk indonesia jawa presiden terpilih alias prbw pindah ikn kehilangan kontrol jawa ikn dibatasi juta orang wapresnya tinggal dkj,pindah ibukota jawa pusat duduk indonesia jawa presiden pilih alias prbw pindah ikn hilang kontrol jawa ikn batas juta orang wapresnya tinggal dkj,Netral
@natsxnly Ya ga salah sih wkwk btw ibukota kan juga juga mau pindah ke IKN,ya ga salah sih wkwk btw ibukota kan juga juga mau pindah ke ikn,ya ga salah sih wkwk btw ibukota kan juga juga mau pindah ke ikn,ya tidak salah sih wkwk omong ibukota kan juga juga mau pindah ke ikn,salah omong ibukota pindah ikn,salah omong ibukota pindah ikn,Negatif
@liputan6dotcom Lah trus yg menyetujui ibukota pindah ke IKN Itu siapa?,lah trus yg menyetujui ibukota pindah ke ikn itu siapa,lah trus yg menyetujui ibukota pindah ke ikn itu siapa,lah terus yang menyetujui ibukota pindah ke ikn itu siapa,menyetujui ibukota pindah ikn,tuju ibukota pindah ikn,Netral
okedeh ibukota jadi pindah ke ikn tp jakarta akan selalu jadi the OG capital city,okedeh ibukota jadi pindah ke ikn tp jakarta akan selalu jadi the og capital city,okedeh ibukota jadi pindah ke ikn tp jakarta akan selalu jadi the og capital city,okedeh ibukota jadi pindah ke ikn tapi jakarta akan selalu jadi sebuah og capital city,okedeh ibukota pindah ikn jakarta og capital city,okedeh ibukota pindah ikn jakarta og capital city,Netral
@wilsur12 Idk. Status ibukota tidak diperlukan kota penajam paser itu. Jika soal pemerataan pembangunan issue nya bagaimana dgn papua ntt? Apa harus pindah ibukota jg kesana demi pemerataan pembangunan. Ga gitu jg kan conceptnya. Tdk butuh pindah ibukota utk pemerataan pembangunan.,idk status ibukota tidak diperlukan kota penajam paser itu jika soal pemerataan pembangunan issue nya bagaimana dgn papua ntt apa harus pindah ibukota jg kesana demi pemerataan pembangunan ga gitu jg kan conceptnya tdk butuh pindah ibukota utk pemerataan pembangunan,idk status ibukota tidak diperlukan kota penajam paser itu jika soal pemerataan pembangunan issue nya bagaimana dgn papua ntt apa harus pindah ibukota jg kesana demi pemerataan pembangunan ga gitu jg kan conceptnya tdk butuh pindah ibukota utk pemerataan pembangunan,idk status ibukota tidak diperlukan kota penajam paser itu jika soal pemerataan pembangunan isu nya bagaimana dengan papua ntt apa harus pindah ibukota juga kesana demi pemerataan pembangunan tidak gitu juga kan conceptnya tidak butuh pindah ibukota untuk pemerataan pembangunan,idk status ibukota kota penajam paser pemerataan pembangunan isu nya papua ntt pindah ibukota kesana pemerataan pembangunan gitu conceptnya butuh pindah ibukota pemerataan pembangunan,idk status ibukota kota najam paser perata bangun isu nya papua ntt pindah ibukota kesana perata bangun gitu conceptnya butuh pindah ibukota perata bangun,Netral
yang nyetujuin pindah ibukota mereka yang ngesahain uu ikn mereka eh yg gamau pindah mereka juga,yang nyetujuin pindah ibukota mereka yang ngesahain uu ikn mereka eh yg gamau pindah mereka juga,yang nyetujuin pindah ibukota mereka yang ngesahain uu ikn mereka eh yg gamau pindah mereka juga,yang nyetujuin pindah ibukota mereka yang ngesahain uu ikn mereka eh yang gamau pindah mereka juga,nyetujuin pindah ibukota ngesahain uu ikn gamau pindah,nyetujuin pindah ibukota ngesahain uu ikn gamau pindah,Netral
@petaroenk451 @FPKSDPRRI Menolak ibukota pindah Instansi pemerintah pusat jg pindah trus PKS gk ikut pindah jg atau d sewakan ruko sendiri d Jakarta,menolak ibukota pindah instansi pemerintah pusat jg pindah trus pks gk ikut pindah jg atau d sewakan ruko sendiri d jakarta,menolak ibukota pindah instansi pemerintah pusat jg pindah trus pks gk ikut pindah jg atau d sewakan ruko sendiri d jakarta,menolak ibukota pindah instansi pemerintah pusat juga pindah terus pks tidak ikut pindah juga atau di sewakan ruko sendiri di jakarta,menolak ibukota pindah instansi pemerintah pusat pindah pks pindah sewakan ruko jakarta,tolak ibukota pindah instansi perintah pusat pindah pks pindah sewa ruko jakarta,Negatif
Gue lah pendukung para orang ibukota dipaksa pindah ke IKN itu,gue lah pendukung para orang ibukota dipaksa pindah ke ikn itu,gue lah pendukung para orang ibukota dipaksa pindah ke ikn itu,aku lah pendukung para orang ibukota dipaksa pindah ke ikn itu,pendukung orang ibukota dipaksa pindah ikn,dukung orang ibukota paksa pindah ikn,Netral
@OposisiCerdas HHH...ko bisa nyerahin ke wapres hnya krna bukan lgi DKI. n UU IKN itu kpan di sah kan'a prasaan IKN blm slesai. knpa penguasa bgtu buru? pindah ibukota. pilpres blm rampung IKN blm rampung. ni penguasa ma komplotan'a tolol pa goblok sih?,hhhko bisa nyerahin ke wapres hnya krna bukan lgi dki n uu ikn itu kpan di sah kana prasaan ikn blm slesai knpa penguasa bgtu buru pindah ibukota pilpres blm rampung ikn blm rampung ni penguasa ma komplotana tolol pa goblok sih,hhhko bisa nyerahin ke wapres hnya krna bukan lgi dki n uu ikn itu kpan di sah kana prasaan ikn blm slesai knpa penguasa bgtu buru pindah ibukota pilpres blm rampung ikn blm rampung ni penguasa ma komplotana tolol pa goblok sih,hhhko bisa nyerahin ke wapres hanya karena bukan lagi dki n uu ikn itu kpan di sah kana prasaan ikn belum slesai knpa penguasa bgtu buru pindah ibukota pilpres belum rampung ikn belum rampung ini penguasa ma komplotana bodoh bapak goblok sih,hhhko nyerahin wapres dki n uu ikn kpan sah kana prasaan ikn slesai knpa penguasa bgtu buru pindah ibukota pilpres rampung ikn rampung penguasa ma komplotana bodoh goblok,hhhko nyerahin wapres dki n uu ikn kpan sah kana prasaan ikn slesai knpa kuasa bgtu buru pindah ibukota pilpres rampung ikn rampung kuasa ma komplotana bodoh goblok,Netral
15 FEB KEMAREN JAKARTA BKN LAGI IBUKOTA NEGARA TP KENAPA KLEAN MSH KERJA DI JAKARTA ? @YaqutCQoumas @DPR_RI CEPATLAH KLEAN PINDAH,feb kemaren jakarta bkn lagi ibukota negara tp kenapa klean msh kerja di jakarta cepatlah klean pindah,feb kemaren jakarta bkn lagi ibukota negara tp kenapa klean msh kerja di jakarta cepatlah klean pindah,feb kemarin jakarta bkn lagi ibukota negara tapi kenapa kalian masih kerja di jakarta cepatlah kalian pindah,feb kemarin jakarta bkn ibukota negara kerja jakarta cepatlah pindah,feb kemarin jakarta bkn ibukota negara kerja jakarta cepat pindah,Netral
@iyeesayang Biar Lu tau dgn ibukota pindah ke daerah lain pasti urbanisasi berkurang Orang2 tidak lg Jakarta dijadikan sebagai tujuan utk mencari nafkah dan tempat tinggal tp ada alternatif daerah lain misalnya IKN dan sekitarnya,biar lu tau dgn ibukota pindah ke daerah lain pasti urbanisasi berkurang orang tidak lg jakarta dijadikan sebagai tujuan utk mencari nafkah dan tempat tinggal tp ada alternatif daerah lain misalnya ikn dan sekitarnya,biar lu tau dgn ibukota pindah ke daerah lain pasti urbanisasi berkurang orang tidak lg jakarta dijadikan sebagai tujuan utk mencari nafkah dan tempat tinggal tp ada alternatif daerah lain misalnya ikn dan sekitarnya,biar lu tau dengan ibukota pindah ke daerah lain pasti urbanisasi berkurang orang tidak lagi jakarta dijadikan sebagai tujuan untuk mencari nafkah dan tempat tinggal tapi ada alternatif daerah lain misalnya ikn dan sekitarnya,biar lu tau ibukota pindah daerah urbanisasi berkurang orang jakarta dijadikan tujuan mencari nafkah tinggal alternatif daerah ikn,biar lu tau ibukota pindah daerah urbanisasi kurang orang jakarta jadi tuju cari nafkah tinggal alternatif daerah ikn,Netral
@Micchikyunkyun Ak setuju pindah ibukota biar ada pemerataan pembangunan tapi . Tapi prosesnya juga jgn asal2an,ak setuju pindah ibukota biar ada pemerataan pembangunan tapi tapi prosesnya juga jgn asalan,ak setuju pindah ibukota biar ada pemerataan pembangunan tapi tapi prosesnya juga jgn asalan,aku setuju pindah ibukota biar ada pemerataan pembangunan tapi tapi prosesnya juga jangan asalan,setuju pindah ibukota biar pemerataan pembangunan prosesnya asalan,tuju pindah ibukota biar perata bangun proses asal,Positif
@BlacPitt2 Selamat Tinggal DKI Selamat Datang Ibukota Nusantara...,selamat tinggal dki selamat datang ibukota nusantara,selamat tinggal dki selamat datang ibukota nusantara,selamat tinggal dki selamat datang ibukota nusantara,selamat tinggal dki selamat ibukota nusantara,selamat tinggal dki selamat ibukota nusantara,Netral
@OposisiCerdas Mana itu partai sekitar ibukota? Apakah sdh pindah ke IKN kumpul di kolam kubangan busuk dg para penjahat dan perusak negeri.,mana itu partai sekitar ibukota apakah sdh pindah ke ikn kumpul di kolam kubangan busuk dg para penjahat dan perusak negeri,mana itu partai sekitar ibukota apakah sdh pindah ke ikn kumpul di kolam kubangan busuk dg para penjahat dan perusak negeri,mana itu partai sekitar ibukota apakah sudah pindah ke ikn kumpul di kolam kubangan busuk dengan para penjahat dan perusak negeri,partai ibukota pindah ikn kumpul kolam kubangan busuk penjahat perusak negeri,partai ibukota pindah ikn kumpul kolam kubang busuk jahat usak negeri,Netral
@DokterTifa Biarlah Ibukota cepat2 terealisasi pindah ke IKN... Biar Jawa tidak ada beban utk Pengajuan Referendum...,biarlah ibukota cepat terealisasi pindah ke ikn biar jawa tidak ada beban utk pengajuan referendum,biarlah ibukota cepat terealisasi pindah ke ikn biar jawa tidak ada beban utk pengajuan referendum,biarlah ibukota cepat terealisasi pindah ke ikn biar jawa tidak ada beban untuk pengajuan referendum,biarlah ibukota cepat terealisasi pindah ikn biar jawa beban pengajuan referendum,biar ibukota cepat realisasi pindah ikn biar jawa beban aju referendum,Negatif
Nusantara Kalimantan Timur dipilih sebagai lokasi baru ibukota Indonesia. Dari beribu pulau yang ada di Indonesia mengapa Kalimantan Timur dipilih sebagai lokasi ibukota baru? #RabuNusantara #Nusantara #IKN #KSP https://t.co/yBa5UI0rpb,nusantara kalimantan timur dipilih sebagai lokasi baru ibukota indonesia dari beribu pulau yang ada di indonesia mengapa kalimantan timur dipilih sebagai lokasi ibukota baru,nusantara kalimantan timur dipilih sebagai lokasi baru ibukota indonesia dari beribu pulau yang ada di indonesia mengapa kalimantan timur dipilih sebagai lokasi ibukota baru,nusantara kalimantan timur dipilih sebagai lokasi baru ibukota indonesia dari beribu pulau yang ada di indonesia mengapa kalimantan timur dipilih sebagai lokasi ibukota baru,nusantara kalimantan timur dipilih lokasi ibukota indonesia beribu pulau indonesia kalimantan timur dipilih lokasi ibukota,nusantara kalimantan timur pilih lokasi ibukota indonesia ibu pulau indonesia kalimantan timur pilih lokasi ibukota,Netral
tadi saya bermimpi megyattwati pindah ke ibukota lalu saya berbicara langsung ke mukanya muka lu jawa banget (ini serius),tadi saya bermimpi megyattwati pindah ke ibukota lalu saya berbicara langsung ke mukanya muka lu jawa banget ini serius,tadi saya bermimpi megyattwati pindah ke ibukota lalu saya berbicara langsung ke mukanya muka lu jawa banget ini serius,tadi aku bermimpi megyattwati pindah ke ibukota lalu aku berbicara langsung ke mukanya muka lu jawa sekali ini serius,bermimpi megyattwati pindah ibukota berbicara langsung mukanya muka lu jawa serius,mimpi megyattwati pindah ibukota bicara langsung muka muka lu jawa serius,Netral
dunia Islam di pindah ke provinsi Jowo ibukota SOLO Jakarta kaum munafik mbah yaaaai https://t.co/OeWwGBTveo,dunia islam di pindah ke provinsi jowo ibukota solo jakarta kaum munafik mbah yaaaai,dunia islam di pindah ke provinsi jowo ibukota solo jakarta kaum munafik mbah yaaaai,dunia islam di pindah ke provinsi jowo ibukota solo jakarta kaum munafik mbah yaaaai,dunia islam pindah provinsi jowo ibukota solo jakarta kaum munafik mbah yaaaai,dunia islam pindah provinsi jowo ibukota solo jakarta kaum munafik mbah yaaaai,Netral
@ethadisaputra PKS merajalela ide bagus Ibukota pindah aja,pks merajalela ide bagus ibukota pindah aja,pks merajalela ide bagus ibukota pindah aja,pks merajalela ide bagus ibukota pindah saja,pks merajalela ide bagus ibukota pindah,pks rajalela ide bagus ibukota pindah,Positif
@KompasTV udah benar ibukota pindah,udah benar ibukota pindah,udah benar ibukota pindah,sudah benar ibukota pindah,ibukota pindah,ibukota pindah,Netral
@ToleeMztolee @asdir_bagus @RadioElshinta ya elu bayangin aja ibukota di jawa barat ....segala suku merantau ke jawa dan sekarang jawa barat menjadi terpadat...terutama di sekitaran dki...maknya ane ingin IKN segera beres dan ibukota pindah,ya elu bayangin aja ibukota di jawa barat segala suku merantau ke jawa dan sekarang jawa barat menjadi terpadatterutama di sekitaran dkimaknya ane ingin ikn segera beres dan ibukota pindah,ya elu bayangin aja ibukota di jawa barat segala suku merantau ke jawa dan sekarang jawa barat menjadi terpadatterutama di sekitaran dkimaknya ane ingin ikn segera beres dan ibukota pindah,ya elu bayangin saja ibukota di jawa barat segala suku merantau ke jawa dan sekarang jawa barat menjadi terpadatterutama di sekitaran dkimaknya ane ingin ikn segera selesai dan ibukota pindah,elu bayangin ibukota jawa barat suku merantau jawa jawa barat terpadatterutama sekitaran dkimaknya ane ikn selesai ibukota pindah,elu bayangin ibukota jawa barat suku rantau jawa jawa barat terpadatterutama sekitar dkimaknya ane ikn selesai ibukota pindah,Netral
meningkatkan semangat pemerintah pusat untuk pindah ibukota... @PKSejahtera menang di jakarta WAJIB jual saham DKI di perusahaan bir. klo masih gagal lagi berarti emang ga ada lagi harapan...,meningkatkan semangat pemerintah pusat untuk pindah ibukota menang di jakarta wajib jual saham dki di perusahaan bir klo masih gagal lagi berarti emang ga ada lagi harapan,meningkatkan semangat pemerintah pusat untuk pindah ibukota menang di jakarta wajib jual saham dki di perusahaan bir klo masih gagal lagi berarti emang ga ada lagi harapan,meningkatkan semangat pemerintah pusat untuk pindah ibukota menang di jakarta wajib jual saham dki di perusahaan bir kalau masih gagal lagi berarti memang tidak ada lagi harapan,meningkatkan semangat pemerintah pusat pindah ibukota menang jakarta wajib jual saham dki perusahaan bir gagal harapan,tingkat semangat perintah pusat pindah ibukota menang jakarta wajib jual saham dki usaha bir gagal harap,Netral
@manwells52 @ethadisaputra Iya2 bapak masih di desa ibukota pindah bersama mentri2 nya,iya bapak masih di desa ibukota pindah bersama mentri nya,iya bapak masih di desa ibukota pindah bersama mentri nya,iya bapak masih di desa ibukota pindah bersama mentri nya,iya desa ibukota pindah mentri nya,iya desa ibukota pindah tri nya,Netral
@abu_waras Negara lain itu pemimpinnya cerdas nggak ada pencitraan nggak juga sampai masuk gorong2 itu bedanya dg kita sumur resapan ditutup agar banjir dan cepat2 pindah ibukota...,negara lain itu pemimpinnya cerdas nggak ada pencitraan nggak juga sampai masuk gorong itu bedanya dg kita sumur resapan ditutup agar banjir dan cepat pindah ibukota,negara lain itu pemimpinnya cerdas nggak ada pencitraan nggak juga sampai masuk gorong itu bedanya dg kita sumur resapan ditutup agar banjir dan cepat pindah ibukota,negara lain itu pemimpinnya cerdas tidak ada pencitraan tidak juga sampai masuk gorong itu bedanya dengan kita sumur resapan ditutup agar banjir dan cepat pindah ibukota,negara pemimpinnya cerdas pencitraan masuk gorong bedanya sumur resapan ditutup banjir cepat pindah ibukota,negara pimpin cerdas citra masuk gorong beda sumur resap tutup banjir cepat pindah ibukota,Positif
@Milan23fav @MorphoMenelausX Pake balesan klasik kalo gasuka ya pindah aja juga. Lawak bro cara kerja benak lu. Minimal (bener? paling minimal) itu nalar sedikit aja gak susah? kok cuman pembangunan kenapa langsung ibukota? Kenapa gak bangun daerah? dari bawah keatas aja? Kok,pake balesan klasik kalo gasuka ya pindah aja juga lawak bro cara kerja benak lu minimal bener paling minimal itu nalar sedikit aja gak susah kok cuman pembangunan kenapa langsung ibukota kenapa gak bangun daerah dari bawah keatas aja kok,pake balesan klasik kalo gasuka ya pindah aja juga lawak bro cara kerja benak lu minimal bener paling minimal itu nalar sedikit aja gak susah kok cuman pembangunan kenapa langsung ibukota kenapa gak bangun daerah dari bawah keatas aja kok,pakai balesan klasik kalau gasuka ya pindah saja juga lawak bro cara kerja benak lu minimal benar paling minimal itu nalar sedikit saja tidak susah kok hanya pembangunan kenapa langsung ibukota kenapa tidak bangun daerah dari bawah keatas saja kok,pakai balesan klasik gasuka pindah lawak bro kerja benak lu minimal minimal nalar susah pembangunan langsung ibukota bangun daerah keatas,pakai balesan klasik gasuka pindah lawak bro kerja benak lu minimal minimal nalar susah bangun langsung ibukota bangun daerah atas,Netral
@sbmptnfess Ya mau gimana pun dan kalau ibukota pindah pun PTN yang paling dilirik di Indonesia itu emang PTN JAWA dari zaman dulu pun udah begitu,ya mau gimana pun dan kalau ibukota pindah pun ptn yang paling dilirik di indonesia itu emang ptn jawa dari zaman dulu pun udah begitu,ya mau gimana pun dan kalau ibukota pindah pun ptn yang paling dilirik di indonesia itu emang ptn jawa dari zaman dulu pun udah begitu,ya mau gimana pun dan kalau ibukota pindah pun ptn yang paling dilirik di indonesia itu memang ptn jawa dari zaman dulu pun sudah begitu,gimana ibukota pindah ptn dilirik indonesia ptn jawa zaman,gimana ibukota pindah ptn lirik indonesia ptn jawa zaman,Netral
@FuzaFirdaus Cieee... Lagian dengan pindahnya Ibukota ke Kalimantan saat ini pulau kalimantan bener2 hot banget dah. Ceunah presiden dah pindah ke sana Juni. Segala properti di tangsel bakal terjun bebas karena daerah yg dipilih ada pelabuhan segala. Cuaca di kalimantan adem ga sih?,cieee lagian dengan pindahnya ibukota ke kalimantan saat ini pulau kalimantan bener hot banget dah ceunah presiden dah pindah ke sana juni segala properti di tangsel bakal terjun bebas karena daerah yg dipilih ada pelabuhan segala cuaca di kalimantan adem ga sih,cieee lagian dengan pindahnya ibukota ke kalimantan saat ini pulau kalimantan bener hot banget dah ceunah presiden dah pindah ke sana juni segala properti di tangsel bakal terjun bebas karena daerah yg dipilih ada pelabuhan segala cuaca di kalimantan adem ga sih,cieee lagian dengan pindahnya ibukota ke kalimantan saat ini pulau kalimantan benar hot sekali sudah ceunah presiden sudah pindah ke sana juni segala properti di tangsel akan terjun bebas karena daerah yang dipilih ada pelabuhan segala cuaca di kalimantan adem tidak sih,cieee pindahnya ibukota kalimantan pulau kalimantan hot ceunah presiden pindah juni properti tangsel terjun bebas daerah dipilih pelabuhan cuaca kalimantan adem,cieee pindah ibukota kalimantan pulau kalimantan hot ceunah presiden pindah juni properti tangsel terjun bebas daerah pilih labuh cuaca kalimantan adem,Netral
"Aduh padahal suaraku bagus lho tapi pasti ini gak bakal diadakan di Kaltim meski ibukota udah pindah sekalipun ??,1767662451871641730""",aduh padahal suaraku bagus lho tapi pasti ini gak bakal diadakan di kaltim meski ibukota udah pindah sekalipun,aduh padahal suaraku bagus lho tapi pasti ini gak bakal diadakan di kaltim meski ibukota udah pindah sekalipun,aduh padahal suaraku bagus lho tapi pasti ini tidak akan diadakan di kaltim meski ibukota sudah pindah sekalipun,aduh suaraku bagus diadakan kaltim ibukota pindah,aduh suara bagus ada kaltim ibukota pindah,Positif
@tvOneNews Nah lhoo.. gt kok ingin bercokol di jakarta terus ibukota negara. Pindah dong.,nah lhoo gt kok ingin bercokol di jakarta terus ibukota negara pindah dong,nah lhoo gt kok ingin bercokol di jakarta terus ibukota negara pindah dong,nah lhoo gitu kok ingin bercokol di jakarta terus ibukota negara pindah dong,gitu bercokol jakarta ibukota negara pindah,gitu cokol jakarta ibukota negara pindah,Netral
@vatimarusalka Dahulu Jakarta begitu rapi di era Pak BTP lalu disempurnakan Pak Anies tp semua berubah saat pak Heru menyerang hanya pilkada kembali yg dapat memilib lagi gubernur terpilih tapi disaat jakarta membutuhkannya ibukota pindah,dahulu jakarta begitu rapi di era pak btp lalu disempurnakan pak anies tp semua berubah saat pak heru menyerang hanya pilkada kembali yg dapat memilib lagi gubernur terpilih tapi disaat jakarta membutuhkannya ibukota pindah,dahulu jakarta begitu rapi di era pak btp lalu disempurnakan pak anies tp semua berubah saat pak heru menyerang hanya pilkada kembali yg dapat memilib lagi gubernur terpilih tapi disaat jakarta membutuhkannya ibukota pindah,dahulu jakarta begitu rapi di era bapak btp lalu disempurnakan bapak anies tapi semua berubah saat bapak heru menyerang hanya pilkada kembali yang dapat memilib lagi gubernur terpilih tapi disaat jakarta membutuhkannya ibukota pindah,jakarta rapi era btp disempurnakan berubah heru menyerang pilkada memilib gubernur terpilih disaat jakarta membutuhkannya ibukota pindah,jakarta rapi era btp sempurna ubah heru serang pilkada memilib gubernur pilih saat jakarta butuh ibukota pindah,Positif
@OposisiCerdas DKI Jkt tdk boleh maju..Biar bisa pindah Ibukota,dki jkt tdk boleh majubiar bisa pindah ibukota,dki jkt tdk boleh majubiar bisa pindah ibukota,dki jakarta tidak boleh majubiar bisa pindah ibukota,dki jakarta majubiar pindah ibukota,dki jakarta majubiar pindah ibukota,Netral
@GulaAren222 Hahaah ibukota pindah ke ikn wkwm disini ngga ada wkwk,hahaah ibukota pindah ke ikn wkwm disini ngga ada wkwk,hahaah ibukota pindah ke ikn wkwm disini ngga ada wkwk,hahaah ibukota pindah ke ikn wkwk disini tidak ada wkwk,hahaah ibukota pindah ikn,hahaah ibukota pindah ikn,Netral
kebayang gak kaisar dan dayang-dayang pindah ibukota baru mau mandi gak ada aer,kebayang gak kaisar dan dayangdayang pindah ibukota baru mau mandi gak ada aer,kebayang gak kaisar dan dayangdayang pindah ibukota baru mau mandi gak ada aer,kebayang tidak kaisar dan dayangdayang pindah ibukota baru mau mandi tidak ada aer,kebayang kaisar dayangdayang pindah ibukota mandi aer,bayang kaisar dayangdayang pindah ibukota mandi aer,Netral
Alasan perpindahan ibukota negara yg dimaksud yakni aspek ekologis sosiologis dan historis. Asal mulanya kita bisa pindah karena berdasarkan kajian Jakarta ini kan tanahnya makin turun permukaannya. Bocil #VespaThailand Ramadhan Boneka jungkook Ayok #JoongArchen https://t.co/s2c4r5TfQp,alasan perpindahan ibukota negara yg dimaksud yakni aspek ekologis sosiologis dan historis asal mulanya kita bisa pindah karena berdasarkan kajian jakarta ini kan tanahnya makin turun permukaannya bocil ramadhan boneka jungkook ayok,alasan perpindahan ibukota negara yg dimaksud yakni aspek ekologis sosiologis dan historis asal mulanya kita bisa pindah karena berdasarkan kajian jakarta ini kan tanahnya makin turun permukaannya bocil ramadhan boneka jungkook ayok,alasan perpindahan ibukota negara yang dimaksud yakni aspek ekologis sosiologis dan historis asal mulanya kita bisa pindah karena berdasarkan kajian jakarta ini kan tanahnya makin turun permukaannya bocil ramadhan boneka jungkook ayo,alasan perpindahan ibukota negara aspek ekologis sosiologis historis pindah berdasarkan kajian jakarta tanahnya turun permukaannya bocil ramadhan boneka jungkook ayo,alas pindah ibukota negara aspek ekologis sosiologis historis pindah dasar kaji jakarta tanah turun muka bocil ramadhan boneka jungkook ayo,Netral
@SammiSoh Udah ibukota Jawa pindah Semarang saja.. kota yg sebenar? Melting Pot.. seribu gereja seribu masjid pura dan tempat ibadah agama yg lain..,udah ibukota jawa pindah semarang saja kota yg sebenar melting pot seribu gereja seribu masjid pura dan tempat ibadah agama yg lain,udah ibukota jawa pindah semarang saja kota yg sebenar melting pot seribu gereja seribu masjid pura dan tempat ibadah agama yg lain,sudah ibukota jawa pindah semarang saja kota yang sebenar melting pot seribu gereja seribu masjid pura dan tempat ibadah agama yang lain,ibukota jawa pindah semarang kota sebenar melting pot seribu gereja seribu masjid pura ibadah agama,ibukota jawa pindah semarang kota benar melting pot ribu gereja ribu masjid pura ibadah agama,Netral
hal-hal aneh yang aku alami sejak pindah ke ibukota: 1. liat delman masuk jalur tj,halhal aneh yang aku alami sejak pindah ke ibukota liat delman masuk jalur tj,halhal aneh yang aku alami sejak pindah ke ibukota liat delman masuk jalur tj,halhal aneh yang aku alami sejak pindah ke ibukota lihat delman masuk jalur tj,halhal aneh alami pindah ibukota lihat delman masuk jalur tj,halhal aneh alami pindah ibukota lihat delman masuk jalur tj,Netral
slamatt mengemban amanah sampai tua nanti caa temen seperjuangan jumpermu ini bangga abis caa gasalah emg ibukota pindah ke ikn BTW TETEP ILMU PADI ABANGKUUUH https://t.co/E05SGmSFLt,slamatt mengemban amanah sampai tua nanti caa temen seperjuangan jumpermu ini bangga abis caa gasalah emg ibukota pindah ke ikn btw tetep ilmu padi abangkuuuh,slamatt mengemban amanah sampai tua nanti caa temen seperjuangan jumpermu ini bangga abis caa gasalah emg ibukota pindah ke ikn btw tetep ilmu padi abangkuuuh,selamat mengemban amanah sampai tua nanti caa teman seperjuangan jumpermu ini bangga habis caa gasalah memang ibukota pindah ke ikn omong tetap ilmu padi abangkuuuh,selamat mengemban amanah tua caa teman seperjuangan jumpermu bangga habis caa gasalah ibukota pindah ikn omong ilmu padi abangkuuuh,selamat emban amanah tua caa teman juang jumpermu bangga habis caa gasalah ibukota pindah ikn omong ilmu padi abangkuuuh,Positif
@_MbakSri_ Makanya DKI makin syariah. Dah benar ibukota perlu pindah IKN,makanya dki makin syariah dah benar ibukota perlu pindah ikn,makanya dki makin syariah dah benar ibukota perlu pindah ikn,makanya dki makin syariah sudah benar ibukota perlu pindah ikn,dki syariah ibukota pindah ikn,dki syariah ibukota pindah ikn,Netral
Kalo ibukota ga jadi pindah gemana...?,kalo ibukota ga jadi pindah gemana,kalo ibukota ga jadi pindah gemana,kalau ibukota tidak jadi pindah gemana,ibukota pindah gemana,ibukota pindah gana,Netral
@SammiSoh makanya Pak @jokowi sudah nampak jelas luar dalam pemerintahan di jakarta sudah di penuhi bibit haram teroris makanya harus pindah Ibukota,makanya pak sudah nampak jelas luar dalam pemerintahan di jakarta sudah di penuhi bibit haram teroris makanya harus pindah ibukota,makanya pak sudah nampak jelas luar dalam pemerintahan di jakarta sudah di penuhi bibit haram teroris makanya harus pindah ibukota,makanya bapak sudah nampak jelas luar dalam pemerintahan di jakarta sudah di penuhi bibit haram teroris makanya harus pindah ibukota,nampak pemerintahan jakarta penuhi bibit haram teroris pindah ibukota,nampak perintah jakarta penuh bibit haram teroris pindah ibukota,Netral
@cobeh2022 Ibukota Kerajaan Nusantara,ibukota kerajaan nusantara,ibukota kerajaan nusantara,ibukota kerajaan nusantara,ibukota kerajaan nusantara,ibukota raja nusantara,Netral
mkny ibukota hrs segera pindah ke IKN.. kadal2 kyk somad cs.. dah dilarang masuk kalimantan..,mkny ibukota hrs segera pindah ke ikn kadal kyk somad cs dah dilarang masuk kalimantan,mkny ibukota hrs segera pindah ke ikn kadal kyk somad cs dah dilarang masuk kalimantan,mkny ibukota harus segera pindah ke ikn kadal seperti somad cs sudah dilarang masuk kalimantan,mkny ibukota pindah ikn kadal somad cs dilarang masuk kalimantan,mkny ibukota pindah ikn kadal somad cs larang masuk kalimantan,Netral
@Catatan_ali7 Persija kalah ibukota gw pindah.,persija kalah ibukota gw pindah,persija kalah ibukota gw pindah,persija kalah ibukota aku pindah,persija kalah ibukota pindah,persija kalah ibukota pindah,Netral
@RagilSemar Aamiin ya rabbal aalamiin. Jakarta masih jadi dashboard Indonesia. Pindahan ibukota tidak seindah pindah tempat kos.,aamiin ya rabbal aalamiin jakarta masih jadi dashboard indonesia pindahan ibukota tidak seindah pindah tempat kos,aamiin ya rabbal aalamiin jakarta masih jadi dashboard indonesia pindahan ibukota tidak seindah pindah tempat kos,amin ya rabbal aalamiin jakarta masih jadi dashboard indonesia pindahan ibukota tidak seindah pindah tempat kos,amin rabbal aalamiin jakarta dashboard indonesia pindahan ibukota seindah pindah kos,amin rabbal aalamiin jakarta dashboard indonesia pindah ibukota indah pindah kos,Netral
@Dennaaja_ Udah bener ibukota negara pindah ke palembang aja . Palembang darussaralam jaya,udah bener ibukota negara pindah ke palembang aja palembang darussaralam jaya,udah bener ibukota negara pindah ke palembang aja palembang darussaralam jaya,sudah benar ibukota negara pindah ke palembang saja palembang darussaralam jaya,ibukota negara pindah palembang palembang darussaralam jaya,ibukota negara pindah palembang palembang darussaralam jaya,Positif
@BoyMantouw @jokowi @prabowo Bentar lagi Keppres yang menjadi legitimasi Nusantara di Kalimantan Timur sebagai IKN turun Jakarta sdh bukan ibukota lagi,bentar lagi keppres yang menjadi legitimasi nusantara di kalimantan timur sebagai ikn turun jakarta sdh bukan ibukota lagi,bentar lagi keppres yang menjadi legitimasi nusantara di kalimantan timur sebagai ikn turun jakarta sdh bukan ibukota lagi,bentar lagi keppres yang menjadi legitimasi nusantara di kalimantan timur sebagai ikn turun jakarta sudah bukan ibukota lagi,bentar keppres legitimasi nusantara kalimantan timur ikn turun jakarta ibukota,bentar keppres legitimasi nusantara kalimantan timur ikn turun jakarta ibukota,Netral
Isinya APBN hmm seperti gak direstui ibukota pindah...,isinya apbn hmm seperti gak direstui ibukota pindah,isinya apbn hmm seperti gak direstui ibukota pindah,isinya apbn hmm seperti tidak direstui ibukota pindah,isinya apbn hmm direstui ibukota pindah,isi apbn hmm restu ibukota pindah,Netral
@MUSIKMENFESS Idol ibukota(skrg udah pindah) https://t.co/n9GKzefsXM,idol ibukotaskrg udah pindah,idol ibukotaskrg udah pindah,idol ibukotaskrg sudah pindah,idol ibukotaskrg pindah,idol ibukotaskrg pindah,Netral
@SammiSoh Makanya ibukota dipindahin o/ jkw momen nya pas muncul gerakan 212. Mungkin salah satu pertimbangan jkw pindahin ibukota krn ini Kl di kalimantan kan belum terpapar virus intoleran makanya pendukung anies ga setuju ibuktoa pindah,makanya ibukota dipindahin o jkw momen nya pas muncul gerakan mungkin salah satu pertimbangan jkw pindahin ibukota krn ini kl di kalimantan kan belum terpapar virus intoleran makanya pendukung anies ga setuju ibuktoa pindah,makanya ibukota dipindahin o jkw momen nya pas muncul gerakan mungkin salah satu pertimbangan jkw pindahin ibukota krn ini kl di kalimantan kan belum terpapar virus intoleran makanya pendukung anies ga setuju ibuktoa pindah,makanya ibukota dipindahin o jokowi peristiwa nya pas muncul gerakan mungkin salah satu pertimbangan jokowi pindahin ibukota karena ini kalau di kalimantan kan belum terpapar virus intoleran makanya pendukung anies tidak setuju ibuktoa pindah,ibukota dipindahin o jokowi peristiwa nya pas muncul gerakan salah pertimbangan jokowi pindahin ibukota kalimantan terpapar virus intoleran pendukung setuju ibuktoa pindah,ibukota dipindahin o jokowi peristiwa nya pas muncul gera salah timbang jokowi pindahin ibukota kalimantan papar virus intoleran dukung tuju ibuktoa pindah,Netral
@21_mozza Makanya ibukota pindah hhhha masa tunggu tenggelam baru pindah hadeuhhh kita gak tau lagi tuh 2045 gmna.,makanya ibukota pindah hhhha masa tunggu tenggelam baru pindah hadeuhhh kita gak tau lagi tuh gmna,makanya ibukota pindah hhhha masa tunggu tenggelam baru pindah hadeuhhh kita gak tau lagi tuh gmna,makanya ibukota pindah hhhha masa tunggu tenggelam baru pindah aduh kita tidak tau lagi itu gmna,ibukota pindah hhhha tunggu tenggelam pindah aduh tau gmna,ibukota pindah hhhha tunggu tenggelam pindah aduh tau gmna,Netral
Kalau ibukota udh pindah ke Kalimantan apakah harga tiket bioskop akan turun ? Ga mampu anjir masa 60-65rb sekali nonton tiap weekend gue cuman punya waktu luang ya hari Minggu aja ???,kalau ibukota udh pindah ke kalimantan apakah harga tiket bioskop akan turun ga mampu anjir masa rb sekali nonton tiap weekend gue cuman punya waktu luang ya hari minggu aja,kalau ibukota udh pindah ke kalimantan apakah harga tiket bioskop akan turun ga mampu anjir masa rb sekali nonton tiap weekend gue cuman punya waktu luang ya hari minggu aja,kalau ibukota sudah pindah ke kalimantan apakah harga tiket bioskop akan turun tidak mampu anjing masa rb sekali nonton tiap akhir pekan aku hanya punya waktu luang ya hari minggu saja,ibukota pindah kalimantan harga tiket bioskop turun anjing rb nonton akhir pekan luang minggu,ibukota pindah kalimantan harga tiket bioskop turun anjing rb nonton akhir pekan luang minggu,Netral
@papa_loren Udah merasa jadi raja nusantara.. Gak punya ibukota...,udah merasa jadi raja nusantara gak punya ibukota,udah merasa jadi raja nusantara gak punya ibukota,sudah merasa jadi raja nusantara tidak punya ibukota,raja nusantara ibukota,raja nusantara ibukota,Netral
Emang kalo ibukota pindah ke IKN Jakarta ga jadi tenggelam? Tetep harus ada solusi penanganan lah malah kerja 2 kali ntar bikin IKN dan penanganan penurunan tanah Jkt,emang kalo ibukota pindah ke ikn jakarta ga jadi tenggelam tetep harus ada solusi penanganan lah malah kerja kali ntar bikin ikn dan penanganan penurunan tanah jkt,emang kalo ibukota pindah ke ikn jakarta ga jadi tenggelam tetep harus ada solusi penanganan lah malah kerja kali ntar bikin ikn dan penanganan penurunan tanah jkt,memang kalau ibukota pindah ke ikn jakarta tidak jadi tenggelam tetap harus ada solusi penanganan lah malah kerja kali nanti bikin ikn dan penanganan penurunan tanah jakarta,ibukota pindah ikn jakarta tenggelam solusi penanganan kerja kali bikin ikn penanganan penurunan tanah jakarta,ibukota pindah ikn jakarta tenggelam solusi tangan kerja kali bikin ikn tangan turun tanah jakarta,Positif
@willyukhei @Iucaaass Jauh bgt keburu ibukota pindah lagi ke Batam,jauh bgt keburu ibukota pindah lagi ke batam,jauh bgt keburu ibukota pindah lagi ke batam,jauh sekali keburu ibukota pindah lagi ke batam,keburu ibukota pindah batam,keburu ibukota pindah batam,Netral
gw selalu bingung kenapa milih bikin kota baru dan bukan pindah ke ibukota provinsi kayak yang udah dari dulu atau kota besar lainnya,gw selalu bingung kenapa milih bikin kota baru dan bukan pindah ke ibukota provinsi kayak yang udah dari dulu atau kota besar lainnya,gw selalu bingung kenapa milih bikin kota baru dan bukan pindah ke ibukota provinsi kayak yang udah dari dulu atau kota besar lainnya,aku selalu bingung kenapa milih bikin kota baru dan bukan pindah ke ibukota provinsi seperti yang sudah dari dulu atau kota besar lainnya,bingung milih bikin kota pindah ibukota provinsi kota,bingung milih bikin kota pindah ibukota provinsi kota,Netral
Apakah ini lebih dahsyat dibandingkan Orde Lama (1959-1966) &amp; Orde Baru (1966-1998)? Analisis saya menyatakan itu bisa &amp; terus terang saya juga sedikit cemas soal dayanya yg sesungguhnya. Yang pasti: 1. #Indonesia bakal punya tiga ibukota: Jakarta Solo Nusantara 2. Gen 2 &amp; 3,apakah ini lebih dahsyat dibandingkan orde lama amp orde baru analisis saya menyatakan itu bisa amp terus terang saya juga sedikit cemas soal dayanya yg sesungguhnya yang pasti bakal punya tiga ibukota jakarta solo nusantara gen amp,apakah ini lebih dahsyat dibandingkan orde lama amp orde baru analisis saya menyatakan itu bisa amp terus terang saya juga sedikit cemas soal dayanya yg sesungguhnya yang pasti bakal punya tiga ibukota jakarta solo nusantara gen amp,apakah ini lebih dahsyat dibandingkan orde lama sampai orde baru analisis aku menyatakan itu bisa sampai terus terang aku juga sedikit cemas soal dayanya yang sesungguhnya yang pasti akan punya tiga ibukota jakarta solo nusantara gen sampai,dahsyat dibandingkan orde orde analisis terang cemas dayanya sesungguhnya ibukota jakarta solo nusantara gen,dahsyat banding orde orde analisis terang cemas daya sungguh ibukota jakarta solo nusantara gen,Netral
@21_mozza Yaudh pindah ibukota aja asal Pak Anies Baswedan yg jadi presidennya Lalu warga JKT yg dekat tanggung itu direlokasi kedaerah yg aman. Memang serba sulit Klo dipikirkan skrg Hny berpegang pd kekuatan do'a dan kebesaran ALLAH SWT,yaudh pindah ibukota aja asal pak anies baswedan yg jadi presidennya lalu warga jkt yg dekat tanggung itu direlokasi kedaerah yg aman memang serba sulit klo dipikirkan skrg hny berpegang pd kekuatan doa dan kebesaran allah swt,yaudh pindah ibukota aja asal pak anies baswedan yg jadi presidennya lalu warga jkt yg dekat tanggung itu direlokasi kedaerah yg aman memang serba sulit klo dipikirkan skrg hny berpegang pd kekuatan doa dan kebesaran allah swt,yaudh pindah ibukota saja asal bapak anies baswedan yang jadi presidennya lalu warga jakarta yang dekat tanggung itu direlokasi kedaerah yang aman memang serba sulit kalau dipikirkan sekarang hanya berpegang percaya diri kekuatan doa dan kebesaran allah swt,yaudh pindah ibukota baswedan presidennya warga jakarta tanggung direlokasi kedaerah aman serba sulit dipikirkan berpegang percaya diri kekuatan doa kebesaran allah swt,yaudh pindah ibukota baswedan presiden warga jakarta tanggung relokasi daerah aman serba sulit pikir pegang percaya diri kuat doa besar allah swt,Netral
@PartaiSocmed @aniesbubble @aniesbaswedan Pindah ibukota itu diinisiasi oleh bung Karno Jokowi hanya melanjutkan program bung Karno.,pindah ibukota itu diinisiasi oleh bung karno jokowi hanya melanjutkan program bung karno,pindah ibukota itu diinisiasi oleh bung karno jokowi hanya melanjutkan program bung karno,pindah ibukota itu diinisiasi oleh bung karno jokowi hanya melanjutkan program bung karno,pindah ibukota diinisiasi karno jokowi melanjutkan program karno,pindah ibukota inisiasi karno jokowi lanjut program karno,Netral
@merdekaman95111 @abu_waras Yaudah bang bolehin aja mereka masuk ibukota juga jangan pindah ikn ya biar beban jakarta makin banyak,yaudah bang bolehin aja mereka masuk ibukota juga jangan pindah ikn ya biar beban jakarta makin banyak,yaudah bang bolehin aja mereka masuk ibukota juga jangan pindah ikn ya biar beban jakarta makin banyak,yasudah kakak bolehin saja mereka masuk ibukota juga jangan pindah ikn ya biar beban jakarta makin banyak,yasudah kakak bolehin masuk ibukota pindah ikn biar beban jakarta,yasudah kakak bolehin masuk ibukota pindah ikn biar beban jakarta,Negatif
Sepakat dgn Pakar Kebijakan Publik Agus Pambagio bilang: Jangan krn Upacara 17-8-2024 lalu semudah itu Ibukota pindah ke IKN soalnya belum satupun Investor berminat bangun IKN ...@kang___L @javanesindo @HMMurah3 @BonexRudy68 @AnNuhaMedia @4213f3 https://t.co/3bbXZ3UxER,sepakat dgn pakar kebijakan publik agus pambagio bilang jangan krn upacara lalu semudah itu ibukota pindah ke ikn soalnya belum satupun investor berminat bangun ikn,sepakat dgn pakar kebijakan publik agus pambagio bilang jangan krn upacara lalu semudah itu ibukota pindah ke ikn soalnya belum satupun investor berminat bangun ikn,sepakat dengan pakar kebijakan publik agus pambagio bilang jangan karena upacara lalu semudah itu ibukota pindah ke ikn soalnya belum satupun investor berminat bangun ikn,sepakat pakar kebijakan publik agus pambagio bilang upacara semudah ibukota pindah ikn satupun investor berminat bangun ikn,sepakat pakar bijak publik agus pambagio bilang upacara mudah ibukota pindah ikn satu investor minat bangun ikn,Netral
TNI Angkatan Laut akan mengembangkan pertahanan laut di Ibukota Nusantara. Nantinya di IKN akan dibentuk Komando Daerah Maritim yang dijabat perwira bintang 2. https://t.co/ns6OyEQSsE https://t.co/GJHic4Pn9E,tni angkatan laut akan mengembangkan pertahanan laut di ibukota nusantara nantinya di ikn akan dibentuk komando daerah maritim yang dijabat perwira bintang,tni angkatan laut akan mengembangkan pertahanan laut di ibukota nusantara nantinya di ikn akan dibentuk komando daerah maritim yang dijabat perwira bintang,tni angkatan laut akan mengembangkan pertahanan laut di ibukota nusantara nantinya di ikn akan dibentuk komando daerah maritim yang dijabat perwira bintang,tni angkatan laut mengembangkan pertahanan laut ibukota nusantara ikn dibentuk komando daerah maritim dijabat perwira bintang,tni angkat laut kembang tahan laut ibukota nusantara ikn bentuk komando daerah maritim jabat perwira bintang,Netral
@JVLEHA Memang betul ibukota harus pindah..jakarta udah over dalam segala hal..dan Budaya orang Indonesia buang sampah sembarangan bangun bangunan kumuh dsb itulah masalah utamanya..karena dari awal kemerdekaan kita ga disetting disiplin sama pemerintah kita tapi malah sibuk politik,memang betul ibukota harus pindahjakarta udah over dalam segala haldan budaya orang indonesia buang sampah sembarangan bangun bangunan kumuh dsb itulah masalah utamanyakarena dari awal kemerdekaan kita ga disetting disiplin sama pemerintah kita tapi malah sibuk politik,memang betul ibukota harus pindahjakarta udah over dalam segala haldan budaya orang indonesia buang sampah sembarangan bangun bangunan kumuh dsb itulah masalah utamanyakarena dari awal kemerdekaan kita ga disetting disiplin sama pemerintah kita tapi malah sibuk politik,memang betul ibukota harus pindahjakarta sudah over dalam segala haldan budaya orang indonesia buang sampah sembarangan bangun bangunan kumuh dsb itulah masalah utamanyakarena dari awal kemerdekaan kita tidak disetting disiplin sama pemerintah kita tapi malah sibuk politik,ibukota pindahjakarta over haldan budaya orang indonesia buang sampah sembarangan bangun bangunan kumuh dsb utamanyakarena kemerdekaan disetting disiplin pemerintah sibuk politik,ibukota pindahjakarta over haldan budaya orang indonesia buang sampah sembarang bangun bangun kumuh dsb utamanyakarena merdeka disetting disiplin perintah sibuk politik,Negatif
@JamalBoegis @Mdy_Asmara1701 Di rusak biar bisa pindah ke IKN.. Dan jakarta tdk lagi jadi Ibukota negara sejak 15 februari 2024,di rusak biar bisa pindah ke ikn dan jakarta tdk lagi jadi ibukota negara sejak februari,di rusak biar bisa pindah ke ikn dan jakarta tdk lagi jadi ibukota negara sejak februari,di rusak biar bisa pindah ke ikn dan jakarta tidak lagi jadi ibukota negara sejak februari,rusak biar pindah ikn jakarta ibukota negara februari,rusak biar pindah ikn jakarta ibukota negara februari,Negatif
@21_mozza Salah satu skenario untuk alasan pindah ibukota.,salah satu skenario untuk alasan pindah ibukota,salah satu skenario untuk alasan pindah ibukota,salah satu skenario untuk alasan pindah ibukota,salah skenario alasan pindah ibukota,salah skenario alas pindah ibukota,Negatif
Tunjangan Pionir!! Inilah Rincian Tunjangan untuk ASN yang Pindah ke Ibu Kota Nusantara (IKN) #Tunjangan #ASN #IKN #IbuKota Pak Ganjarr RIP Legend Bali Dr. Slump SMP &amp; SMA https://t.co/acBUQgArRu,tunjangan pionir inilah rincian tunjangan untuk asn yang pindah ke ibu kota nusantara ikn pak ganjarr rip legend bali dr slump smp amp sma,tunjangan pionir inilah rincian tunjangan untuk asn yang pindah ke ibu kota nusantara ikn pak ganjarr rip legend bali dr slump smp amp sma,tunjangan pionir inilah rincian tunjangan untuk asn yang pindah ke ibu kota nusantara ikn bapak ganjarr rip legend bali dari slump smp sampai sma,tunjangan pionir rincian tunjangan asn pindah kota nusantara ikn ganjarr rip legend bali slump smp sma,tunjang pionir rincian tunjang asn pindah kota nusantara ikn ganjarr rip legend bal slump smp sma,Netral
@tanyakanrl eh ibukota beneran udah pindah? belum bisa move on sama si mantan,eh ibukota beneran udah pindah belum bisa move on sama si mantan,eh ibukota beneran udah pindah belum bisa move on sama si mantan,eh ibukota beneran sudah pindah belum bisa move nyala sama si mantan,ibukota beneran pindah move nyala si mantan,ibukota beneran pindah move nyala si mantan,Netral
@txtdrjkt Alhamdulillaah ibukota negara udah pindah ke Kalimantan semoga menjadi keberkahan buat pulau nya dan buat negaranya,alhamdulillaah ibukota negara udah pindah ke kalimantan semoga menjadi keberkahan buat pulau nya dan buat negaranya,alhamdulillaah ibukota negara udah pindah ke kalimantan semoga menjadi keberkahan buat pulau nya dan buat negaranya,alhamdulillaah ibukota negara sudah pindah ke kalimantan semoga menjadi keberkahan buat pulau nya dan buat negaranya,alhamdulillaah ibukota negara pindah kalimantan semoga keberkahan pulau nya negaranya,alhamdulillaah ibukota negara pindah kalimantan moga berkah pulau nya negara,Positif
@StefanAntonio__ @jokowi Bos kalau kalah ya wes. Jangan dibawa hati. Kemaren2 lu dukung pindah ibukota sekarang haha 16% jadi..... Haha,bos kalau kalah ya wes jangan dibawa hati kemaren lu dukung pindah ibukota sekarang haha jadi haha,bos kalau kalah ya wes jangan dibawa hati kemaren lu dukung pindah ibukota sekarang haha jadi haha,bos kalau kalah ya wes jangan dibawa hati kemarin lu dukung pindah ibukota sekarang haha jadi haha,bos kalah wes dibawa hati kemarin lu dukung pindah ibukota haha haha,bos kalah wes bawa hati kemarin lu dukung pindah ibukota haha haha,Positif
HUT ke-79 Kemerdekaan Republik Indonesia pada 17 Agustus 2024 nanti akan menjadi awal perpindahan ibukota dari DKI Jakarta ke IKN Nusantara Kalimantan Timur. https://t.co/jdceXpePwh,hut ke kemerdekaan republik indonesia pada agustus nanti akan menjadi awal perpindahan ibukota dari dki jakarta ke ikn nusantara kalimantan timur,hut ke kemerdekaan republik indonesia pada agustus nanti akan menjadi awal perpindahan ibukota dari dki jakarta ke ikn nusantara kalimantan timur,hut ke kemerdekaan republik indonesia pada agustus nanti akan menjadi awal perpindahan ibukota dari dki jakarta ke ikn nusantara kalimantan timur,hut kemerdekaan republik indonesia agustus perpindahan ibukota dki jakarta ikn nusantara kalimantan timur,hut merdeka republik indonesia agustus pindah ibukota dki jakarta ikn nusantara kalimantan timur,Netral
Ibu Kota Indonesia Masih Jakarta Kapan Pindah Ibu Kota Nusantara? ~N #IKN #Jakarta #IbuKota https://t.co/svOw3Q3wKO,ibu kota indonesia masih jakarta kapan pindah ibu kota nusantara n,ibu kota indonesia masih jakarta kapan pindah ibu kota nusantara n,ibu kota indonesia masih jakarta kapan pindah ibu kota nusantara n,kota indonesia jakarta pindah kota nusantara n,kota indonesia jakarta pindah kota nusantara n,Netral
Aku ga ngeluhin demo ya. Semua berhak menyuarakan pendapat dengan cara yang sebikin ga nyaman itu. Cuman kenapa justru ga bising sama sekali. Pagi td jg ternyata ada women marching depan bawaslu. Semua redam. Padahal ibukota belum pindah.,aku ga ngeluhin demo ya semua berhak menyuarakan pendapat dengan cara yang sebikin ga nyaman itu cuman kenapa justru ga bising sama sekali pagi td jg ternyata ada women marching depan bawaslu semua redam padahal ibukota belum pindah,aku ga ngeluhin demo ya semua berhak menyuarakan pendapat dengan cara yang sebikin ga nyaman itu cuman kenapa justru ga bising sama sekali pagi td jg ternyata ada women marching depan bawaslu semua redam padahal ibukota belum pindah,aku tidak ngeluhin demo ya semua berhak menyuarakan pendapat dengan cara yang sebikin tidak nyaman itu hanya kenapa justru tidak bising sama sekali pagi tadi juga ternyata ada women marching depan bawaslu semua redam padahal ibukota belum pindah,ngeluhin demo berhak menyuarakan pendapat sebikin nyaman bising pagi women marching bawaslu redam ibukota pindah,ngeluhin demo hak suara dapat bikin nyaman bising pagi women marching bawaslu redam ibukota pindah,Netral
td gw minta emak nyanyi mars UI TRS DIA BERENTI DI .ibukota negara- tp malah pindah ke depok jakarta jg udh nggak,td gw minta emak nyanyi mars ui trs dia berenti di ibukota negara tp malah pindah ke depok jakarta jg udh nggak,td gw minta emak nyanyi mars ui trs dia berenti di ibukota negara tp malah pindah ke depok jakarta jg udh nggak,tadi aku minta ibu nyanyi mars ui terus dia berhenti di ibukota negara tapi malah pindah ke depok jakarta juga sudah tidak,nyanyi mars ui berhenti ibukota negara pindah depok jakarta,nyanyi mars ui henti ibukota negara pindah depok jakarta,Netral
Kalo ibukota dan perangkat2nya termasuk DPR dan istana pindah ke IKN demonya ntar gimana ya?,kalo ibukota dan perangkatnya termasuk dpr dan istana pindah ke ikn demonya ntar gimana ya,kalo ibukota dan perangkatnya termasuk dpr dan istana pindah ke ikn demonya ntar gimana ya,kalau ibukota dan perangkatnya termasuk dpr dan istana pindah ke ikn demonya nanti gimana ya,ibukota perangkatnya dpr istana pindah ikn demonya gimana,ibukota perangkat dpr istana pindah ikn demo gimana,Netral
@PKSejahtera @Rosihanjohan Beras penting IKN juga penting. Sy aja yg bukan warga jakarta sudah lama merasa ibukota memang sudah harus dipindah bahkan harusnya sejak lama,beras penting ikn juga penting sy aja yg bukan warga jakarta sudah lama merasa ibukota memang sudah harus dipindah bahkan harusnya sejak lama,beras penting ikn juga penting sy aja yg bukan warga jakarta sudah lama merasa ibukota memang sudah harus dipindah bahkan harusnya sejak lama,beras penting ikn juga penting sy saja yang bukan warga jakarta sudah lama merasa ibukota memang sudah harus dipindah bahkan harusnya sejak lama,beras ikn sy warga jakarta ibukota dipindah,beras ikn sy warga jakarta ibukota pindah,Netral
@nihaqus Emang sebenernya pindah ibukota ke luar Jawa bukan keputusan yang salah. Tapi proses pembangunannya yang kontroversif.,emang sebenernya pindah ibukota ke luar jawa bukan keputusan yang salah tapi proses pembangunannya yang kontroversif,emang sebenernya pindah ibukota ke luar jawa bukan keputusan yang salah tapi proses pembangunannya yang kontroversif,memang sebenernya pindah ibukota ke luar jawa bukan keputusan yang salah tapi proses pembangunannya yang kontroversif,sebenernya pindah ibukota jawa keputusan salah proses pembangunannya kontroversif,sebenernya pindah ibukota jawa putus salah proses bangun kontroversif,Negatif
@WongNdeso_____ Bener kaaan Iya? mas ku mau halan? muterin Ibukota dl bentar lagi pindah IKN,bener kaaan iya mas ku mau halan muterin ibukota dl bentar lagi pindah ikn,bener kaaan iya mas ku mau halan muterin ibukota dl bentar lagi pindah ikn,benar kaaan iya kakak ku mau halan muterin ibukota dl bentar lagi pindah ikn,kaaan iya kakak ku halan muterin ibukota dl bentar pindah ikn,kaaan iya kakak ku hal muterin ibukota dl bentar pindah ikn,Netral
@AnneLaurel9 @sociotalker Kalo MRT atau LRT karena permintaan ada dan kajiannya udah dari dulu nggak ujug-ujug. Lah kereta cepat tapi mau pindah ibukota . Kereta cepat kan ngehubungin titik-titik yang padat penduduk.,kalo mrt atau lrt karena permintaan ada dan kajiannya udah dari dulu nggak ujugujug lah kereta cepat tapi mau pindah ibukota kereta cepat kan ngehubungin titiktitik yang padat penduduk,kalo mrt atau lrt karena permintaan ada dan kajiannya udah dari dulu nggak ujugujug lah kereta cepat tapi mau pindah ibukota kereta cepat kan ngehubungin titiktitik yang padat penduduk,kalau mrt atau lrt karena permintaan ada dan kajiannya sudah dari dulu tidak ujugujug lah kereta cepat tapi mau pindah ibukota kereta cepat kan ngehubungin titiktitik yang padat penduduk,mrt lrt permintaan kajiannya ujugujug kereta cepat pindah ibukota kereta cepat ngehubungin titiktitik padat penduduk,mrt lrt minta kaji ujugujug kereta cepat pindah ibukota kereta cepat ngehubungin titiktitik padat duduk,Netral
Jangan2 itu tujuannya pindah IKN biar bisa punya ibukota yang terlihat bersih dan mewah,jangan itu tujuannya pindah ikn biar bisa punya ibukota yang terlihat bersih dan mewah,jangan itu tujuannya pindah ikn biar bisa punya ibukota yang terlihat bersih dan mewah,jangan itu tujuannya pindah ikn biar bisa punya ibukota yang terlihat bersih dan mewah,tujuannya pindah ikn biar ibukota bersih mewah,tuju pindah ikn biar ibukota bersih mewah,Positif
@txtdrjkt udah diatur harusnya keluar kepres ibukota pindah ke IKN paling lama 2 tahun dari UU kmren. tapi tau sendiri lokasi belum siap. terkesan tak terencana sih.,udah diatur harusnya keluar kepres ibukota pindah ke ikn paling lama tahun dari uu kmren tapi tau sendiri lokasi belum siap terkesan tak terencana sih,udah diatur harusnya keluar kepres ibukota pindah ke ikn paling lama tahun dari uu kmren tapi tau sendiri lokasi belum siap terkesan tak terencana sih,sudah diatur harusnya keluar kepres ibukota pindah ke ikn paling lama tahun dari uu kmren tapi tau sendiri lokasi belum siap terkesan tidak terencana sih,diatur kepres ibukota pindah ikn uu kmren tau lokasi terkesan terencana,atur pres ibukota pindah ikn uu kmren tau lokasi kes rencana,Netral
@palingteguh @sociotalker Kalo saya menolak pindah ke kota yang dari 0. Banyak kok yang bisa dijadikan ibukota misal Palangkaraya Pontianak Medan... Itu jika alasan harus ke luar jawa. Kalo mau cari yang masih lahan luas pilihan di Kalimantan dan Sumatera,kalo saya menolak pindah ke kota yang dari banyak kok yang bisa dijadikan ibukota misal palangkaraya pontianak medan itu jika alasan harus ke luar jawa kalo mau cari yang masih lahan luas pilihan di kalimantan dan sumatera,kalo saya menolak pindah ke kota yang dari banyak kok yang bisa dijadikan ibukota misal palangkaraya pontianak medan itu jika alasan harus ke luar jawa kalo mau cari yang masih lahan luas pilihan di kalimantan dan sumatera,kalau aku menolak pindah ke kota yang dari banyak kok yang bisa dijadikan ibukota misal palangkaraya pontianak medan itu jika alasan harus ke luar jawa kalau mau cari yang masih lahan luas pilihan di kalimantan dan sumatera,menolak pindah kota dijadikan ibukota palangkaraya pontianak medan alasan jawa cari lahan luas pilihan kalimantan sumatera,tolak pindah kota jadi ibukota palangkaraya pontianak medan alas jawa cari lahan luas pilih kalimantan sumatera,Negatif
Ibukota sudah Pindah Ke IKN Gua sebagai Warga HBD Mengucapkan BODO AMAT,ibukota sudah pindah ke ikn gua sebagai warga hbd mengucapkan bodo amat,ibukota sudah pindah ke ikn gua sebagai warga hbd mengucapkan bodo amat,ibukota sudah pindah ke ikn aku sebagai warga hbd mengucapkan bodoh sekali,ibukota pindah ikn warga hbd bodoh,ibukota pindah ikn warga hbd bodoh,Netral
@RadioElshinta macetnya woww saya stuck 1 Jam disini. Bener2 wow bangett Arah Priok di depan mall artha Gading kayanya macet nya puanjangg bangettt apakah ibukota pindah menjadi solusi? https://t.co/6xDIwKpwe4,macetnya woww saya stuck jam disini bener wow bangett arah priok di depan mall artha gading kayanya macet nya puanjangg bangettt apakah ibukota pindah menjadi solusi,macetnya woww saya stuck jam disini bener wow bangett arah priok di depan mall artha gading kayanya macet nya puanjangg bangettt apakah ibukota pindah menjadi solusi,macetnya woww aku stuck jam disini benar wow sekali arah priok di depan mall artha gading seperti macet nya puanjangg sekali apakah ibukota pindah menjadi solusi,macetnya woww stuck jam wow arah priok mall artha gading macet nya puanjangg ibukota pindah solusi,macet woww stuck jam wow arah priok mall artha gading macet nya puanjangg ibukota pindah solusi,Netral
@txtdrjkt Awalnya g terima Ibukota pindah tapi setelah melihat tembok laut jkt baru sadar memang jkt sdh tenggelam kalau tdk ada tembok itu,awalnya g terima ibukota pindah tapi setelah melihat tembok laut jkt baru sadar memang jkt sdh tenggelam kalau tdk ada tembok itu,awalnya g terima ibukota pindah tapi setelah melihat tembok laut jkt baru sadar memang jkt sdh tenggelam kalau tdk ada tembok itu,awalnya tidak terima ibukota pindah tapi setelah melihat tembok laut jakarta baru sadar memang jakarta sudah tenggelam kalau tidak ada tembok itu,terima ibukota pindah tembok laut jakarta sadar jakarta tenggelam tembok,terima ibukota pindah tembok laut jakarta sadar jakarta tenggelam tembok,Netral
Pemerintah terus lakukan reforestasi di Ibukota Negara Nusantara tuk sukseskan Green forest City. Untuk mewujudkannya pemerintah menyiapkan 15 hingga 25 juta bibit pohon untuk reforestasi kawasan hutan. Menag Nyesek Perempuan Malaysia Semalam Manchester United Rusak Goblok https://t.co/f1uOhgsFKY,pemerintah terus lakukan reforestasi di ibukota negara nusantara tuk sukseskan green forest city untuk mewujudkannya pemerintah menyiapkan hingga juta bibit pohon untuk reforestasi kawasan hutan menag nyesek perempuan malaysia semalam manchester united rusak goblok,pemerintah terus lakukan reforestasi di ibukota negara nusantara tuk sukseskan green forest city untuk mewujudkannya pemerintah menyiapkan hingga juta bibit pohon untuk reforestasi kawasan hutan menag nyesek perempuan malaysia semalam manchester united rusak goblok,pemerintah terus lakukan reforestasi di ibukota negara nusantara tuk sukseskan green forest city untuk mewujudkannya pemerintah menyiapkan hingga juta bibit pohon untuk reforestasi kawasan hutan menag nyesek perempuan malaysia semalam manchester united rusak goblok,pemerintah lakukan reforestasi ibukota negara nusantara tuk sukseskan green forest city mewujudkannya pemerintah juta bibit pohon reforestasi kawasan hutan menag nyesek perempuan malaysia semalam manchester united rusak goblok,perintah laku reforestasi ibukota negara nusantara tuk sukses green forest city wujud perintah juta bibit pohon reforestasi kawasan hutan menag nyesek perempuan malaysia malam manchester united rusak goblok,Negatif
@ptrrhmnd @yteeam intinya jawa barat kebanyakn pendatang...dari segala daerah masuk ke jabar dan akhirnya jadi padat penduduk......maknya ane setuju ibukota di pindah ke kalimantan...biar jadi tujuan pendatang mencari kerja...,intinya jawa barat kebanyakn pendatangdari segala daerah masuk ke jabar dan akhirnya jadi padat pendudukmaknya ane setuju ibukota di pindah ke kalimantanbiar jadi tujuan pendatang mencari kerja,intinya jawa barat kebanyakn pendatangdari segala daerah masuk ke jabar dan akhirnya jadi padat pendudukmaknya ane setuju ibukota di pindah ke kalimantanbiar jadi tujuan pendatang mencari kerja,intinya jawa barat kebanyakn pendatangdari segala daerah masuk ke jabar dan akhirnya jadi padat pendudukmaknya ane setuju ibukota di pindah ke kalimantanbiar jadi tujuan pendatang mencari kerja,intinya jawa barat kebanyakn pendatangdari daerah masuk jabar padat pendudukmaknya ane setuju ibukota pindah kalimantanbiar tujuan pendatang mencari kerja,inti jawa barat kebanyakn pendatangdari daerah masuk jabar padat pendudukmaknya ane tuju ibukota pindah kalimantanbiar tuju datang cari kerja,Positif
Perlu dipertimbangkan oleh DPR RI DPRD DKI JABAR &amp; BANTEN untuk jadikan Wilayah Provinsi Metropolitan JAKARTA RAYA yg mencakup JAKARTA - BOGOR - DEPOK - TANGERANG &amp; TANGSEL - BEKASI agar lebih terpadu segala hal stlh Ibukota Negara pindah ke IKN. https://t.co/TMqsj3Hmhc,perlu dipertimbangkan oleh dpr ri dprd dki jabar amp banten untuk jadikan wilayah provinsi metropolitan jakarta raya yg mencakup jakarta bogor depok tangerang amp tangsel bekasi agar lebih terpadu segala hal stlh ibukota negara pindah ke ikn,perlu dipertimbangkan oleh dpr ri dprd dki jabar amp banten untuk jadikan wilayah provinsi metropolitan jakarta raya yg mencakup jakarta bogor depok tangerang amp tangsel bekasi agar lebih terpadu segala hal stlh ibukota negara pindah ke ikn,perlu dipertimbangkan oleh dpr ri dprd dki jabar sampai banten untuk jadikan wilayah provinsi metropolitan jakarta raya yang mencakup jakarta bogor depok tangerang sampai tangsel bekasi agar lebih terpadu segala hal stlh ibukota negara pindah ke ikn,dipertimbangkan dpr ri dprd dki jabar banten jadikan wilayah provinsi metropolitan jakarta raya mencakup jakarta bogor depok tangerang tangsel bekasi terpadu stlh ibukota negara pindah ikn,timbang dpr ri dprd dki jabar banten jadi wilayah provinsi metropolitan jakarta raya cakup jakarta bogor depok tangerang tangsel bekas padu stlh ibukota negara pindah ikn,Netral
Akhirnya Menginjakkan Kaki Lagi di Tanah Ibukota Mumpung Belum Pindah ke IKN. https://t.co/1mvtQtbKYp,akhirnya menginjakkan kaki lagi di tanah ibukota mumpung belum pindah ke ikn,akhirnya menginjakkan kaki lagi di tanah ibukota mumpung belum pindah ke ikn,akhirnya menginjakkan kaki lagi di tanah ibukota mumpung belum pindah ke ikn,menginjakkan kaki tanah ibukota mumpung pindah ikn,injak kaki tanah ibukota mumpung pindah ikn,Netral
@palingteguh @sociotalker dikasih opsi bangun 40 kota drpd bangun 1 kota dari nol malah banyak yg ok gas makan siang gratis aja. logikanya bangun 40 kota yg sudah ada dgn biaya total sama udah pasti lebih merata pbangunan. pindah ibukota &amp; pemerataan pbangunan jg gak hrs dlm satu project.,dikasih opsi bangun kota drpd bangun kota dari nol malah banyak yg ok gas makan siang gratis aja logikanya bangun kota yg sudah ada dgn biaya total sama udah pasti lebih merata pbangunan pindah ibukota amp pemerataan pbangunan jg gak hrs dlm satu project,dikasih opsi bangun kota drpd bangun kota dari nol malah banyak yg ok gas makan siang gratis aja logikanya bangun kota yg sudah ada dgn biaya total sama udah pasti lebih merata pbangunan pindah ibukota amp pemerataan pbangunan jg gak hrs dlm satu project,dikasih pilihan bangun kota daripada bangun kota dari nol malah banyak yang ok gas makan siang gratis saja logikanya bangun kota yang sudah ada dengan biaya total sama sudah pasti lebih merata pbangunan pindah ibukota sampai pemerataan pbangunan juga tidak harus dalam satu proyek,dikasih pilihan bangun kota bangun kota nol ok gas makan siang gratis logikanya bangun kota biaya total merata pbangunan pindah ibukota pemerataan pbangunan proyek,kasih pilih bangun kota bangun kota nol ok gas makan siang gratis logika bangun kota biaya total rata pbangunan pindah ibukota perata pbangunan proyek,Netral
@hanendra_s @andri_desmana @elisa_jkt Jpn duitnyapun byk kalau mau pindah ibukota gk perlu ngemis2 cari investor pula,jpn duitnyapun byk kalau mau pindah ibukota gk perlu ngemis cari investor pula,jpn duitnyapun byk kalau mau pindah ibukota gk perlu ngemis cari investor pula,jpn duitnyapun banyak kalau mau pindah ibukota tidak perlu ngemis cari investor pula,jpn duitnyapun pindah ibukota ngemis cari investor,jpn duit pindah ibukota ngemis cari investor,Netral
@firmts24 @PNS_Ababil Yaiya dong di jakarta terus kalo di daerah asal lalu mau menghubungkan apaan? Bahkan ketika ikn pindah nanti nisa jadi badan penghubung akan pindah ke ikn karna apa? Ya untuk menghubungkan ibukota dengan pemda,yaiya dong di jakarta terus kalo di daerah asal lalu mau menghubungkan apaan bahkan ketika ikn pindah nanti nisa jadi badan penghubung akan pindah ke ikn karna apa ya untuk menghubungkan ibukota dengan pemda,yaiya dong di jakarta terus kalo di daerah asal lalu mau menghubungkan apaan bahkan ketika ikn pindah nanti nisa jadi badan penghubung akan pindah ke ikn karna apa ya untuk menghubungkan ibukota dengan pemda,yaiya dong di jakarta terus kalau di daerah asal lalu mau menghubungkan apaan bahkan ketika ikn pindah nanti nisa jadi badan penghubung akan pindah ke ikn karena apa ya untuk menghubungkan ibukota dengan pemda,yaiya jakarta daerah menghubungkan ikn pindah nisa badan penghubung pindah ikn menghubungkan ibukota pemda,yaiya jakarta daerah hubung ikn pindah nisa badan hubung pindah ikn hubung ibukota pemda,Netral
@Miduk17 Semoga sesegera mungkin ibukota pindah ke IKN,semoga sesegera mungkin ibukota pindah ke ikn,semoga sesegera mungkin ibukota pindah ke ikn,semoga sesegera mungkin ibukota pindah ke ikn,semoga ibukota pindah ikn,moga ibukota pindah ikn,Positif
Ibukota tahun ini bakal pindah Ibu aku dan Ibu kamu kapan jadi besan?,ibukota tahun ini bakal pindah ibu aku dan ibu kamu kapan jadi besan,ibukota tahun ini bakal pindah ibu aku dan ibu kamu kapan jadi besan,ibukota tahun ini akan pindah ibu aku dan ibu kamu kapan jadi besan,ibukota pindah besan,ibukota pindah besan,Netral
masih DKI Jkt belom Kabupaten jangan di pelintir dunk bajer hipokrid ada ketentuan peralihan dlm UU IKN di Pasal 39. berdasarkan Pasal 39 UU IKN DKI Jkt tetap ibukota negara sampe dgn terbidnya keppres pemindahan IKN ke Nusantara kata Dini kpd wartawan https://t.co/IB3guUkiBB,masih dki jkt belom kabupaten jangan di pelintir dunk bajer hipokrid ada ketentuan peralihan dlm uu ikn di pasal berdasarkan pasal uu ikn dki jkt tetap ibukota negara sampe dgn terbidnya keppres pemindahan ikn ke nusantara kata dini kpd wartawan,masih dki jkt belom kabupaten jangan di pelintir dunk bajer hipokrid ada ketentuan peralihan dlm uu ikn di pasal berdasarkan pasal uu ikn dki jkt tetap ibukota negara sampe dgn terbidnya keppres pemindahan ikn ke nusantara kata dini kpd wartawan,masih dki jakarta belum kabupaten jangan di pelintir dunk bajer hipokrid ada ketentuan peralihan dalam uu ikn di pasal berdasarkan pasal uu ikn dki jakarta tetap ibukota negara sampai dengan terbidnya keppres pemindahan ikn ke nusantara kata dini kepada wartawan,dki jakarta kabupaten pelintir dunk bajer hipokrid ketentuan peralihan uu ikn pasal berdasarkan pasal uu ikn dki jakarta ibukota negara terbidnya keppres pemindahan ikn nusantara wartawan,dki jakarta kabupaten pelintir dunk bajer hipokrid tentu alih uu ikn pasal dasar pasal uu ikn dki jakarta ibukota negara terbidnya keppres pindah ikn nusantara wartawan,Netral
@VIVAcoid Biasanya ibu tere min Soalnya ibu tere lebih kejam drpd ibukota nusantara.,biasanya ibu tere min soalnya ibu tere lebih kejam drpd ibukota nusantara,biasanya ibu tere min soalnya ibu tere lebih kejam drpd ibukota nusantara,biasanya ibu tere admin soalnya ibu tere lebih kejam daripada ibukota nusantara,tere admin tere kejam ibukota nusantara,tere admin tere kejam ibukota nusantara,Negatif
Yg mau dipindah itu ibukota. istana dan isi2nya kementrian2 lembaga2 dan perangkat2nya. Juli udah ngotot mau pindah. Di tempat yg diidam2kan yg masih berupa camping ground. Ada bbrp spill rumah mentri tp kenapa di camping ground terus kalau emang udah jadi tuh tempat.,yg mau dipindah itu ibukota istana dan isinya kementrian lembaga dan perangkatnya juli udah ngotot mau pindah di tempat yg diidamkan yg masih berupa camping ground ada bbrp spill rumah mentri tp kenapa di camping ground terus kalau emang udah jadi tuh tempat,yg mau dipindah itu ibukota istana dan isinya kementrian lembaga dan perangkatnya juli udah ngotot mau pindah di tempat yg diidamkan yg masih berupa camping ground ada bbrp spill rumah mentri tp kenapa di camping ground terus kalau emang udah jadi tuh tempat,yang mau dipindah itu ibukota istana dan isinya kementrian lembaga dan perangkatnya juli sudah ngotot mau pindah di tempat yang diidamkan yang masih berupa kemah ground ada beberapa spill rumah mentri tapi kenapa di kemah ground terus kalau memang sudah jadi itu tempat,dipindah ibukota istana isinya kementrian lembaga perangkatnya juli ngotot pindah diidamkan kemah ground spill rumah mentri kemah ground,pindah ibukota istana isi tri lembaga perangkat juli ngotot pindah idam kemah ground spill rumah tri kemah ground,Netral
Kmrn baca berita yg status DKI sbg ibukota habis 15 Feb 24. Keppres terkait belom ada tanda2 Adanya stafsus yg berstatement. Heran ya ngotot bgt Gak mikir masa pindahan itu butuh waktu. Di swasta pindah perusahaan handover sebulan. Itu org personal. Udah ada tempat pindah,kmrn baca berita yg status dki sbg ibukota habis feb keppres terkait belom ada tanda adanya stafsus yg berstatement heran ya ngotot bgt gak mikir masa pindahan itu butuh waktu di swasta pindah perusahaan handover sebulan itu org personal udah ada tempat pindah,kmrn baca berita yg status dki sbg ibukota habis feb keppres terkait belom ada tanda adanya stafsus yg berstatement heran ya ngotot bgt gak mikir masa pindahan itu butuh waktu di swasta pindah perusahaan handover sebulan itu org personal udah ada tempat pindah,kemarin baca berita yang status dki sebagai ibukota habis feb keppres terkait belum ada tanda adanya stafsus yang berstatement heran ya ngotot sekali tidak mikir masa pindahan itu butuh waktu di swasta pindah perusahaan handover sebulan itu orang pribadi sudah ada tempat pindah,kemarin baca berita status dki ibukota habis feb keppres terkait tanda stafsus berstatement heran ngotot mikir pindahan butuh swasta pindah perusahaan handover sebulan orang pribadi pindah,kemarin baca berita status dki ibukota habis feb keppres kait tanda stafsus berstatement heran ngotot mikir pindah butuh swasta pindah usaha handover bulan orang pribadi pindah,Netral
Melangkah ke Jantung Minangkabau: Memahami Ibukota Sumatera Barat https://t.co/wwEtmUFgnF,melangkah ke jantung minangkabau memahami ibukota sumatera barat,melangkah ke jantung minangkabau memahami ibukota sumatera barat,melangkah ke jantung minangkabau memahami ibukota sumatera barat,melangkah jantung minangkabau memahami ibukota sumatera barat,lang jantung minangkabau paham ibukota sumatera barat,Netral
Staf Khusus Presiden Bidang Hukum Dini Purwono menegaskan bahwa DKI Jakarta tetap berstatus sebagai ibu kota negara RI sampai Jokowi terbitkan keppres pemindahan ibu kota negara ke Nusantara. ~N #Jakarta #IbuKota https://t.co/8YFDOeForw,staf khusus presiden bidang hukum dini purwono menegaskan bahwa dki jakarta tetap berstatus sebagai ibu kota negara ri sampai jokowi terbitkan keppres pemindahan ibu kota negara ke nusantara n,staf khusus presiden bidang hukum dini purwono menegaskan bahwa dki jakarta tetap berstatus sebagai ibu kota negara ri sampai jokowi terbitkan keppres pemindahan ibu kota negara ke nusantara n,staf khusus presiden bidang hukum dini purwono menegaskan bahwa dki jakarta tetap berstatus sebagai ibu kota negara ri sampai jokowi terbitkan keppres pemindahan ibu kota negara ke nusantara n,staf khusus presiden bidang hukum purwono dki jakarta berstatus kota negara ri jokowi terbitkan keppres pemindahan kota negara nusantara n,staf khusus presiden bidang hukum purwono dki jakarta status kota negara ri jokowi terbit keppres pindah kota negara nusantara n,Netral
@hellosigit Yep kalau Jakarta ... Harusnya debat soal Jakarta sudah selesai waktu Pilpres 2024 kemarin kan udah dibersihkan dengan angka 24 persen banding 58 persen. Kenapa kita harus pindah ke Ibukota Nusantara? Kenapa pembangunan harus Indonesia-sentris? Kenapa Solo dibagusin?,yep kalau jakarta harusnya debat soal jakarta sudah selesai waktu pilpres kemarin kan udah dibersihkan dengan angka persen banding persen kenapa kita harus pindah ke ibukota nusantara kenapa pembangunan harus indonesiasentris kenapa solo dibagusin,yep kalau jakarta harusnya debat soal jakarta sudah selesai waktu pilpres kemarin kan udah dibersihkan dengan angka persen banding persen kenapa kita harus pindah ke ibukota nusantara kenapa pembangunan harus indonesiasentris kenapa solo dibagusin,yep kalau jakarta harusnya debat soal jakarta sudah selesai waktu pilpres kemarin kan sudah dibersihkan dengan angka persen banding persen kenapa kita harus pindah ke ibukota nusantara kenapa pembangunan harus indonesiasentris kenapa solo dibagusin,yep jakarta debat jakarta selesai pilpres kemarin dibersihkan angka persen banding persen pindah ibukota nusantara pembangunan indonesiasentris solo dibagusin,yep jakarta debat jakarta selesai pilpres kemarin bersih angka persen banding persen pindah ibukota nusantara bangun indonesiasentris solo dibagusin,Netral
@nomore658337054 @MichelAdam7__ Lha emg singkatan IKN kan Ibukota Komunis Nusantara,lha emg singkatan ikn kan ibukota komunis nusantara,lha emg singkatan ikn kan ibukota komunis nusantara,lha memang singkatan ikn kan ibukota komunis nusantara,lha singkatan ikn ibukota komunis nusantara,lha singkat ikn ibukota komunis nusantara,Netral
anak kalimantan ke anak jakarta setelah ibukota pindah: loh di jakarta ada mall dan jalan tol ku kira laut doang karena tenggelam,anak kalimantan ke anak jakarta setelah ibukota pindah loh di jakarta ada mall dan jalan tol ku kira laut doang karena tenggelam,anak kalimantan ke anak jakarta setelah ibukota pindah loh di jakarta ada mall dan jalan tol ku kira laut doang karena tenggelam,anak kalimantan ke anak jakarta setelah ibukota pindah loh di jakarta ada mall dan jalan tol ku kira laut doang karena tenggelam,anak kalimantan anak jakarta ibukota pindah jakarta mall jalan tol ku laut doang tenggelam,anak kalimantan anak jakarta ibukota pindah jakarta mall jalan tol ku laut doang tenggelam,Netral
Ibukota nya pindah ke Dungus Cariang.,ibukota nya pindah ke dungus cariang,ibukota nya pindah ke dungus cariang,ibukota nya pindah ke dungus cariang,ibukota nya pindah dungus cariang,ibukota nya pindah dungus cariang,Netral
@ategeo @srhnns @palingteguh @sociotalker banyak masyarakat yg punya rumah di tanah pertamina dari tahun 70an jgn gratis juga gan kasihan mama dan mbah ku mungkin kalo dibangunkan apartemen atau rumah pengganti masyarakat mau pindah terus masih banyak PR nya balikpapan utk jadi ibukota salah satu nya krisis air.,banyak masyarakat yg punya rumah di tanah pertamina dari tahun an jgn gratis juga gan kasihan mama dan mbah ku mungkin kalo dibangunkan apartemen atau rumah pengganti masyarakat mau pindah terus masih banyak pr nya balikpapan utk jadi ibukota salah satu nya krisis air,banyak masyarakat yg punya rumah di tanah pertamina dari tahun an jgn gratis juga gan kasihan mama dan mbah ku mungkin kalo dibangunkan apartemen atau rumah pengganti masyarakat mau pindah terus masih banyak pr nya balikpapan utk jadi ibukota salah satu nya krisis air,banyak masyarakat yang punya rumah di tanah pertamina dari tahun an jangan gratis juga gan kasihan ibu dan mbah ku mungkin kalau dibangunkan apartemen atau rumah pengganti masyarakat mau pindah terus masih banyak tugas nya balikpapan untuk jadi ibukota salah satu nya krisis air,masyarakat rumah tanah pertamina an gratis gan kasihan mbah ku dibangunkan apartemen rumah pengganti masyarakat pindah tugas nya balikpapan ibukota salah nya krisis air,masyarakat rumah tanah pertamina an gratis gan kasihan mbah ku bangun apartemen rumah ganti masyarakat pindah tugas nya balikpapan ibukota salah nya krisis air,Negatif
Tapi begitu diajak Pindah Ibukota pada marah2 ... Ahh koplak Perubahan menuju Kehancuran namanya iya nggak? #Indonesia,tapi begitu diajak pindah ibukota pada marah ahh koplak perubahan menuju kehancuran namanya iya nggak,tapi begitu diajak pindah ibukota pada marah ahh koplak perubahan menuju kehancuran namanya iya nggak,tapi begitu diajak pindah ibukota pada marah ahh koplak perubahan menuju kehancuran namanya iya tidak,diajak pindah ibukota marah koplak perubahan kehancuran namanya iya,ajak pindah ibukota marah koplak ubah hancur nama iya,Negatif
@VIVAcoid Yang bener?? Bilang aja lu korupsi ru. Pantang semangat warga Heru. Ibukota pindah Jakarta auto terbelakang klo dipegang nih orang.,yang bener bilang aja lu korupsi ru pantang semangat warga heru ibukota pindah jakarta auto terbelakang klo dipegang nih orang,yang bener bilang aja lu korupsi ru pantang semangat warga heru ibukota pindah jakarta auto terbelakang klo dipegang nih orang,yang benar bilang saja lu korupsi ru pantang semangat warga heru ibukota pindah jakarta auto terbelakang kalau dipegang ini orang,bilang lu korupsi ru pantang semangat warga heru ibukota pindah jakarta auto terbelakang dipegang orang,bilang lu korupsi ru pantang semangat warga heru ibukota pindah jakarta auto belakang pegang orang,Negatif
@tvOneNews Maka bagi yg suka khilaf_ah segera cuci otaknya dan tanamkan di benakmu bahwa Ibukota NKRI sejak tgl 15 Pebruari 2024 tlh resmi dan sah berada di penajam Paser Utara. Dan ibukota tersebut dinamai NUSANTARA berdasarkan UU no. 3 thn 2022.,maka bagi yg suka khilafah segera cuci otaknya dan tanamkan di benakmu bahwa ibukota nkri sejak tgl pebruari tlh resmi dan sah berada di penajam paser utara dan ibukota tersebut dinamai nusantara berdasarkan uu no thn,maka bagi yg suka khilafah segera cuci otaknya dan tanamkan di benakmu bahwa ibukota nkri sejak tgl pebruari tlh resmi dan sah berada di penajam paser utara dan ibukota tersebut dinamai nusantara berdasarkan uu no thn,maka bagi yang suka khilafah segera cuci otaknya dan tanamkan di benakmu bahwa ibukota nkri sejak tanggal pebruari tlh resmi dan sah berada di penajam paser utara dan ibukota tersebut dinamai nusantara berdasarkan uu no thn,suka khilafah cuci otaknya tanamkan benakmu ibukota nkri tanggal pebruari tlh resmi sah penajam paser utara ibukota dinamai nusantara berdasarkan uu no thn,suka khilafah cuci otak tanam benak ibukota nkri tanggal pebruari tlh resmi sah najam paser utara ibukota nama nusantara dasar uu no thn,Positif
ibukota pindah tapi heru budi tetap https://t.co/C9CgS4cjDT,ibukota pindah tapi heru budi tetap,ibukota pindah tapi heru budi tetap,ibukota pindah tapi heru budi tetap,ibukota pindah heru budi,ibukota pindah heru budi,Netral
ini gue doang keknya deh yg gasuka ibukota pindah ke ikn. kek jkt tu udh cocok jd ibukota gt ngapain harus pindah ibukota segala si,ini gue doang keknya deh yg gasuka ibukota pindah ke ikn kek jkt tu udh cocok jd ibukota gt ngapain harus pindah ibukota segala si,ini gue doang keknya deh yg gasuka ibukota pindah ke ikn kek jkt tu udh cocok jd ibukota gt ngapain harus pindah ibukota segala si,ini aku doang keknya deh yang gasuka ibukota pindah ke ikn seperti jakarta itu sudah cocok jadi ibukota gitu apa harus pindah ibukota segala si,doang keknya deh gasuka ibukota pindah ikn jakarta cocok ibukota gitu pindah ibukota si,doang kek deh gasuka ibukota pindah ikn jakarta cocok ibukota gitu pindah ibukota si,Netral
@elisa_jkt Bukannya pindah ibukota ke IKN akan membantu memperlambat penurunan tanah di Jakarta? Asumsinya kalo ibukota pindah maka akan ada ratusan ribu orang yg pindah juga dari Jakarta sehingga bakal mengurangi ekploitasi air tanah,bukannya pindah ibukota ke ikn akan membantu memperlambat penurunan tanah di jakarta asumsinya kalo ibukota pindah maka akan ada ratusan ribu orang yg pindah juga dari jakarta sehingga bakal mengurangi ekploitasi air tanah,bukannya pindah ibukota ke ikn akan membantu memperlambat penurunan tanah di jakarta asumsinya kalo ibukota pindah maka akan ada ratusan ribu orang yg pindah juga dari jakarta sehingga bakal mengurangi ekploitasi air tanah,bukannya pindah ibukota ke ikn akan membantu memperlambat penurunan tanah di jakarta asumsinya kalau ibukota pindah maka akan ada ratusan ribu orang yang pindah juga dari jakarta sehingga akan mengurangi ekploitasi air tanah,pindah ibukota ikn membantu memperlambat penurunan tanah jakarta asumsinya ibukota pindah ratusan ribu orang pindah jakarta mengurangi ekploitasi air tanah,pindah ibukota ikn bantu lambat turun tanah jakarta asumsi ibukota pindah ratus ribu orang pindah jakarta kurang ekploitasi air tanah,Netral
Pemerintah telah memutuskan perpindahan ibu kota baru dan Nusantara sebagai ibukota negara (IKN) baru Indonesia. Beberapa negara pernah melakukan perpindaan ibu kota negara untuk kebaikan. Memang banyak yang berhasil tetapi tak sedikit juga yang gagal. #IbuKotaBaru #NusantaraTv https://t.co/oaQx0Um8jO,pemerintah telah memutuskan perpindahan ibu kota baru dan nusantara sebagai ibukota negara ikn baru indonesia beberapa negara pernah melakukan perpindaan ibu kota negara untuk kebaikan memang banyak yang berhasil tetapi tak sedikit juga yang gagal,pemerintah telah memutuskan perpindahan ibu kota baru dan nusantara sebagai ibukota negara ikn baru indonesia beberapa negara pernah melakukan perpindaan ibu kota negara untuk kebaikan memang banyak yang berhasil tetapi tak sedikit juga yang gagal,pemerintah telah memutuskan perpindahan ibu kota baru dan nusantara sebagai ibukota negara ikn baru indonesia beberapa negara pernah melakukan perpindaan ibu kota negara untuk kebaikan memang banyak yang berhasil tetapi tidak sedikit juga yang gagal,pemerintah memutuskan perpindahan kota nusantara ibukota negara ikn indonesia negara perpindaan kota negara kebaikan berhasil gagal,perintah putus pindah kota nusantara ibukota negara ikn indonesia negara pinda kota negara baik hasil gagal,Positif
@CNNIndonesia Tanda2 indonesia bubar. Jika ibukota di pindah. Jika di pindahan maka bisa cepat dibtakluki oleh yg punya idiologi pki. Maka pancasika akan di rubah.,tanda indonesia bubar jika ibukota di pindah jika di pindahan maka bisa cepat dibtakluki oleh yg punya idiologi pki maka pancasika akan di rubah,tanda indonesia bubar jika ibukota di pindah jika di pindahan maka bisa cepat dibtakluki oleh yg punya idiologi pki maka pancasika akan di rubah,tanda indonesia bubar jika ibukota di pindah jika di pindahan maka bisa cepat dibtakluki oleh yang punya idiologi pki maka pancasika akan di rubah,tanda indonesia bubar ibukota pindah pindahan cepat dibtakluki idiologi pki pancasika rubah,tanda indonesia bubar ibukota pindah pindah cepat dibtakluki idiologi pki pancasika rubah,Netral
@anasurbaningrum Ini yg buat UU-nya terburu2 shg tak memuat klausul exit strategy dalam hal pembangunan ibukota baru belum selesai (seperti yang terjadi sekarang). Atau pak Jkw &amp; menteri mau pindah? Insya Allah rakyat dg senang hati mempersilakan..,ini yg buat uunya terburu shg tak memuat klausul exit strategy dalam hal pembangunan ibukota baru belum selesai seperti yang terjadi sekarang atau pak jkw amp menteri mau pindah insya allah rakyat dg senang hati mempersilakan,ini yg buat uunya terburu shg tak memuat klausul exit strategy dalam hal pembangunan ibukota baru belum selesai seperti yang terjadi sekarang atau pak jkw amp menteri mau pindah insya allah rakyat dg senang hati mempersilakan,ini yang buat uunya terburu shg tidak memuat klausul exit strategy dalam hal pembangunan ibukota baru belum selesai seperti yang terjadi sekarang atau bapak jokowi sampai menteri mau pindah insya allah rakyat dengan senang hati mempersilakan,uunya terburu shg memuat klausul exit strategy pembangunan ibukota selesai jokowi menteri pindah insya allah rakyat senang hati mempersilakan,uunya buru shg muat klausul exit strategy bangun ibukota selesai jokowi menteri pindah insya allah rakyat senang hati sila,Positif
@SoeTjenMarching Ibukota sementara nusantara yg belum jadi,ibukota sementara nusantara yg belum jadi,ibukota sementara nusantara yg belum jadi,ibukota sementara nusantara yang belum jadi,ibukota nusantara,ibukota nusantara,Netral
Ngebet banget pemerintah mau jadiin Nusantara jadi ibukota. Kotanya aja belum jadi. Apanya yg mau dikejar? Kejar siapa yg potong pita dan biar namanya tertulis di sejarah??,ngebet banget pemerintah mau jadiin nusantara jadi ibukota kotanya aja belum jadi apanya yg mau dikejar kejar siapa yg potong pita dan biar namanya tertulis di sejarah,ngebet banget pemerintah mau jadiin nusantara jadi ibukota kotanya aja belum jadi apanya yg mau dikejar kejar siapa yg potong pita dan biar namanya tertulis di sejarah,ngebet sekali pemerintah mau jadiin nusantara jadi ibukota kotanya saja belum jadi apanya yang mau dikejar kejar siapa yang potong pita dan biar namanya tertulis di sejarah,ngebet pemerintah jadiin nusantara ibukota kotanya apanya dikejar kejar potong pita biar namanya tertulis sejarah,ngebet perintah jadiin nusantara ibukota kota apa kejar kejar potong pita biar nama tulis sejarah,Netral
@palingteguh @sociotalker Makanya pengen tau kajian nya sebenernya. Gue setuju aja kalo mau pindah ibukota. Tapi lebih baik di kota yang udah ada ga harus babat hutan dan ga terburu-buru. Dicicil aja. Bangun dulu infrastruktur kota di sekitarnya bangun transum yang memadai. Jangan kayak Jakarta lagi.,makanya pengen tau kajian nya sebenernya gue setuju aja kalo mau pindah ibukota tapi lebih baik di kota yang udah ada ga harus babat hutan dan ga terburuburu dicicil aja bangun dulu infrastruktur kota di sekitarnya bangun transum yang memadai jangan kayak jakarta lagi,makanya pengen tau kajian nya sebenernya gue setuju aja kalo mau pindah ibukota tapi lebih baik di kota yang udah ada ga harus babat hutan dan ga terburuburu dicicil aja bangun dulu infrastruktur kota di sekitarnya bangun transum yang memadai jangan kayak jakarta lagi,makanya ingin tau kajian nya sebenernya aku setuju saja kalau mau pindah ibukota tapi lebih baik di kota yang sudah ada tidak harus babat hutan dan tidak terburuburu dicicil saja bangun dulu infrastruktur kota di sekitarnya bangun transum yang memadai jangan seperti jakarta lagi,tau kajian nya sebenernya setuju pindah ibukota kota babat hutan terburuburu dicicil bangun infrastruktur kota bangun transum memadai jakarta,tau kaji nya sebenernya tuju pindah ibukota kota babat hutan terburuburu cicil bangun infrastruktur kota bangun transum pada jakarta,Positif
Dalam situasi seperti sekarang. Ibukota harus pindah ke Yogyakarta. Sampai ada keputusan MPR. Bukan di Australia,dalam situasi seperti sekarang ibukota harus pindah ke yogyakarta sampai ada keputusan mpr bukan di australia,dalam situasi seperti sekarang ibukota harus pindah ke yogyakarta sampai ada keputusan mpr bukan di australia,dalam situasi seperti sekarang ibukota harus pindah ke yogyakarta sampai ada keputusan mpr bukan di australia,situasi ibukota pindah yogyakarta keputusan mpr australia,situasi ibukota pindah yogyakarta putus mpr australia,Netral
@redicreta bukannya awalnya yg dipindah ibukota pemerintahan ya? yang dihapus nama DKI aja kan tapi sebagai ibukota negara gak berubah bukan sih? gue gapaham sama mereka. tapi real temen gue mati2an bela praroro karena kalau kalah ga jadi dia pindah ke IKN,bukannya awalnya yg dipindah ibukota pemerintahan ya yang dihapus nama dki aja kan tapi sebagai ibukota negara gak berubah bukan sih gue gapaham sama mereka tapi real temen gue matian bela praroro karena kalau kalah ga jadi dia pindah ke ikn,bukannya awalnya yg dipindah ibukota pemerintahan ya yang dihapus nama dki aja kan tapi sebagai ibukota negara gak berubah bukan sih gue gapaham sama mereka tapi real temen gue matian bela praroro karena kalau kalah ga jadi dia pindah ke ikn,bukannya awalnya yang dipindah ibukota pemerintahan ya yang dihapus nama dki saja kan tapi sebagai ibukota negara tidak berubah bukan sih aku gapaham sama mereka tapi nyata teman aku matian bela praroro karena kalau kalah tidak jadi dia pindah ke ikn,dipindah ibukota pemerintahan dihapus nama dki ibukota negara berubah gapaham nyata teman matian bela praroro kalah pindah ikn,pindah ibukota perintah hapus nama dki ibukota negara ubah gapaham nyata teman mati bela praroro kalah pindah ikn,Netral
Di UU ikn juga udah dijelasin kalau semua fungsi pemerintahan ibukota masih di Jakarta jika Keppres tentang pemindahan ibukota belum resmi dikeluarkan. Artinya harus nunggu presiden meresmikan kalau ibukota resmi pindah 100%. Ini aja masih tahap pembangunan belum pindah.,di uu ikn juga udah dijelasin kalau semua fungsi pemerintahan ibukota masih di jakarta jika keppres tentang pemindahan ibukota belum resmi dikeluarkan artinya harus nunggu presiden meresmikan kalau ibukota resmi pindah ini aja masih tahap pembangunan belum pindah,di uu ikn juga udah dijelasin kalau semua fungsi pemerintahan ibukota masih di jakarta jika keppres tentang pemindahan ibukota belum resmi dikeluarkan artinya harus nunggu presiden meresmikan kalau ibukota resmi pindah ini aja masih tahap pembangunan belum pindah,di uu ikn juga sudah dijelasin kalau semua fungsi pemerintahan ibukota masih di jakarta jika keppres tentang pemindahan ibukota belum resmi dikeluarkan artinya harus nunggu presiden meresmikan kalau ibukota resmi pindah ini saja masih tahap pembangunan belum pindah,uu ikn dijelasin fungsi pemerintahan ibukota jakarta keppres pemindahan ibukota resmi dikeluarkan nunggu presiden meresmikan ibukota resmi pindah tahap pembangunan pindah,uu ikn dijelasin fungsi perintah ibukota jakarta keppres pindah ibukota resmi keluar nunggu presiden resmi ibukota resmi pindah tahap bangun pindah,Netral
Dlm analisa awam rencana pemindahan Ibu Kota di tanggal 15 Feb 24 ini tak lbh dari sekedar Escape Route yg dipersiapkan unt menghadapi eskalasi politik pasca Pemilu. 14 Feb nyoblos esoknya ibukota pindah. Demo apapun takkan menjangkau IKN. Agak pinter saya kasih skor 11/100..,dlm analisa awam rencana pemindahan ibu kota di tanggal feb ini tak lbh dari sekedar escape route yg dipersiapkan unt menghadapi eskalasi politik pasca pemilu feb nyoblos esoknya ibukota pindah demo apapun takkan menjangkau ikn agak pinter saya kasih skor,dlm analisa awam rencana pemindahan ibu kota di tanggal feb ini tak lbh dari sekedar escape route yg dipersiapkan unt menghadapi eskalasi politik pasca pemilu feb nyoblos esoknya ibukota pindah demo apapun takkan menjangkau ikn agak pinter saya kasih skor,dalam analisa awam rencana pemindahan ibu kota di tanggal feb ini tidak lebih dari sekedar escape route yang dipersiapkan unt menghadapi eskalasi politik pasca pemilu feb nyoblos esoknya ibukota pindah demo apapun takkan menjangkau ikn agak pintar aku kasih skor,analisa awam rencana pemindahan kota tanggal feb sekedar escape route dipersiapkan unt menghadapi eskalasi politik pasca pemilu feb nyoblos esoknya ibukota pindah demo apapun takkan menjangkau ikn pintar kasih skor,analisa awam rencana pindah kota tanggal feb dar escape route siap unt hadap eskalasi politik pasca milu feb nyoblos esok ibukota pindah demo apa tak jangkau ikn pintar kasih skor,Netral
inituh becanda bjir kn kl ank jkrta sernh dibilang anak ibukota kl diluar jkt dibilang kabupaten krna ibukota pindah jd ank jkt jd ank kabupaten... masa iya harus dijelasin jokesnya..,inituh becanda bjir kn kl ank jkrta sernh dibilang anak ibukota kl diluar jkt dibilang kabupaten krna ibukota pindah jd ank jkt jd ank kabupaten masa iya harus dijelasin jokesnya,inituh becanda bjir kn kl ank jkrta sernh dibilang anak ibukota kl diluar jkt dibilang kabupaten krna ibukota pindah jd ank jkt jd ank kabupaten masa iya harus dijelasin jokesnya,inituh becanda bjir kn kalau ank jakarta sernh dibilang anak ibukota kalau diluar jakarta dibilang kabupaten karena ibukota pindah jadi ank jakarta jadi ank kabupaten masa iya harus dijelasin jokesnya,inituh becanda bjir kn ank jakarta sernh dibilang anak ibukota diluar jakarta dibilang kabupaten ibukota pindah ank jakarta ank kabupaten iya dijelasin jokesnya,inituh becanda bjir kn ank jakarta sernh bilang anak ibukota luar jakarta bilang kabupaten ibukota pindah ank jakarta ank kabupaten iya dijelasin jokesnya,Netral
@palingteguh @sociotalker Lebih setuju pindah ibukota ke kota yg sudah ada.. tidak terlalu memakan biaya besar g perlu nebang pohon ratusan hektar yg bisa merusak lingkungan,lebih setuju pindah ibukota ke kota yg sudah ada tidak terlalu memakan biaya besar g perlu nebang pohon ratusan hektar yg bisa merusak lingkungan,lebih setuju pindah ibukota ke kota yg sudah ada tidak terlalu memakan biaya besar g perlu nebang pohon ratusan hektar yg bisa merusak lingkungan,lebih setuju pindah ibukota ke kota yang sudah ada tidak terlalu memakan biaya besar tidak perlu nebang pohon ratusan hektar yang bisa merusak lingkungan,setuju pindah ibukota kota memakan biaya nebang pohon ratusan hektar merusak lingkungan,tuju pindah ibukota kota makan biaya nebang pohon ratus hektar rusak lingkung,Netral
Warga ibukota sudah dimanjakan dengan fasilitas jakarta dan disini belum ada. Jd jangan berharap lebih semua pindah ke ikn,warga ibukota sudah dimanjakan dengan fasilitas jakarta dan disini belum ada jd jangan berharap lebih semua pindah ke ikn,warga ibukota sudah dimanjakan dengan fasilitas jakarta dan disini belum ada jd jangan berharap lebih semua pindah ke ikn,warga ibukota sudah dimanjakan dengan fasilitas jakarta dan disini belum ada jadi jangan berharap lebih semua pindah ke ikn,warga ibukota dimanjakan fasilitas jakarta berharap pindah ikn,warga ibukota manja fasilitas jakarta harap pindah ikn,Netral
@palingteguh @sociotalker Sebenarnya pindah ibukota itu makse sense selama ga dari 0 di tengah hutan Kalimantan pula. Karena itu pasti jadi utopia. PIK versi birokrat.,sebenarnya pindah ibukota itu makse sense selama ga dari di tengah hutan kalimantan pula karena itu pasti jadi utopia pik versi birokrat,sebenarnya pindah ibukota itu makse sense selama ga dari di tengah hutan kalimantan pula karena itu pasti jadi utopia pik versi birokrat,sebenarnya pindah ibukota itu makse sense selama tidak dari di tengah hutan kalimantan pula karena itu pasti jadi utopia pik versi birokrat,pindah ibukota makse sense hutan kalimantan utopia pik versi birokrat,pindah ibukota makse sense hutan kalimantan utopia pik versi birokrat,Netral
@palingteguh @sociotalker gak percaya konsep pindah ibukota untuk pemerataan. APBD DKI itu mayoritasnya PAD semua dan tdk prioritas bagi DAK &amp; Dekon. Kalo alasannya banyak proyek BUMN ya itu cuma urusan kebijakan aja gak ada urusan status ibukotanya. Justru bangun di tempat 0 bikin butuh dana buat ibukota,gak percaya konsep pindah ibukota untuk pemerataan apbd dki itu mayoritasnya pad semua dan tdk prioritas bagi dak amp dekon kalo alasannya banyak proyek bumn ya itu cuma urusan kebijakan aja gak ada urusan status ibukotanya justru bangun di tempat bikin butuh dana buat ibukota,gak percaya konsep pindah ibukota untuk pemerataan apbd dki itu mayoritasnya pad semua dan tdk prioritas bagi dak amp dekon kalo alasannya banyak proyek bumn ya itu cuma urusan kebijakan aja gak ada urusan status ibukotanya justru bangun di tempat bikin butuh dana buat ibukota,tidak percaya konsep pindah ibukota untuk pemerataan apbd dki itu mayoritasnya pad semua dan tidak prioritas bagi dak sampai dekon kalau alasannya banyak proyek bumn ya itu hanya urusan kebijakan saja tidak ada urusan status ibukotanya justru bangun di tempat bikin butuh dana buat ibukota,percaya konsep pindah ibukota pemerataan apbd dki mayoritasnya pad prioritas dak dekon alasannya proyek bumn urusan kebijakan urusan status ibukotanya bangun bikin butuh dana ibukota,percaya konsep pindah ibukota perata apbd dki mayoritas pad prioritas dak dekon alas proyek bumn urus bijak urus status ibukotanya bangun bikin butuh dana ibukota,Netral
@Miduk17 Mang apa salah pindah ibukota?,mang apa salah pindah ibukota,mang apa salah pindah ibukota,mang apa salah pindah ibukota,mang salah pindah ibukota,mang salah pindah ibukota,Negatif
@HuseinShelly Bank DKJ bukan DKI lagi Jakarta bulan ibukota sudah pindah ke IKN,bank dkj bukan dki lagi jakarta bulan ibukota sudah pindah ke ikn,bank dkj bukan dki lagi jakarta bulan ibukota sudah pindah ke ikn,bank dkj bukan dki lagi jakarta bulan ibukota sudah pindah ke ikn,bank dkj dki jakarta ibukota pindah ikn,bank dkj dki jakarta ibukota pindah ikn,Netral
@Louis_chantika suruh pindah terus semua ke kalimantan kita tetap jakarta sebagai ibukota,suruh pindah terus semua ke kalimantan kita tetap jakarta sebagai ibukota,suruh pindah terus semua ke kalimantan kita tetap jakarta sebagai ibukota,suruh pindah terus semua ke kalimantan kita tetap jakarta sebagai ibukota,suruh pindah kalimantan jakarta ibukota,suruh pindah kalimantan jakarta ibukota,Netral
@JukiHoki Katanya sementara Ibukota pindah ke Babelan,katanya sementara ibukota pindah ke babelan,katanya sementara ibukota pindah ke babelan,katanya sementara ibukota pindah ke babelan,ibukota pindah babelan,ibukota pindah babelan,Netral
@707Anzyllo @tanyakanrl Yang berubah ibu kota cok bukan kota industri dan ekonomi mau ibukota pindah juga bakal tetep macet,yang berubah ibu kota cok bukan kota industri dan ekonomi mau ibukota pindah juga bakal tetep macet,yang berubah ibu kota cok bukan kota industri dan ekonomi mau ibukota pindah juga bakal tetep macet,yang berubah ibu kota jancuk bukan kota industri dan ekonomi mau ibukota pindah juga akan tetap macet,berubah kota jancuk kota industri ekonomi ibukota pindah macet,ubah kota jancuk kota industri ekonomi ibukota pindah macet,Negatif
PJ BUPATI ASWW! BISA BISANYA BIKIN PROGRAM SEKOLAH YANG SALAH SATU AGENDANYA ITU BAKSOS TAPI GAK NGASIH DANA??? SEMENTANG LU DARI JKT DAN IBUKOTA PINDAH KESINI LU ADAIN PROGRAM CUMA BUAT CAPER KE OWI????,pj bupati asww bisa bisanya bikin program sekolah yang salah satu agendanya itu baksos tapi gak ngasih dana sementang lu dari jkt dan ibukota pindah kesini lu adain program cuma buat caper ke owi,pj bupati asww bisa bisanya bikin program sekolah yang salah satu agendanya itu baksos tapi gak ngasih dana sementang lu dari jkt dan ibukota pindah kesini lu adain program cuma buat caper ke owi,pj bupati asww bisa bisanya bikin program sekolah yang salah satu agendanya itu baksos tapi tidak ngasih dana sementang lu dari jakarta dan ibukota pindah kesini lu adain program hanya buat cari perhatian ke owi,pj bupati asww bisanya bikin program sekolah salah agendanya baksos ngasih dana sementang lu jakarta ibukota pindah kesini lu adain program cari perhatian owi,pj bupati asww bisa bikin program sekolah salah agenda baksos ngasih dana sementang lu jakarta ibukota pindah kesini lu adain program cari perhati owi,Negatif
"Kasian sendernya baru pindah ke jkt. Tau tau baca fess bilang jkt udh ga ibukota.. pasti sakit hati ??,1765528067504783815""",kasian sendernya baru pindah ke jkt tau tau baca fess bilang jkt udh ga ibukota pasti sakit hati,kasian sendernya baru pindah ke jkt tau tau baca fess bilang jkt udh ga ibukota pasti sakit hati,kasihan sendernya baru pindah ke jakarta tau tau baca fess bilang jakarta sudah tidak ibukota pasti sakit hati,kasihan sendernya pindah jakarta tau tau baca fess bilang jakarta ibukota sakit hati,kasihan sender pindah jakarta tau tau baca fess bilang jakarta ibukota sakit hati,Netral
Regime memang penuh skenario dan rekayasa ya ? Gada hujan Gada angin tetiba status Jakarta sebagai ibukota negara dah habis. Padahal IKN juga belum jadi terserah klean suka2 urus negara moo ibukota pindah ke Majenang juga Monggo mawon. https://t.co/8rNWFIZKDu,regime memang penuh skenario dan rekayasa ya gada hujan gada angin tetiba status jakarta sebagai ibukota negara dah habis padahal ikn juga belum jadi terserah klean suka urus negara moo ibukota pindah ke majenang juga monggo mawon,regime memang penuh skenario dan rekayasa ya gada hujan gada angin tetiba status jakarta sebagai ibukota negara dah habis padahal ikn juga belum jadi terserah klean suka urus negara moo ibukota pindah ke majenang juga monggo mawon,regime memang penuh skenario dan rekayasa ya tidak ada hujan tidak ada angin tetiba status jakarta sebagai ibukota negara sudah habis padahal ikn juga belum jadi terserah kalian suka urus negara moo ibukota pindah ke majenang juga monggo mawon,regime penuh skenario rekayasa tidak ada hujan tidak ada angin tetiba status jakarta ibukota negara habis ikn terserah suka urus negara moo ibukota pindah majenang monggo mawon,regime penuh skenario rekayasa tidak ada hujan tidak ada angin tetiba status jakarta ibukota negara habis ikn serah suka urus negara moo ibukota pindah majenang monggo mawon,Positif
@txtbpn Salah satu alasan ibukota pindah nih. Aman disini nggak ada yg demo,salah satu alasan ibukota pindah nih aman disini nggak ada yg demo,salah satu alasan ibukota pindah nih aman disini nggak ada yg demo,salah satu alasan ibukota pindah ini aman disini tidak ada yang demo,salah alasan ibukota pindah aman demo,salah alas ibukota pindah aman demo,Netral
@JukiHoki Ya udah sii lawong kita ngga kena efek apa-apa jg.. ibukota pindah kita ttp masuk kerja biasa. yg dapet keuntungan elit lagi elit lagi,ya udah sii lawong kita ngga kena efek apaapa jg ibukota pindah kita ttp masuk kerja biasa yg dapet keuntungan elit lagi elit lagi,ya udah sii lawong kita ngga kena efek apaapa jg ibukota pindah kita ttp masuk kerja biasa yg dapet keuntungan elit lagi elit lagi,ya sudah sii lawong kita tidak kena efek apaapa juga ibukota pindah kita tetap masuk kerja biasa yang dapat keuntungan elit lagi elit lagi,sii lawong kena efek apaapa ibukota pindah masuk kerja keuntungan elit elit,sii lawong kena efek apaapa ibukota pindah masuk kerja untung elit elit,Positif
@anh_kiiaa Heru ini sedang membuat masyarakat perlahan melupakan jakarta karena ibukota akan pindah. Jadi kerjanya udah benar.,heru ini sedang membuat masyarakat perlahan melupakan jakarta karena ibukota akan pindah jadi kerjanya udah benar,heru ini sedang membuat masyarakat perlahan melupakan jakarta karena ibukota akan pindah jadi kerjanya udah benar,heru ini sedang membuat masyarakat perlahan melupakan jakarta karena ibukota akan pindah jadi kerjanya sudah benar,heru masyarakat perlahan melupakan jakarta ibukota pindah kerjanya,heru masyarakat perlahan lupa jakarta ibukota pindah kerja,Netral
@AdeDhani9 @unjsecret Solusi nya tunggu 5 tahun lagi pembaharuan regsosek oleh BPS sekalian tunggu makan siang mau demo juga percuma ibukota usah pindah ke IKN,solusi nya tunggu tahun lagi pembaharuan regsosek oleh bps sekalian tunggu makan siang mau demo juga percuma ibukota usah pindah ke ikn,solusi nya tunggu tahun lagi pembaharuan regsosek oleh bps sekalian tunggu makan siang mau demo juga percuma ibukota usah pindah ke ikn,solusi nya tunggu tahun lagi pembaharuan regsosek oleh bps sekalian tunggu makan siang mau demo juga percuma ibukota usah pindah ke ikn,solusi nya tunggu pembaharuan regsosek bps tunggu makan siang demo ibukota pindah ikn,solusi nya tunggu baharu regsosek bps tunggu makan siang demo ibukota pindah ikn,Positif
ibukota dh pindah ya,ibukota dh pindah ya,ibukota dh pindah ya,ibukota sudah pindah ya,ibukota pindah,ibukota pindah,Netral
@grizzlyblush Ohh emang kudu liat iklan bentar kalo mau pindah map oomfs baru narik sampai lampung abis ini otw ibukota,ohh emang kudu liat iklan bentar kalo mau pindah map oomfs baru narik sampai lampung abis ini otw ibukota,ohh emang kudu liat iklan bentar kalo mau pindah map oomfs baru narik sampai lampung abis ini otw ibukota,ohh memang harus lihat iklan bentar kalau mau pindah map oomfs baru narik sampai lampung habis ini otw ibukota,ohh lihat iklan bentar pindah map oomfs narik lampung habis otw ibukota,ohh lihat iklan bentar pindah map oomfs narik lampung habis otw ibukota,Netral
@democrazymedia Mencari alasan utk pindah ibukota,mencari alasan utk pindah ibukota,mencari alasan utk pindah ibukota,mencari alasan untuk pindah ibukota,mencari alasan pindah ibukota,cari alas pindah ibukota,Netral
Kocak sih bayangin klo ibukota pindah bukan Jakarta lg trus ditanya sm org pas ngerantau ke ibukota baru aslinya mana mba? Trus jwb dr Jakarta di saut lg oh dari kampung,kocak sih bayangin klo ibukota pindah bukan jakarta lg trus ditanya sm org pas ngerantau ke ibukota baru aslinya mana mba trus jwb dr jakarta di saut lg oh dari kampung,kocak sih bayangin klo ibukota pindah bukan jakarta lg trus ditanya sm org pas ngerantau ke ibukota baru aslinya mana mba trus jwb dr jakarta di saut lg oh dari kampung,kocak sih bayangin kalau ibukota pindah bukan jakarta lagi terus ditanya sama orang pas ngerantau ke ibukota baru aslinya mana kakak terus jawab dari jakarta di saut lagi oh dari kampung,kocak bayangin ibukota pindah jakarta orang pas ngerantau ibukota aslinya kakak jakarta saut oh kampung,kocak bayangin ibukota pindah jakarta orang pas ngerantau ibukota asli kakak jakarta saut oh kampung,Netral
@Miduk17 Ntar ganti presiden keluar pp lagi ibukota pindah lagi ke jakarta wkwkwkwkw edyan tow,ntar ganti presiden keluar pp lagi ibukota pindah lagi ke jakarta wkwkwkwkw edyan tow,ntar ganti presiden keluar pp lagi ibukota pindah lagi ke jakarta wkwkwkwkw edyan tow,nanti ganti presiden keluar pp lagi ibukota pindah lagi ke jakarta wkwkwkwkw edyan tow,ganti presiden pp ibukota pindah jakarta wkwkwkwkw edyan tow,ganti presiden pp ibukota pindah jakarta wkwkwkwkw edyan tow,Netral
Jkt48 udah bukan lagi sanggar tari ibukota ya guys... status ibukota udah ganti ke nusantara sejak 15 februari ???,jkt udah bukan lagi sanggar tari ibukota ya guys status ibukota udah ganti ke nusantara sejak februari,jkt udah bukan lagi sanggar tari ibukota ya guys status ibukota udah ganti ke nusantara sejak februari,jakarta sudah bukan lagi sanggar tari ibukota ya teman status ibukota sudah ganti ke nusantara sejak februari,jakarta sanggar tari ibukota teman status ibukota ganti nusantara februari,jakarta sanggar tari ibukota teman status ibukota ganti nusantara februari,Netral
@tanyakanrl Keknya dia anak kabupaten beneran yang pindah ke jakarta biar jadi anak ibukota makanya sensi banget waktu jkt disebut kabupaten,keknya dia anak kabupaten beneran yang pindah ke jakarta biar jadi anak ibukota makanya sensi banget waktu jkt disebut kabupaten,keknya dia anak kabupaten beneran yang pindah ke jakarta biar jadi anak ibukota makanya sensi banget waktu jkt disebut kabupaten,keknya dia anak kabupaten beneran yang pindah ke jakarta biar jadi anak ibukota makanya sensi sekali waktu jakarta disebut kabupaten,keknya anak kabupaten beneran pindah jakarta biar anak ibukota sensi jakarta kabupaten,kek anak kabupaten beneran pindah jakarta biar anak ibukota sensi jakarta kabupaten,Netral
Ibukota budaya Rusia Beginilah cara sistem peringatan publik diuji di St. Petersburg hari ini. Setelah polonaise dari opera Eugene Onegin oleh Pyotr Tchaikovsky penyiar mengumumkan bahwa sistem peringatan kota telah diperiksa. Pernahkah Anda ingin pindah ke kota di Neva? https://t.co/oAagB8qUb6,ibukota budaya rusia beginilah cara sistem peringatan publik diuji di st petersburg hari ini setelah polonaise dari opera eugene onegin oleh pyotr tchaikovsky penyiar mengumumkan bahwa sistem peringatan kota telah diperiksa pernahkah anda ingin pindah ke kota di neva,ibukota budaya rusia beginilah cara sistem peringatan publik diuji di st petersburg hari ini setelah polonaise dari opera eugene onegin oleh pyotr tchaikovsky penyiar mengumumkan bahwa sistem peringatan kota telah diperiksa pernahkah anda ingin pindah ke kota di neva,ibukota budaya rusia beginilah cara sistem peringatan publik diuji di st petersburg hari ini setelah polonaise dari opera eugene onegin oleh pyotr tchaikovsky penyiar mengumumkan bahwa sistem peringatan kota telah diperiksa pernahkah kamu ingin pindah ke kota di neva,ibukota budaya rusia sistem peringatan publik diuji st petersburg polonaise opera eugene onegin pyotr tchaikovsky penyiar mengumumkan sistem peringatan kota diperiksa pernahkah pindah kota neva,ibukota budaya rusia sistem ingat publik uji st petersburg polonaise opera eugene onegin pyotr tchaikovsky siar umum sistem ingat kota periksa pernah pindah kota neva,Netral
@7abrik makanya udah bener ibukota pindah ke IKN terima kasih pak Jokowi,makanya udah bener ibukota pindah ke ikn terima kasih pak jokowi,makanya udah bener ibukota pindah ke ikn terima kasih pak jokowi,makanya sudah benar ibukota pindah ke ikn terima kasih bapak jokowi,ibukota pindah ikn terima kasih jokowi,ibukota pindah ikn terima kasih jokowi,Netral
@marksukabuah @julianraka_ @tanyakanrl Mjb jg kakk jadinya ibukota pindah kemana ya??,mjb jg kakk jadinya ibukota pindah kemana ya,mjb jg kakk jadinya ibukota pindah kemana ya,mjb juga kakk jadinya ibukota pindah kemana ya,mjb kakk ibukota pindah kemana,mjb kakk ibukota pindah mana,Netral
@KaniaK08 Kan cuma pindah ibukota bukan pindah negara. Maaf cuma mengingatkan. ~,kan cuma pindah ibukota bukan pindah negara maaf cuma mengingatkan,kan cuma pindah ibukota bukan pindah negara maaf cuma mengingatkan,kan hanya pindah ibukota bukan pindah negara maaf hanya mengingatkan,pindah ibukota pindah negara maaf,pindah ibukota pindah negara maaf,Netral
: ribet kenapa pak? : kan kudu pindahan? : hah? : iya warganya kan harus pindah kalau ibukotanya pindah? : yah ga perlu lah pak. Itu kan pemerintahan ngapain ngintil? : oh ga perlu ya mba? : iyalah pak. Aneh banget ibukota pindah warganya pindah,ribet kenapa pak kan kudu pindahan hah iya warganya kan harus pindah kalau ibukotanya pindah yah ga perlu lah pak itu kan pemerintahan ngapain ngintil oh ga perlu ya mba iyalah pak aneh banget ibukota pindah warganya pindah,ribet kenapa pak kan kudu pindahan hah iya warganya kan harus pindah kalau ibukotanya pindah yah ga perlu lah pak itu kan pemerintahan ngapain ngintil oh ga perlu ya mba iyalah pak aneh banget ibukota pindah warganya pindah,ribet kenapa bapak kan harus pindahan hah iya warganya kan harus pindah kalau ibukotanya pindah yah tidak perlu lah bapak itu kan pemerintahan apa ngintil oh tidak perlu ya kakak iyalah bapak aneh sekali ibukota pindah warganya pindah,ribet pindahan hah iya warganya pindah ibukotanya pindah yah pemerintahan ngintil oh kakak iyalah aneh ibukota pindah warganya pindah,ribet pindah hah iya warga pindah ibukotanya pindah yah perintah ngintil oh kakak iya aneh ibukota pindah warga pindah,Netral
Jadi ingat percakapan sama supir grab : mba nya pasti seneng ibukota pindah : biasa aja pak : keren kan anak ibukota . Kami disini yang ga keren jadi orang kabupaten Jakarta : biasa aja pak disana gada sebutan gitu? : ntar kalau ibukota pindah ribet mba,jadi ingat percakapan sama supir grab mba nya pasti seneng ibukota pindah biasa aja pak keren kan anak ibukota kami disini yang ga keren jadi orang kabupaten jakarta biasa aja pak disana gada sebutan gitu ntar kalau ibukota pindah ribet mba,jadi ingat percakapan sama supir grab mba nya pasti seneng ibukota pindah biasa aja pak keren kan anak ibukota kami disini yang ga keren jadi orang kabupaten jakarta biasa aja pak disana gada sebutan gitu ntar kalau ibukota pindah ribet mba,jadi ingat percakapan sama supir grab kakak nya pasti senang ibukota pindah biasa saja bapak keren kan anak ibukota kami disini yang tidak keren jadi orang kabupaten jakarta biasa saja bapak disana tidak ada sebutan gitu nanti kalau ibukota pindah ribet kakak,percakapan supir grab kakak nya senang ibukota pindah keren anak ibukota keren orang kabupaten jakarta disana tidak ada sebutan gitu ibukota pindah ribet kakak,cakap supir grab kakak nya senang ibukota pindah keren anak ibukota keren orang kabupaten jakarta sana tidak ada sebut gitu ibukota pindah ribet kakak,Positif
Tanggal 15 Februari Jakarta sudah resmi bukan ibukota Indonesia. Tapi Nusantara ternyata juga belum resmi menjadi ibukota. Jadi ibukota Indonesia sekarang di mana?,tanggal februari jakarta sudah resmi bukan ibukota indonesia tapi nusantara ternyata juga belum resmi menjadi ibukota jadi ibukota indonesia sekarang di mana,tanggal februari jakarta sudah resmi bukan ibukota indonesia tapi nusantara ternyata juga belum resmi menjadi ibukota jadi ibukota indonesia sekarang di mana,tanggal februari jakarta sudah resmi bukan ibukota indonesia tapi nusantara ternyata juga belum resmi menjadi ibukota jadi ibukota indonesia sekarang di mana,tanggal februari jakarta resmi ibukota indonesia nusantara resmi ibukota ibukota indonesia,tanggal februari jakarta resmi ibukota indonesia nusantara resmi ibukota ibukota indonesia,Netral
3. Menurut Opini Pribadi saya Jakarta hari ini dibuat berantakan oleh PJ Heru yang kerjaannya hanya mengganti nama logo dan bongkar program/kerja gubernur sebelumnya tujuannya agar untuk Proyek IKN menjadi benar alhasil pindah ibukota baru nntinya.,menurut opini pribadi saya jakarta hari ini dibuat berantakan oleh pj heru yang kerjaannya hanya mengganti nama logo dan bongkar programkerja gubernur sebelumnya tujuannya agar untuk proyek ikn menjadi benar alhasil pindah ibukota baru nntinya,menurut opini pribadi saya jakarta hari ini dibuat berantakan oleh pj heru yang kerjaannya hanya mengganti nama logo dan bongkar programkerja gubernur sebelumnya tujuannya agar untuk proyek ikn menjadi benar alhasil pindah ibukota baru nntinya,menurut opini pribadi aku jakarta hari ini dibuat berantakan oleh pj heru yang kerjaannya hanya mengganti nama logo dan bongkar programkerja gubernur sebelumnya tujuannya agar untuk proyek ikn menjadi benar hasil pindah ibukota baru nntinya,opini pribadi jakarta berantakan pj heru kerjaannya mengganti nama logo bongkar programkerja gubernur tujuannya proyek ikn hasil pindah ibukota nntinya,opini pribadi jakarta beranta pj heru kerja ganti nama logo bongkar programkerja gubernur tuju proyek ikn hasil pindah ibukota nntinya,Netral
@tanyakanrl Mau tanya kalau ada yg tanya ibukota Indonesia jawabnya apa ya? Ibu Kota Nusantara atau Nusantara aja?,mau tanya kalau ada yg tanya ibukota indonesia jawabnya apa ya ibu kota nusantara atau nusantara aja,mau tanya kalau ada yg tanya ibukota indonesia jawabnya apa ya ibu kota nusantara atau nusantara aja,mau tanya kalau ada yang tanya ibukota indonesia jawabnya apa ya ibu kota nusantara atau nusantara saja,ibukota indonesia kota nusantara nusantara,ibukota indonesia kota nusantara nusantara,Netral
Mungkin gak ibukota pindah sementara ke Bekasi ya?,mungkin gak ibukota pindah sementara ke bekasi ya,mungkin gak ibukota pindah sementara ke bekasi ya,mungkin tidak ibukota pindah sementara ke bekasi ya,ibukota pindah bekasi,ibukota pindah bekas,Netral
NEGARA TANPA IBUKOTA DKI Jakarta sebagai ibukota Indonesia sudah expired per 15 Februari 2024 lalu sementara status Nusantara sebagai ibukota belum ada KEPPRES-nya. 3 Februari kemaren yang dia buat malah KEPPRES No. 12/2024 tentang Penugasan Wakil Presiden Melaksanakan Tugas https://t.co/9pDk6XTHVU,negara tanpa ibukota dki jakarta sebagai ibukota indonesia sudah expired per februari lalu sementara status nusantara sebagai ibukota belum ada keppresnya februari kemaren yang dia buat malah keppres no tentang penugasan wakil presiden melaksanakan tugas,negara tanpa ibukota dki jakarta sebagai ibukota indonesia sudah expired per februari lalu sementara status nusantara sebagai ibukota belum ada keppresnya februari kemaren yang dia buat malah keppres no tentang penugasan wakil presiden melaksanakan tugas,negara tanpa ibukota dki jakarta sebagai ibukota indonesia sudah expired per februari lalu sementara status nusantara sebagai ibukota belum ada keppresnya februari kemarin yang dia buat malah keppres no tentang penugasan wakil presiden melaksanakan tugas,negara ibukota dki jakarta ibukota indonesia expired februari status nusantara ibukota keppresnya februari kemarin keppres no penugasan wakil presiden melaksanakan tugas,negara ibukota dki jakarta ibukota indonesia expired februari status nusantara ibukota keppresnya februari kemarin keppres no tugas wakil presiden laksana tugas,Netral
Kalo ditanya orang ibukota Indonesia jawabnya apa? Ibukota Nusantara atau Nusantara aja?,kalo ditanya orang ibukota indonesia jawabnya apa ibukota nusantara atau nusantara aja,kalo ditanya orang ibukota indonesia jawabnya apa ibukota nusantara atau nusantara aja,kalau ditanya orang ibukota indonesia jawabnya apa ibukota nusantara atau nusantara saja,orang ibukota indonesia ibukota nusantara nusantara,orang ibukota indonesia ibukota nusantara nusantara,Netral
@PraBagoes Salah. Ibu Kota Negara tetap berada di Provinsi Daerah Khusus Ibukota Jakarta sampai dengan tanggal ditetapkannya pemindahan Ibu Kota Negara dari DKI Jakarta ke Ibu Kota Nusantara dengan Keputusan Presiden. https://t.co/Ik5vr6XxJ0,salah ibu kota negara tetap berada di provinsi daerah khusus ibukota jakarta sampai dengan tanggal ditetapkannya pemindahan ibu kota negara dari dki jakarta ke ibu kota nusantara dengan keputusan presiden,salah ibu kota negara tetap berada di provinsi daerah khusus ibukota jakarta sampai dengan tanggal ditetapkannya pemindahan ibu kota negara dari dki jakarta ke ibu kota nusantara dengan keputusan presiden,salah ibu kota negara tetap berada di provinsi daerah khusus ibukota jakarta sampai dengan tanggal ditetapkannya pemindahan ibu kota negara dari dki jakarta ke ibu kota nusantara dengan keputusan presiden,salah kota negara provinsi daerah khusus ibukota jakarta tanggal ditetapkannya pemindahan kota negara dki jakarta kota nusantara keputusan presiden,salah kota negara provinsi daerah khusus ibukota jakarta tanggal tetap pindah kota negara dki jakarta kota nusantara putus presiden,Negatif
Ibu Kota Negara tetap berada di Provinsi Daerah Khusus Ibukota Jakarta sampai dengan tanggal ditetapkannya pemindahan Ibu Kota Negara dari DKI Jakarta ke Ibu Kota Nusantara dengan Keputusan Presiden. https://t.co/Ik5vr6XxJ0,ibu kota negara tetap berada di provinsi daerah khusus ibukota jakarta sampai dengan tanggal ditetapkannya pemindahan ibu kota negara dari dki jakarta ke ibu kota nusantara dengan keputusan presiden,ibu kota negara tetap berada di provinsi daerah khusus ibukota jakarta sampai dengan tanggal ditetapkannya pemindahan ibu kota negara dari dki jakarta ke ibu kota nusantara dengan keputusan presiden,ibu kota negara tetap berada di provinsi daerah khusus ibukota jakarta sampai dengan tanggal ditetapkannya pemindahan ibu kota negara dari dki jakarta ke ibu kota nusantara dengan keputusan presiden,kota negara provinsi daerah khusus ibukota jakarta tanggal ditetapkannya pemindahan kota negara dki jakarta kota nusantara keputusan presiden,kota negara provinsi daerah khusus ibukota jakarta tanggal tetap pindah kota negara dki jakarta kota nusantara putus presiden,Netral
Kenapa jadi mode senggol bacok gini sih Lihat haters ke member exo Lihat israel masih aja ngejajah Ini lagi tentang ibukota beneran udah pindah katanya Gak jelas gak jelas gak jelas,kenapa jadi mode senggol bacok gini sih lihat haters ke member exo lihat israel masih aja ngejajah ini lagi tentang ibukota beneran udah pindah katanya gak jelas gak jelas gak jelas,kenapa jadi mode senggol bacok gini sih lihat haters ke member exo lihat israel masih aja ngejajah ini lagi tentang ibukota beneran udah pindah katanya gak jelas gak jelas gak jelas,kenapa jadi mode senggol bacok gini sih lihat haters ke member exo lihat israel masih saja ngejajah ini lagi tentang ibukota beneran sudah pindah katanya tidak jelas tidak jelas tidak jelas,mode senggol bacok gini lihat haters member exo lihat israel ngejajah ibukota beneran pindah,mode senggol bacok gin lihat haters member exo lihat israel ngejajah ibukota beneran pindah,Netral
@tanyakanrl Ini scoups aja masih remidi waktu ibukota indonesia masih jakarta. Skg malah jadi ibukota nusantara apa gak tambah belibet itu,ini scoups aja masih remidi waktu ibukota indonesia masih jakarta skg malah jadi ibukota nusantara apa gak tambah belibet itu,ini scoups aja masih remidi waktu ibukota indonesia masih jakarta skg malah jadi ibukota nusantara apa gak tambah belibet itu,ini scoups saja masih remidi waktu ibukota indonesia masih jakarta skg malah jadi ibukota nusantara apa tidak tambah belibet itu,scoups remidi ibukota indonesia jakarta skg ibukota nusantara belibet,scoups ridi ibukota indonesia jakarta skg ibukota nusantara belibet,Netral
@amir7788 Penajam Paser Utara Kalimantan Timur. Nanti namanya akan diubah jadi Nusantara. Tapi ibukota masih DKI Jakarta kok belum resmi pindah.,penajam paser utara kalimantan timur nanti namanya akan diubah jadi nusantara tapi ibukota masih dki jakarta kok belum resmi pindah,penajam paser utara kalimantan timur nanti namanya akan diubah jadi nusantara tapi ibukota masih dki jakarta kok belum resmi pindah,penajam paser utara kalimantan timur nanti namanya akan diubah jadi nusantara tapi ibukota masih dki jakarta kok belum resmi pindah,penajam paser utara kalimantan timur namanya diubah nusantara ibukota dki jakarta resmi pindah,najam paser utara kalimantan timur nama ubah nusantara ibukota dki jakarta resmi pindah,Netral
@tanyakanrl Gapapa dah jadi kabupaten yg penting konser kpop jangan pindah aja ke ibukota baru,gapapa dah jadi kabupaten yg penting konser kpop jangan pindah aja ke ibukota baru,gapapa dah jadi kabupaten yg penting konser kpop jangan pindah aja ke ibukota baru,gapapa sudah jadi kabupaten yang penting konser kpop jangan pindah saja ke ibukota baru,gapapa kabupaten konser kpop pindah ibukota,gapapa kabupaten konser kpop pindah ibukota,Netral
@_haye_ @bijiganjalagi Emang serius Ibukota pindah ke IKN?,emang serius ibukota pindah ke ikn,emang serius ibukota pindah ke ikn,memang serius ibukota pindah ke ikn,serius ibukota pindah ikn,serius ibukota pindah ikn,Netral
Jakarta sudah bukan Ibukota tapi Nusantara belum juga siap,jakarta sudah bukan ibukota tapi nusantara belum juga siap,jakarta sudah bukan ibukota tapi nusantara belum juga siap,jakarta sudah bukan ibukota tapi nusantara belum juga siap,jakarta ibukota nusantara,jakarta ibukota nusantara,Netral
Indonesia ibukota sekarang Nusantara,indonesia ibukota sekarang nusantara,indonesia ibukota sekarang nusantara,indonesia ibukota sekarang nusantara,indonesia ibukota nusantara,indonesia ibukota nusantara,Netral
kaley anak alay pedesaan tapi skrg udh pindah ke ibukota. ada aja tingkahnya yg bikin sakit kepala bener2 menggambarkan anak bontot yg susah diatur anying. tapi lucu bgt dah kek positive vibe dan menyebarkan kelucuan kesekitarnya. diem2 gini dia banyak yg naksir makanya ada - https://t.co/t1Oyt6ZqB9,kaley anak alay pedesaan tapi skrg udh pindah ke ibukota ada aja tingkahnya yg bikin sakit kepala bener menggambarkan anak bontot yg susah diatur anying tapi lucu bgt dah kek positive vibe dan menyebarkan kelucuan kesekitarnya diem gini dia banyak yg naksir makanya ada,kaley anak alay pedesaan tapi skrg udh pindah ke ibukota ada aja tingkahnya yg bikin sakit kepala bener menggambarkan anak bontot yg susah diatur anying tapi lucu bgt dah kek positive vibe dan menyebarkan kelucuan kesekitarnya diem gini dia banyak yg naksir makanya ada,kaley anak alay pedesaan tapi sekarang sudah pindah ke ibukota ada saja tingkahnya yang bikin sakit kepala benar menggambarkan anak bontot yang susah diatur anjing tapi lucu sekali sudah seperti positive vibe dan menyebarkan kelucuan kesekitarnya diam gini dia banyak yang naksir makanya ada,kaley anak alay pedesaan pindah ibukota tingkahnya bikin sakit kepala menggambarkan anak bontot susah diatur anjing lucu positive vibe menyebarkan kelucuan kesekitarnya diam gini naksir,kaley anak alay desa pindah ibukota tingkah bikin sakit kepala gambar anak bontot susah atur anjing lucu positive vibe sebar lucu sekitar diam gin naksir,Netral
@pintkis @tanyakanrl Gak usah sedih 50% lebih warga jakarta dukung pindah ibukota,gak usah sedih lebih warga jakarta dukung pindah ibukota,gak usah sedih lebih warga jakarta dukung pindah ibukota,tidak usah sedih lebih warga jakarta dukung pindah ibukota,sedih warga jakarta dukung pindah ibukota,sedih warga jakarta dukung pindah ibukota,Positif
Lu kepikiran nggk sih...PJ itu sengaja di tunjuk pak lurah.. Untuk ngerusak kota JKT..balik ke setelan pabrik..banjir di mana2..dan alhasil JKT nggk cocok lagi jadi ibukota Indonesia dan akhirnya pindah ke IKN.. Sangat disayangkan warga DKI tidak semuanya all in Abah Anies,lu kepikiran nggk sihpj itu sengaja di tunjuk pak lurah untuk ngerusak kota jktbalik ke setelan pabrikbanjir di manadan alhasil jkt nggk cocok lagi jadi ibukota indonesia dan akhirnya pindah ke ikn sangat disayangkan warga dki tidak semuanya all in abah anies,lu kepikiran nggk sihpj itu sengaja di tunjuk pak lurah untuk ngerusak kota jktbalik ke setelan pabrikbanjir di manadan alhasil jkt nggk cocok lagi jadi ibukota indonesia dan akhirnya pindah ke ikn sangat disayangkan warga dki tidak semuanya all in abah anies,lu kepikiran tidak sihpj itu sengaja di tunjuk bapak lurah untuk ngerusak kota jktbalik ke setelan pabrikbanjir di manadan hasil jakarta tidak cocok lagi jadi ibukota indonesia dan akhirnya pindah ke ikn sangat disayangkan warga dki tidak semuanya semua di bapak anies,lu kepikiran sihpj sengaja lurah ngerusak kota jktbalik setelan pabrikbanjir manadan hasil jakarta cocok ibukota indonesia pindah ikn disayangkan warga dki,lu pikir sihpj sengaja lurah ngerusak kota jktbalik setel pabrikbanjir manadan hasil jakarta cocok ibukota indonesia pindah ikn sayang warga dki,Netral
Ibukota pindah Bekasi aja.,ibukota pindah bekasi aja,ibukota pindah bekasi aja,ibukota pindah bekasi saja,ibukota pindah bekasi,ibukota pindah bekas,Netral
pindahnya jangan jauh? njeng gw kalo nonton konser boncoss kalo ibukota pindah pulau,pindahnya jangan jauh njeng gw kalo nonton konser boncoss kalo ibukota pindah pulau,pindahnya jangan jauh njeng gw kalo nonton konser boncoss kalo ibukota pindah pulau,pindahnya jangan jauh njeng aku kalau nonton konser boncoss kalau ibukota pindah pulau,pindahnya njeng nonton konser boncoss ibukota pindah pulau,pindah njeng nonton konser boncoss ibukota pindah pulau,Netral
Emang ibukota pindah kemana,emang ibukota pindah kemana,emang ibukota pindah kemana,memang ibukota pindah kemana,ibukota pindah kemana,ibukota pindah mana,Netral
@palingteguh @sociotalker Andai ibukota harus pindah bukan sekarang waktunya,andai ibukota harus pindah bukan sekarang waktunya,andai ibukota harus pindah bukan sekarang waktunya,andai ibukota harus pindah bukan sekarang waktunya,andai ibukota pindah,andai ibukota pindah,Netral
Ini jatuhnya IKN Nusantara langsung jadi ibukota atau status ibukota jadi lowong?,ini jatuhnya ikn nusantara langsung jadi ibukota atau status ibukota jadi lowong,ini jatuhnya ikn nusantara langsung jadi ibukota atau status ibukota jadi lowong,ini jatuhnya ikn nusantara langsung jadi ibukota atau status ibukota jadi lowong,jatuhnya ikn nusantara langsung ibukota status ibukota lowong,jatuh ikn nusantara langsung ibukota status ibukota lowong,Netral
@tanyakanrl Takutnya ibukota baru warga kabupaten jakarta otw pindah rame2 juga bikin perumahan kumuh,takutnya ibukota baru warga kabupaten jakarta otw pindah rame juga bikin perumahan kumuh,takutnya ibukota baru warga kabupaten jakarta otw pindah rame juga bikin perumahan kumuh,takutnya ibukota baru warga kabupaten jakarta otw pindah rame juga bikin perumahan kumuh,takutnya ibukota warga kabupaten jakarta otw pindah rame bikin perumahan kumuh,takut ibukota warga kabupaten jakarta otw pindah rame bikin rumah kumuh,Negatif
2PM BURUANN KEK ADAIN ASIAN TOUR KE JKT KEBURU INI IBUKOTA PINDAH KE IKN !!!!! Aku ga mampu klo kudu bayar tiket lg ke kalimantan,pm buruann kek adain asian tour ke jkt keburu ini ibukota pindah ke ikn aku ga mampu klo kudu bayar tiket lg ke kalimantan,pm buruann kek adain asian tour ke jkt keburu ini ibukota pindah ke ikn aku ga mampu klo kudu bayar tiket lg ke kalimantan,pm buruann seperti adain asian tour ke jakarta keburu ini ibukota pindah ke ikn aku tidak mampu kalau harus bayar tiket lagi ke kalimantan,pm buruann adain asian tour jakarta keburu ibukota pindah ikn bayar tiket kalimantan,pm buruann adain asi tour jakarta keburu ibukota pindah ikn bayar tiket kalimantan,Netral
Kalo nanti Ibukota udh pindah ke IKN konser2 ga mungkin jd Di IKN kan...... Ga lucu ih live in IKN,kalo nanti ibukota udh pindah ke ikn konser ga mungkin jd di ikn kan ga lucu ih live in ikn,kalo nanti ibukota udh pindah ke ikn konser ga mungkin jd di ikn kan ga lucu ih live in ikn,kalau nanti ibukota sudah pindah ke ikn konser tidak mungkin jadi di ikn kan tidak lucu ih live di ikn,ibukota pindah ikn konser ikn lucu ih live ikn,ibukota pindah ikn konser ikn lucu ih live ikn,Netral
Kalo baca berita ini status DKI Jakarta sebagai ibukota Indonesia sudah expired per 15 Februari kemarin satu hari setelah pemilu. Sementara status Nusantara sebagai ibukota belum ada Kepres-nya. So ibukota Indonesia saat ini dimana? https://t.co/dEBAtslRFc,kalo baca berita ini status dki jakarta sebagai ibukota indonesia sudah expired per februari kemarin satu hari setelah pemilu sementara status nusantara sebagai ibukota belum ada kepresnya so ibukota indonesia saat ini dimana,kalo baca berita ini status dki jakarta sebagai ibukota indonesia sudah expired per februari kemarin satu hari setelah pemilu sementara status nusantara sebagai ibukota belum ada kepresnya so ibukota indonesia saat ini dimana,kalau baca berita ini status dki jakarta sebagai ibukota indonesia sudah expired per februari kemarin satu hari setelah pemilu sementara status nusantara sebagai ibukota belum ada kepresnya jadi ibukota indonesia saat ini dimana,baca berita status dki jakarta ibukota indonesia expired februari kemarin pemilu status nusantara ibukota kepresnya ibukota indonesia dimana,baca berita status dki jakarta ibukota indonesia expired februari kemarin milu status nusantara ibukota pres ibukota indonesia mana,Netral
kasian idol kpop baru aja ngapalin ibukota indonesia itu jekardah eh uda pindah,kasian idol kpop baru aja ngapalin ibukota indonesia itu jekardah eh uda pindah,kasian idol kpop baru aja ngapalin ibukota indonesia itu jekardah eh uda pindah,kasihan idol kpop baru saja ngapalin ibukota indonesia itu jekardah eh sudah pindah,kasihan idol kpop ngapalin ibukota indonesia jekardah pindah,kasihan idol kpop ngapalin ibukota indonesia jekardah pindah,Netral
Dulu waktu masih bocil pengen bngt ke ibukota eh pas dewasa ibukotanya yg pindah ke sini,dulu waktu masih bocil pengen bngt ke ibukota eh pas dewasa ibukotanya yg pindah ke sini,dulu waktu masih bocil pengen bngt ke ibukota eh pas dewasa ibukotanya yg pindah ke sini,dulu waktu masih bocil ingin sekali ke ibukota eh pas dewasa ibukotanya yang pindah ke sini,bocil ibukota pas dewasa ibukotanya pindah,bocil ibukota pas dewasa ibukotanya pindah,Netral
Kalo ibukota pindah ke IKN tolong bandara soetta tetep jadi bandara internasional ya. Agar Jarak dan ongkos masih terjangkau dan mudah ya..repot kalo kalimantan dulu,kalo ibukota pindah ke ikn tolong bandara soetta tetep jadi bandara internasional ya agar jarak dan ongkos masih terjangkau dan mudah yarepot kalo kalimantan dulu,kalo ibukota pindah ke ikn tolong bandara soetta tetep jadi bandara internasional ya agar jarak dan ongkos masih terjangkau dan mudah yarepot kalo kalimantan dulu,kalau ibukota pindah ke ikn tolong bandara soetta tetap jadi bandara internasional ya agar jarak dan ongkos masih terjangkau dan mudah yarepot kalau kalimantan dulu,ibukota pindah ikn tolong bandara soetta bandara internasional jarak ongkos terjangkau mudah yarepot kalimantan,ibukota pindah ikn tolong bandara soetta bandara internasional jarak ongkos jangkau mudah yarepot kalimantan,Netral
Jadi pindah ibukota sejak 15 Pebruari 2024. Basuki Ungkap Kesiapan Infrastruktur Jelang HUT Ke-79 RI di IKN https://t.co/kRlPnA4oJE,jadi pindah ibukota sejak pebruari basuki ungkap kesiapan infrastruktur jelang hut ke ri di ikn,jadi pindah ibukota sejak pebruari basuki ungkap kesiapan infrastruktur jelang hut ke ri di ikn,jadi pindah ibukota sejak pebruari basuki ungkap kesiapan infrastruktur jelang hut ke ri di ikn,pindah ibukota pebruari basuki kesiapan infrastruktur jelang hut ri ikn,pindah ibukota pebruari basuki kesiap infrastruktur jelang hut ri ikn,Netral
kapan gitu ya holoID turnya bener2 tur nusantara.. ibukota yg banyak fansnya gitu kaya' bandung lanjut surabaya bali lalu lanjut pontianak.. ahuahuauh,kapan gitu ya holoid turnya bener tur nusantara ibukota yg banyak fansnya gitu kaya bandung lanjut surabaya bali lalu lanjut pontianak ahuahuauh,kapan gitu ya holoid turnya bener tur nusantara ibukota yg banyak fansnya gitu kaya bandung lanjut surabaya bali lalu lanjut pontianak ahuahuauh,kapan gitu ya holoid turnya benar tur nusantara ibukota yang banyak fansnya gitu seperti bandung lanjut surabaya bali lalu lanjut pontianak ahuahuauh,gitu holoid turnya tur nusantara ibukota fansnya gitu bandung surabaya bali pontianak ahuahuauh,gitu holoid tur tur nusantara ibukota fansnya gitu bandung surabaya bal pontianak ahuahuauh,Netral
Ibukota pindah kedubes2 pindah juga gak? Aneh banget kalau gak...,ibukota pindah kedubes pindah juga gak aneh banget kalau gak,ibukota pindah kedubes pindah juga gak aneh banget kalau gak,ibukota pindah kedubes pindah juga tidak aneh sekali kalau tidak,ibukota pindah kedubes pindah aneh,ibukota pindah dubes pindah aneh,Netral
@persib element bobotoh nanti sabtu harus ada yg bikin koreo .. tulisannya : IBUKOTA MAU PINDAH,element bobotoh nanti sabtu harus ada yg bikin koreo tulisannya ibukota mau pindah,element bobotoh nanti sabtu harus ada yg bikin koreo tulisannya ibukota mau pindah,element bobotoh nanti sabtu harus ada yang bikin koreo tulisannya ibukota mau pindah,element bobotoh sabtu bikin koreo tulisannya ibukota pindah,element bobotoh sabtu bikin koreo tulis ibukota pindah,Netral
Ibukota negara sementara pindah ke Banjar Negara. Kata cucuku. Banjar itu pusat segala kegiatan untuk umum cobalah lihat di Bali.,ibukota negara sementara pindah ke banjar negara kata cucuku banjar itu pusat segala kegiatan untuk umum cobalah lihat di bali,ibukota negara sementara pindah ke banjar negara kata cucuku banjar itu pusat segala kegiatan untuk umum cobalah lihat di bali,ibukota negara sementara pindah ke banjar negara kata cucuku banjar itu pusat segala kegiatan untuk umum cobalah lihat di bali,ibukota negara pindah banjar negara cucuku banjar pusat kegiatan cobalah lihat bali,ibukota negara pindah banjar negara cucu banjar pusat giat coba lihat bal,Netral
Now kita negara tanpa ibukota? Pindah ibukota masih jauh belum sempurna tapi maksa mengapa apa yg dijauhi? https://t.co/Oc6Wj61nxI,now kita negara tanpa ibukota pindah ibukota masih jauh belum sempurna tapi maksa mengapa apa yg dijauhi,now kita negara tanpa ibukota pindah ibukota masih jauh belum sempurna tapi maksa mengapa apa yg dijauhi,now kita negara tanpa ibukota pindah ibukota masih jauh belum sempurna tapi maksa mengapa apa yang dijauhi,now negara ibukota pindah ibukota sempurna maksa dijauhi,now negara ibukota pindah ibukota sempurna maksa jauh,Positif
Berdasarkan undang undang 3 tahun 2022 ttg ibu kota negara (IKN) pasal 44 maka mulai 15 Februari 2022 ibukota RI sudah pindah dari Jakarta. Dan Jakarta sudah bukan lagi sebagai Daerah Ibukota lagi.. (Mencoba memahami ayat undang undang..),berdasarkan undang undang tahun ttg ibu kota negara ikn pasal maka mulai februari ibukota ri sudah pindah dari jakarta dan jakarta sudah bukan lagi sebagai daerah ibukota lagi mencoba memahami ayat undang undang,berdasarkan undang undang tahun ttg ibu kota negara ikn pasal maka mulai februari ibukota ri sudah pindah dari jakarta dan jakarta sudah bukan lagi sebagai daerah ibukota lagi mencoba memahami ayat undang undang,berdasarkan undang undang tahun tentang ibu kota negara ikn pasal maka mulai februari ibukota ri sudah pindah dari jakarta dan jakarta sudah bukan lagi sebagai daerah ibukota lagi mencoba memahami ayat undang undang,berdasarkan undang undang kota negara ikn pasal februari ibukota ri pindah jakarta jakarta daerah ibukota mencoba memahami ayat undang undang,dasar undang undang kota negara ikn pasal februari ibukota ri pindah jakarta jakarta daerah ibukota coba paham ayat undang undang,Netral
(citizen protection); 4. Kerja sama ekonomi melalui laluan darat dan laut yang mencakup Border Cross People dan Border Cross Trade; 5. Perpindahan ibukota Nusantara yang akan memperkuat kerja sama Indonesia Malaysia khususnya Sarawak. Pada kesempatan yang sama,citizen protection kerja sama ekonomi melalui laluan darat dan laut yang mencakup border cross people dan border cross trade perpindahan ibukota nusantara yang akan memperkuat kerja sama indonesia malaysia khususnya sarawak pada kesempatan yang sama,citizen protection kerja sama ekonomi melalui laluan darat dan laut yang mencakup border cross people dan border cross trade perpindahan ibukota nusantara yang akan memperkuat kerja sama indonesia malaysia khususnya sarawak pada kesempatan yang sama,citizen protection kerja sama ekonomi melalui laluan darat dan laut yang mencakup border cross orang dan border cross trade perpindahan ibukota nusantara yang akan memperkuat kerja sama indonesia malaysia khususnya sarawak pada kesempatan yang sama,citizen protection kerja ekonomi laluan darat laut mencakup border cross orang border cross trade perpindahan ibukota nusantara memperkuat kerja indonesia malaysia sarawak kesempatan,citizen protection kerja ekonomi lalu darat laut cakup border cross orang border cross trade pindah ibukota nusantara kuat kerja indonesia malaysia sarawak sempat,Positif
@Mdy_Asmara1701 Sampai ibukota pun mau di pindah apa2 dirubah jokowi lewat kaki tangan orang2 suruhannya kelakuan opo koen iki!!!!,sampai ibukota pun mau di pindah apa dirubah jokowi lewat kaki tangan orang suruhannya kelakuan opo koen iki,sampai ibukota pun mau di pindah apa dirubah jokowi lewat kaki tangan orang suruhannya kelakuan opo koen iki,sampai ibukota pun mau di pindah apa dirubah jokowi lewat kaki tangan orang suruhannya kelakuan opo koen ini,ibukota pindah dirubah jokowi kaki tangan orang suruhannya kelakuan opo koen,ibukota pindah rubah jokowi kaki tangan orang suruh laku opo koen,Netral
@tvOneNews Kalau mau ibukota pindah ke IKN IKN nya jadi dulu diisi dulu pemerintahan disana. Baru statusnya dipindahkan. Ini belum jadi IKN nya kok statusnya udah berubah. Jadi sekarangan Indonesia tanpa Ibukota gitu kah?,kalau mau ibukota pindah ke ikn ikn nya jadi dulu diisi dulu pemerintahan disana baru statusnya dipindahkan ini belum jadi ikn nya kok statusnya udah berubah jadi sekarangan indonesia tanpa ibukota gitu kah,kalau mau ibukota pindah ke ikn ikn nya jadi dulu diisi dulu pemerintahan disana baru statusnya dipindahkan ini belum jadi ikn nya kok statusnya udah berubah jadi sekarangan indonesia tanpa ibukota gitu kah,kalau mau ibukota pindah ke ikn ikn nya jadi dulu diisi dulu pemerintahan disana baru statusnya dipindahkan ini belum jadi ikn nya kok statusnya sudah berubah jadi sekarangan indonesia tanpa ibukota gitu kah,ibukota pindah ikn ikn nya diisi pemerintahan disana statusnya dipindahkan ikn nya statusnya berubah sekarangan indonesia ibukota gitu kah,ibukota pindah ikn ikn nya isi perintah sana status pindah ikn nya status ubah sekarang indonesia ibukota gitu kah,Netral
@tvOneNews Gini aja kita bagi aja DKI Jakarta jadi ibukota Negara Indonesia IKN jadi ibukota Negara Nusantara. Kalian silahkan angkut2 dah pindah ke Nusantara Kalimantan kami biar tetep di Indonesia aja. Kami ikhlas....,gini aja kita bagi aja dki jakarta jadi ibukota negara indonesia ikn jadi ibukota negara nusantara kalian silahkan angkut dah pindah ke nusantara kalimantan kami biar tetep di indonesia aja kami ikhlas,gini aja kita bagi aja dki jakarta jadi ibukota negara indonesia ikn jadi ibukota negara nusantara kalian silahkan angkut dah pindah ke nusantara kalimantan kami biar tetep di indonesia aja kami ikhlas,gini saja kita bagi saja dki jakarta jadi ibukota negara indonesia ikn jadi ibukota negara nusantara kalian silahkan angkut sudah pindah ke nusantara kalimantan kami biar tetap di indonesia saja kami ikhlas,gini dki jakarta ibukota negara indonesia ikn ibukota negara nusantara silahkan angkut pindah nusantara kalimantan biar indonesia ikhlas,gin dki jakarta ibukota negara indonesia ikn ibukota negara nusantara silah angkut pindah nusantara kalimantan biar indonesia ikhlas,Netral
Polres Ppu Polda Kaltim - Dalam upaya percepatan penanganan dampak sosial pembangunan VVIP di Kawasan Ibukota Nusantara dilakukan patroli gabungan oleh 3 pilar keamanan yaitu Polisi TNI dan Satpol PP. https://t.co/WZR1vSm7bk,polres ppu polda kaltim dalam upaya percepatan penanganan dampak sosial pembangunan vvip di kawasan ibukota nusantara dilakukan patroli gabungan oleh pilar keamanan yaitu polisi tni dan satpol pp,polres ppu polda kaltim dalam upaya percepatan penanganan dampak sosial pembangunan vvip di kawasan ibukota nusantara dilakukan patroli gabungan oleh pilar keamanan yaitu polisi tni dan satpol pp,polres ppu polda kaltim dalam upaya percepatan penanganan dampak sosial pembangunan vvip di kawasan ibukota nusantara dilakukan patroli gabungan oleh pilar keamanan yaitu polisi tni dan satpol pp,polres ppu polda kaltim upaya percepatan penanganan dampak sosial pembangunan vvip kawasan ibukota nusantara patroli gabungan pilar keamanan polisi tni satpol pp,polres ppu polda kaltim upaya cepat tangan dampak sosial bangun vvip kawasan ibukota nusantara patroli gabung pilar aman polisi tni satpol pp,Netral
@ridwanhr Ibukota pindah ke Klaten kemudian anda jd Gubernur nya. Tujuannya sudah jelas,ibukota pindah ke klaten kemudian anda jd gubernur nya tujuannya sudah jelas,ibukota pindah ke klaten kemudian anda jd gubernur nya tujuannya sudah jelas,ibukota pindah ke klaten kemudian kamu jadi gubernur nya tujuannya sudah jelas,ibukota pindah klaten gubernur nya tujuannya,ibukota pindah klaten gubernur nya tuju,Netral
@deddysitorus Setuju maksud baik bikin ibukota negara. Tp hal sangat mendasar tdk setuju. Nusantara lebih cocok utk nama negara bukan sbg nama ibukota. Tanpa itu mustahil bangsa dan negara berjaya. Ketidakmampuan sbg negara tetap terus berlangsung. Data faktanya nama Indonesia memang lemah.,setuju maksud baik bikin ibukota negara tp hal sangat mendasar tdk setuju nusantara lebih cocok utk nama negara bukan sbg nama ibukota tanpa itu mustahil bangsa dan negara berjaya ketidakmampuan sbg negara tetap terus berlangsung data faktanya nama indonesia memang lemah,setuju maksud baik bikin ibukota negara tp hal sangat mendasar tdk setuju nusantara lebih cocok utk nama negara bukan sbg nama ibukota tanpa itu mustahil bangsa dan negara berjaya ketidakmampuan sbg negara tetap terus berlangsung data faktanya nama indonesia memang lemah,setuju maksud baik bikin ibukota negara tapi hal sangat mendasar tidak setuju nusantara lebih cocok untuk nama negara bukan sebagai nama ibukota tanpa itu mustahil bangsa dan negara berjaya ketidakmampuan sebagai negara tetap terus berlangsung data faktanya nama indonesia memang lemah,setuju maksud bikin ibukota negara mendasar setuju nusantara cocok nama negara nama ibukota mustahil bangsa negara berjaya ketidakmampuan negara data faktanya nama indonesia lemah,tuju maksud bikin ibukota negara dasar tuju nusantara cocok nama negara nama ibukota mustahil bangsa negara jaya ketidakmampuan negara data fakta nama indonesia lemah,Positif
@sharpandshark Kayaknya ini buat pengalihan isu ibukota negara pindah ke IKN Kalimantan tempat jin buang anak itu,kayaknya ini buat pengalihan isu ibukota negara pindah ke ikn kalimantan tempat jin buang anak itu,kayaknya ini buat pengalihan isu ibukota negara pindah ke ikn kalimantan tempat jin buang anak itu,kayaknya ini buat pengalihan isu ibukota negara pindah ke ikn kalimantan tempat jin buang anak itu,kayaknya pengalihan isu ibukota negara pindah ikn kalimantan jin buang anak,kayak alih isu ibukota negara pindah ikn kalimantan jin buang anak,Netral
A : apa ibukota Indonesia B : udah gak ada A : loh kok gitu B : status DKI Jakarta sebagai ibu kota sudah habis sedangkan IKN Nusantara belum jadi,a apa ibukota indonesia b udah gak ada a loh kok gitu b status dki jakarta sebagai ibu kota sudah habis sedangkan ikn nusantara belum jadi,a apa ibukota indonesia b udah gak ada a loh kok gitu b status dki jakarta sebagai ibu kota sudah habis sedangkan ikn nusantara belum jadi,a apa ibukota indonesia b sudah tidak ada a loh kok gitu b status dki jakarta sebagai ibu kota sudah habis sedangkan ikn nusantara belum jadi,a ibukota indonesia b a gitu b status dki jakarta kota habis ikn nusantara,a ibukota indonesia b a gitu b status dki jakarta kota habis ikn nusantara,Netral
Banjir terus tapi yang dipikirin malah pindah ibukota Nggak nyambung @kimchi_you https://t.co/VeZdOxytpU,banjir terus tapi yang dipikirin malah pindah ibukota nggak nyambung,banjir terus tapi yang dipikirin malah pindah ibukota nggak nyambung,banjir terus tapi yang dipikirin malah pindah ibukota tidak nyambung,banjir dipikirin pindah ibukota nyambung,banjir dipikirin pindah ibukota nyambung,Netral
Pindah ibukota tapi masalah klasik nggak diselesaikan dulu @KimEunri20 https://t.co/U7iIDtdKYN,pindah ibukota tapi masalah klasik nggak diselesaikan dulu,pindah ibukota tapi masalah klasik nggak diselesaikan dulu,pindah ibukota tapi masalah klasik tidak diselesaikan dulu,pindah ibukota klasik diselesaikan,pindah ibukota klasik selesai,Negatif
Pindah ibukota lebih diprioritaskan daripada masalah rakyat @keitaroamaris https://t.co/6UgSPzHiP5,pindah ibukota lebih diprioritaskan daripada masalah rakyat,pindah ibukota lebih diprioritaskan daripada masalah rakyat,pindah ibukota lebih diprioritaskan daripada masalah rakyat,pindah ibukota diprioritaskan rakyat,pindah ibukota prioritas rakyat,Negatif
Jadi pejabat tololnya jangan kebangetan kenapa sih. Kebangetannya bukan sampai luar negeri lagi tapi sudah sampai luar angkasa. IKN progress pembangunannya baru 10%. ASN juga belum pindah kesitu tau2 sdh ketok palu aja DKI Jakarta sudah bukan ibukota lagi. Aq,jadi pejabat tololnya jangan kebangetan kenapa sih kebangetannya bukan sampai luar negeri lagi tapi sudah sampai luar angkasa ikn progress pembangunannya baru asn juga belum pindah kesitu tau sdh ketok palu aja dki jakarta sudah bukan ibukota lagi aq,jadi pejabat tololnya jangan kebangetan kenapa sih kebangetannya bukan sampai luar negeri lagi tapi sudah sampai luar angkasa ikn progress pembangunannya baru asn juga belum pindah kesitu tau sdh ketok palu aja dki jakarta sudah bukan ibukota lagi aq,jadi pejabat tololnya jangan kebangetan kenapa sih kebangetannya bukan sampai luar negeri lagi tapi sudah sampai luar angkasa ikn progress pembangunannya baru asn juga belum pindah kesitu tau sudah ketok palu saja dki jakarta sudah bukan ibukota lagi aku,pejabat tololnya kebangetan kebangetannya negeri angkasa ikn progress pembangunannya asn pindah kesitu tau ketok palu dki jakarta ibukota,jabat tolol banget banget negeri angkasa ikn progress bangun asn pindah kesitu tau ketok palu dki jakarta ibukota,Netral
Biar betonnya aja jadi ibukota nggak usah pindah orang @kmgyuu123 https://t.co/zwOT3I0k0I,biar betonnya aja jadi ibukota nggak usah pindah orang,biar betonnya aja jadi ibukota nggak usah pindah orang,biar betonnya saja jadi ibukota tidak usah pindah orang,biar betonnya ibukota pindah orang,biar beton ibukota pindah orang,Netral
Ya ampun mau pindah ibukota tapi Jakarta dibiarkan banjir melulu @Kokobinkim https://t.co/RxsiX0MiE8,ya ampun mau pindah ibukota tapi jakarta dibiarkan banjir melulu,ya ampun mau pindah ibukota tapi jakarta dibiarkan banjir melulu,ya ampun mau pindah ibukota tapi jakarta dibiarkan banjir melulu,ampun pindah ibukota jakarta dibiarkan banjir melulu,ampun pindah ibukota jakarta biar banjir melulu,Netral
Gimana gak kesel banjir dipake buat alasan pindah ibukota? @leejen_o_506 https://t.co/OjEnoH6chU,gimana gak kesel banjir dipake buat alasan pindah ibukota,gimana gak kesel banjir dipake buat alasan pindah ibukota,gimana tidak kesal banjir dipake buat alasan pindah ibukota,gimana kesal banjir dipake alasan pindah ibukota,gimana kesal banjir dipake alas pindah ibukota,Netral
Astaga kalau beneran sengaja dibikin banjir buat alasan pindah ibukota itu level kebusukan yang luar biasa banget @lilisman0ban https://t.co/Elya1mjKLt,astaga kalau beneran sengaja dibikin banjir buat alasan pindah ibukota itu level kebusukan yang luar biasa banget,astaga kalau beneran sengaja dibikin banjir buat alasan pindah ibukota itu level kebusukan yang luar biasa banget,astaga kalau beneran sengaja dibikin banjir buat alasan pindah ibukota itu level kebusukan yang luar biasa sekali,astaga beneran sengaja dibikin banjir alasan pindah ibukota level kebusukan,astaga beneran sengaja bikin banjir alas pindah ibukota level busuk,Netral
lah kan biar makin kedorong pindah ke IKN dengan alasan jakarta sudah tidak layak menjadi ibukota. simple aja ko,lah kan biar makin kedorong pindah ke ikn dengan alasan jakarta sudah tidak layak menjadi ibukota simple aja ko,lah kan biar makin kedorong pindah ke ikn dengan alasan jakarta sudah tidak layak menjadi ibukota simple aja ko,lah kan biar makin kedorong pindah ke ikn dengan alasan jakarta sudah tidak layak menjadi ibukota simple saja ko,biar kedorong pindah ikn alasan jakarta layak ibukota simple ko,biar dorong pindah ikn alas jakarta layak ibukota simple ko,Positif
Kenapa waktu itu gua pilih Abah? Ini dua kali sih gua pilih Abah. Karena menurut gua Abah berani jamin Jakarta tetap jadi ibukota karena dulu juga Abah ngebatalin reklamasi pulau di PIK sana sekarang aja pindah reklamasi ke PIK 2 Tangerang kan.,kenapa waktu itu gua pilih abah ini dua kali sih gua pilih abah karena menurut gua abah berani jamin jakarta tetap jadi ibukota karena dulu juga abah ngebatalin reklamasi pulau di pik sana sekarang aja pindah reklamasi ke pik tangerang kan,kenapa waktu itu gua pilih abah ini dua kali sih gua pilih abah karena menurut gua abah berani jamin jakarta tetap jadi ibukota karena dulu juga abah ngebatalin reklamasi pulau di pik sana sekarang aja pindah reklamasi ke pik tangerang kan,kenapa waktu itu aku pilih bapak ini dua kali sih aku pilih bapak karena menurut aku bapak berani jamin jakarta tetap jadi ibukota karena dulu juga bapak ngebatalin reklamasi pulau di pik sana sekarang saja pindah reklamasi ke pik tangerang kan,pilih kali pilih berani jamin jakarta ibukota ngebatalin reklamasi pulau pik pindah reklamasi pik tangerang,pilih kali pilih berani jamin jakarta ibukota ngebatalin reklamasi pulau pik pindah reklamasi pik tangerang,Netral
Gilak gak ada belas kasihan sama rakyat Jakarta cuma mikirin pindah ibukota doang @Lenaptr12 https://t.co/B2sz7V6Us6,gilak gak ada belas kasihan sama rakyat jakarta cuma mikirin pindah ibukota doang,gilak gak ada belas kasihan sama rakyat jakarta cuma mikirin pindah ibukota doang,gila tidak ada belas kasihan sama rakyat jakarta hanya mikirin pindah ibukota doang,gila belas kasihan rakyat jakarta mikirin pindah ibukota doang,gila belas kasihan rakyat jakarta mikirin pindah ibukota doang,Netral
Udah pasti ada yang bikin Jakarta banjir biar alasan pindah ibukota makin kuat @loOvingjay https://t.co/VfCr34KOZa,udah pasti ada yang bikin jakarta banjir biar alasan pindah ibukota makin kuat,udah pasti ada yang bikin jakarta banjir biar alasan pindah ibukota makin kuat,sudah pasti ada yang bikin jakarta banjir biar alasan pindah ibukota makin kuat,bikin jakarta banjir biar alasan pindah ibukota kuat,bikin jakarta banjir biar alas pindah ibukota kuat,Netral
Gak mungkin banjir buat alasan pindah ibukota kan absurd banget @littlepiphanyy https://t.co/PTHjRautmI,gak mungkin banjir buat alasan pindah ibukota kan absurd banget,gak mungkin banjir buat alasan pindah ibukota kan absurd banget,tidak mungkin banjir buat alasan pindah ibukota kan absurd sekali,banjir alasan pindah ibukota absurd,banjir alas pindah ibukota absurd,Netral
Udah bikin susah Jakarta aja malah bikin alasan konyol buat pindah ibukota @leewasdead https://t.co/IQOLaZDYpk,udah bikin susah jakarta aja malah bikin alasan konyol buat pindah ibukota,udah bikin susah jakarta aja malah bikin alasan konyol buat pindah ibukota,sudah bikin susah jakarta saja malah bikin alasan konyol buat pindah ibukota,bikin susah jakarta bikin alasan konyol pindah ibukota,bikin susah jakarta bikin alas konyol pindah ibukota,Netral
Mending fokus ngurusin banjir daripada mikirin pindah ibukota lah @louvffy https://t.co/E2i2puOAdm,mending fokus ngurusin banjir daripada mikirin pindah ibukota lah,mending fokus ngurusin banjir daripada mikirin pindah ibukota lah,mending fokus ngurusin banjir daripada mikirin pindah ibukota lah,mending fokus ngurusin banjir mikirin pindah ibukota,mending fokus ngurusin banjir mikirin pindah ibukota,Netral
Jakarta banjir tapi solusinya malah pindah ibukota Nggak peduli sama Jakarta @legasob https://t.co/6yd41MtkyE,jakarta banjir tapi solusinya malah pindah ibukota nggak peduli sama jakarta,jakarta banjir tapi solusinya malah pindah ibukota nggak peduli sama jakarta,jakarta banjir tapi solusinya malah pindah ibukota tidak peduli sama jakarta,jakarta banjir solusinya pindah ibukota peduli jakarta,jakarta banjir solusi pindah ibukota peduli jakarta,Netral
@jonetnetnet tahun kemarin 2022 ibukota provinsi kalsel dari banjarmasin pindah ke banjarbaru bingung lagi. juga beberapa malah jawab singkatannya mungkin kebiasaan kita lebih mudah hafalinnya kesimpulannya mbaknya lebih sering belajar ya,tahun kemarin ibukota provinsi kalsel dari banjarmasin pindah ke banjarbaru bingung lagi juga beberapa malah jawab singkatannya mungkin kebiasaan kita lebih mudah hafalinnya kesimpulannya mbaknya lebih sering belajar ya,tahun kemarin ibukota provinsi kalsel dari banjarmasin pindah ke banjarbaru bingung lagi juga beberapa malah jawab singkatannya mungkin kebiasaan kita lebih mudah hafalinnya kesimpulannya mbaknya lebih sering belajar ya,tahun kemarin ibukota provinsi kalsel dari banjarmasin pindah ke banjarbaru bingung lagi juga beberapa malah jawab singkatannya mungkin kebiasaan kita lebih mudah hafalinnya kesimpulannya mbaknya lebih sering belajar ya,kemarin ibukota provinsi kalsel banjarmasin pindah banjarbaru bingung singkatannya kebiasaan mudah hafalinnya kesimpulannya mbaknya belajar,kemarin ibukota provinsi kalsel banjarmasin pindah banjarbaru bingung singkat biasa mudah hafalinnya simpul mbak ajar,Netral
Mungkin jaman sekarang ga ada ya pelajaran atau hapalan satu2 nama ibukota provinsi jgn2 ibukota negara udh pindah pun gak tahu kemana,mungkin jaman sekarang ga ada ya pelajaran atau hapalan satu nama ibukota provinsi jgn ibukota negara udh pindah pun gak tahu kemana,mungkin jaman sekarang ga ada ya pelajaran atau hapalan satu nama ibukota provinsi jgn ibukota negara udh pindah pun gak tahu kemana,mungkin zaman sekarang tidak ada ya pelajaran atau hapalan satu nama ibukota provinsi jangan ibukota negara sudah pindah pun tidak tahu kemana,zaman pelajaran hapalan nama ibukota provinsi ibukota negara pindah kemana,zaman ajar hapalan nama ibukota provinsi ibukota negara pindah mana,Netral
@cakimiNOW Semoga yang mudik dr jakarta ke kampung halamannya selamat sampai tujuan dan sehat wal afiat dan semoga betah disono jgn balik lg ke jkrt krn udeh bukan ibukota lagi pindah ke ikn,semoga yang mudik dr jakarta ke kampung halamannya selamat sampai tujuan dan sehat wal afiat dan semoga betah disono jgn balik lg ke jkrt krn udeh bukan ibukota lagi pindah ke ikn,semoga yang mudik dr jakarta ke kampung halamannya selamat sampai tujuan dan sehat wal afiat dan semoga betah disono jgn balik lg ke jkrt krn udeh bukan ibukota lagi pindah ke ikn,semoga yang mudik dari jakarta ke kampung halamannya selamat sampai tujuan dan sehat wal afiat dan semoga betah disono jangan balik lagi ke jkrt karena sudah bukan ibukota lagi pindah ke ikn,semoga mudik jakarta kampung halamannya selamat tujuan sehat wal afiat semoga betah disono jkrt ibukota pindah ikn,moga mudik jakarta kampung halaman selamat tuju sehat wal afiat moga betah sono jkrt ibukota pindah ikn,Positif
@kikir @tanyakanrl ada yang salah juga tuh yang ngasih soal nggak teliti nih ibukota Kalimantan Selatan udah pindah bukan Banjarmasin lagi udah ganti jadi Banjarbaru,ada yang salah juga tuh yang ngasih soal nggak teliti nih ibukota kalimantan selatan udah pindah bukan banjarmasin lagi udah ganti jadi banjarbaru,ada yang salah juga tuh yang ngasih soal nggak teliti nih ibukota kalimantan selatan udah pindah bukan banjarmasin lagi udah ganti jadi banjarbaru,ada yang salah juga itu yang ngasih soal tidak teliti ini ibukota kalimantan selatan sudah pindah bukan banjarmasin lagi sudah ganti jadi banjarbaru,salah ngasih teliti ibukota kalimantan selatan pindah banjarmasin ganti banjarbaru,salah ngasih teliti ibukota kalimantan selatan pindah banjarmasin ganti banjarbaru,Negatif
@ARSIPAJA Ibukota kalimantan selatan perasaan udah pindah ke Banjarbaru...,ibukota kalimantan selatan perasaan udah pindah ke banjarbaru,ibukota kalimantan selatan perasaan udah pindah ke banjarbaru,ibukota kalimantan selatan perasaan sudah pindah ke banjarbaru,ibukota kalimantan selatan perasaan pindah banjarbaru,ibukota kalimantan selatan asa pindah banjarbaru,Netral
@kikir @tanyakanrl Sedih lihatnya karena menurutku gimanapun juga ini basic knowledge banget di Indonesia lho (': Fyi ibukota Kalsel udah pindah dari Banjarmasin ke Banjarbaru. Udah diatur dalam UU Nomor 8 Tahun 2022.,sedih lihatnya karena menurutku gimanapun juga ini basic knowledge banget di indonesia lho fyi ibukota kalsel udah pindah dari banjarmasin ke banjarbaru udah diatur dalam uu nomor tahun,sedih lihatnya karena menurutku gimanapun juga ini basic knowledge banget di indonesia lho fyi ibukota kalsel udah pindah dari banjarmasin ke banjarbaru udah diatur dalam uu nomor tahun,sedih lihatnya karena menurutku gimanapun juga ini basic knowledge sekali di indonesia lho fyi ibukota kalsel sudah pindah dari banjarmasin ke banjarbaru sudah diatur dalam uu nomor tahun,sedih lihatnya menurutku gimanapun basic knowledge indonesia fyi ibukota kalsel pindah banjarmasin banjarbaru diatur uu nomor,sedih lihat turut gimanapun basic knowledge indonesia fyi ibukota kalsel pindah banjarmasin banjarbaru atur uu nomor,Netral
@tanyakanrl Btw ibukota Kalimantan Selatan udah pindah ke Banjarbaru,btw ibukota kalimantan selatan udah pindah ke banjarbaru,btw ibukota kalimantan selatan udah pindah ke banjarbaru,omong ibukota kalimantan selatan sudah pindah ke banjarbaru,omong ibukota kalimantan selatan pindah banjarbaru,omong ibukota kalimantan selatan pindah banjarbaru,Netral
@kikir @tanyakanrl Ibukota Jawa Tengah Jambi Sejak kapan jambi pindah dari Sumatera,ibukota jawa tengah jambi sejak kapan jambi pindah dari sumatera,ibukota jawa tengah jambi sejak kapan jambi pindah dari sumatera,ibukota jawa tengah jambi sejak kapan jambi pindah dari sumatera,ibukota jawa jambi jambi pindah sumatera,ibukota jawa jambi jambi pindah sumatera,Netral
@dipsylemperabon kan udah pindah ibukota negara ga sih makanya bukan di Jakarta lagi tapi di ikn,kan udah pindah ibukota negara ga sih makanya bukan di jakarta lagi tapi di ikn,kan udah pindah ibukota negara ga sih makanya bukan di jakarta lagi tapi di ikn,kan sudah pindah ibukota negara tidak sih makanya bukan di jakarta lagi tapi di ikn,pindah ibukota negara jakarta ikn,pindah ibukota negara jakarta ikn,Netral
@Edqbal @Strategi_Bisnis Setuju. Tapi lebih ke traffic si di jawa trafficnya tinggi maka dari itu biar gak jawa sentris ibukota di pindah :),setuju tapi lebih ke traffic si di jawa trafficnya tinggi maka dari itu biar gak jawa sentris ibukota di pindah,setuju tapi lebih ke traffic si di jawa trafficnya tinggi maka dari itu biar gak jawa sentris ibukota di pindah,setuju tapi lebih ke traffic si di jawa trafficnya tinggi maka dari itu biar tidak jawa sentris ibukota di pindah,setuju traffic si jawa trafficnya biar jawa sentris ibukota pindah,tuju traffic si jawa trafficnya biar jawa sentris ibukota pindah,Positif
Lho ibukota kita mau pindah ke Kalimantan? Kirain selama ini bakalan pindah ke metaverse...,lho ibukota kita mau pindah ke kalimantan kirain selama ini bakalan pindah ke metaverse,lho ibukota kita mau pindah ke kalimantan kirain selama ini bakalan pindah ke metaverse,lho ibukota kita mau pindah ke kalimantan kirain selama ini akan pindah ke metaverse,ibukota pindah kalimantan kirain pindah metaverse,ibukota pindah kalimantan kirain pindah metaverse,Netral
@tanyakanrl Saya pikir saya termasuk orang yg bodoh. Setelah liat video ini dan bisa jawab semua ternyata masih banyak yg dibawah saya kebodohannya. Anjirlah jawabannya bisa dari Indonesia barat ke Indonesia timur. Fyi ibukota Kalsel sekarang pindah ke Banjarbaru.,saya pikir saya termasuk orang yg bodoh setelah liat video ini dan bisa jawab semua ternyata masih banyak yg dibawah saya kebodohannya anjirlah jawabannya bisa dari indonesia barat ke indonesia timur fyi ibukota kalsel sekarang pindah ke banjarbaru,saya pikir saya termasuk orang yg bodoh setelah liat video ini dan bisa jawab semua ternyata masih banyak yg dibawah saya kebodohannya anjirlah jawabannya bisa dari indonesia barat ke indonesia timur fyi ibukota kalsel sekarang pindah ke banjarbaru,aku pikir aku termasuk orang yang bodoh setelah lihat video ini dan bisa jawab semua ternyata masih banyak yang dibawah aku kebodohannya anjirlah jawabannya bisa dari indonesia barat ke indonesia timur fyi ibukota kalsel sekarang pindah ke banjarbaru,pikir orang bodoh lihat video dibawah kebodohannya anjirlah jawabannya indonesia barat indonesia timur fyi ibukota kalsel pindah banjarbaru,pikir orang bodoh lihat video bawah bodoh anjir jawab indonesia barat indonesia timur fyi ibukota kalsel pindah banjarbaru,Negatif
@tanyakanrl Kalo yg umur 40-an pasti hafal nama ibukota propinsi nama sungai nama gunung nama selat nama teluk kerajaan di nusantara nama2 pahlawan dsbnya...,kalo yg umur an pasti hafal nama ibukota propinsi nama sungai nama gunung nama selat nama teluk kerajaan di nusantara nama pahlawan dsbnya,kalo yg umur an pasti hafal nama ibukota propinsi nama sungai nama gunung nama selat nama teluk kerajaan di nusantara nama pahlawan dsbnya,kalau yang umur an pasti hafal nama ibukota propinsi nama sungai nama gunung nama selat nama teluk kerajaan di nusantara nama pahlawan dsbnya,umur an hafal nama ibukota propinsi nama sungai nama gunung nama selat nama teluk kerajaan nusantara nama pahlawan dsbnya,umur an hafal nama ibukota propinsi nama sungai nama gunung nama selat nama teluk raja nusantara nama pahlawan dsbnya,Netral
@cakimiNOW Sy jagain ibukota jakarta gus takut pindah diem2.,sy jagain ibukota jakarta gus takut pindah diem,sy jagain ibukota jakarta gus takut pindah diem,sy jagain ibukota jakarta gus takut pindah diam,sy jagain ibukota jakarta gus takut pindah diam,sy jagain ibukota jakarta gus takut pindah diam,Negatif
@kikir @tanyakanrl Btw itu ibukota Kalimantan Selatan udh pindah sejak 16 Maret 2022 dari yg sebelumnya di Banjarmasin pindah ke Banjarbaru,btw itu ibukota kalimantan selatan udh pindah sejak maret dari yg sebelumnya di banjarmasin pindah ke banjarbaru,btw itu ibukota kalimantan selatan udh pindah sejak maret dari yg sebelumnya di banjarmasin pindah ke banjarbaru,omong itu ibukota kalimantan selatan sudah pindah sejak maret dari yang sebelumnya di banjarmasin pindah ke banjarbaru,omong ibukota kalimantan selatan pindah maret banjarmasin pindah banjarbaru,omong ibukota kalimantan selatan pindah maret banjarmasin pindah banjarbaru,Netral
Fyi ibukota Kalsel sejak tanggal 16 Maret 2022 bukan lagi Banjarmasin sekarang sudah pindah ke Kota sebelahnya Banjarbaru,fyi ibukota kalsel sejak tanggal maret bukan lagi banjarmasin sekarang sudah pindah ke kota sebelahnya banjarbaru,fyi ibukota kalsel sejak tanggal maret bukan lagi banjarmasin sekarang sudah pindah ke kota sebelahnya banjarbaru,fyi ibukota kalsel sejak tanggal maret bukan lagi banjarmasin sekarang sudah pindah ke kota sebelahnya banjarbaru,fyi ibukota kalsel tanggal maret banjarmasin pindah kota sebelahnya banjarbaru,fyi ibukota kalsel tanggal maret banjarmasin pindah kota belah banjarbaru,Netral
eh ibukota udh resmi pindah??,eh ibukota udh resmi pindah,eh ibukota udh resmi pindah,eh ibukota sudah resmi pindah,ibukota resmi pindah,ibukota resmi pindah,Netral
@Eudithemonia Planet lain kan gua bukan di Ibukota. Btw Ibukota dah pindah IKN gak si,planet lain kan gua bukan di ibukota btw ibukota dah pindah ikn gak si,planet lain kan gua bukan di ibukota btw ibukota dah pindah ikn gak si,planet lain kan aku bukan di ibukota omong ibukota sudah pindah ikn tidak si,planet ibukota omong ibukota pindah ikn si,planet ibukota omong ibukota pindah ikn si,Netral
@zoonanology Suganth tos teu usum emg teu salah sih ibukota pindah,suganth tos teu usum emg teu salah sih ibukota pindah,suganth tos teu usum emg teu salah sih ibukota pindah,suganth tos teu usum memang teu salah sih ibukota pindah,suganth tos teu usum teu salah ibukota pindah,suganth tos teu usum teu salah ibukota pindah,Negatif
@tempodotco Kalo situ aja gamau pindah ngapain ibukota dipindah?,kalo situ aja gamau pindah ngapain ibukota dipindah,kalo situ aja gamau pindah ngapain ibukota dipindah,kalau situ saja gamau pindah apa ibukota dipindah,situ gamau pindah ibukota dipindah,situ gamau pindah ibukota pindah,Netral
@liputan6dotcom Mestinya waktu Jokowi ingin Ibukota pindah elu? pada jangan mau. Ini buktinya anggota? DPR ini kerjanya gak pake mikir hanya nafsu jadinya gampang berubah haluan Akhirnya cuman ngabisin duit rakyat yang diperoleh dari pajak dan ngutang,mestinya waktu jokowi ingin ibukota pindah elu pada jangan mau ini buktinya anggota dpr ini kerjanya gak pake mikir hanya nafsu jadinya gampang berubah haluan akhirnya cuman ngabisin duit rakyat yang diperoleh dari pajak dan ngutang,mestinya waktu jokowi ingin ibukota pindah elu pada jangan mau ini buktinya anggota dpr ini kerjanya gak pake mikir hanya nafsu jadinya gampang berubah haluan akhirnya cuman ngabisin duit rakyat yang diperoleh dari pajak dan ngutang,mestinya waktu jokowi ingin ibukota pindah elu pada jangan mau ini buktinya anggota dpr ini kerjanya tidak pakai mikir hanya nafsu jadinya gampang berubah haluan akhirnya hanya ngabisin uang rakyat yang diperoleh dari pajak dan ngutang,mestinya jokowi ibukota pindah elu buktinya anggota dpr kerjanya pakai mikir nafsu gampang berubah haluan ngabisin uang rakyat diperoleh pajak ngutang,mesti jokowi ibukota pindah elu bukti anggota dpr kerja pakai mikir nafsu gampang ubah haluan ngabisin uang rakyat oleh pajak ngutang,Netral
@tempodotco Sebenernya anggota DPR itu males pindah ke IKN sama kaya para ASN level staff. Yang punya agenda pindah ibukota ya para elitenya (menteri ketua parpol ASN eselon atas),sebenernya anggota dpr itu males pindah ke ikn sama kaya para asn level staff yang punya agenda pindah ibukota ya para elitenya menteri ketua parpol asn eselon atas,sebenernya anggota dpr itu males pindah ke ikn sama kaya para asn level staff yang punya agenda pindah ibukota ya para elitenya menteri ketua parpol asn eselon atas,sebenernya anggota dpr itu malas pindah ke ikn sama seperti para asn level staff yang punya agenda pindah ibukota ya para elitenya menteri ketua parpol asn eselon atas,sebenernya anggota dpr malas pindah ikn asn level staff agenda pindah ibukota elitenya menteri ketua parpol asn eselon,sebenernya anggota dpr malas pindah ikn asn level staff agenda pindah ibukota elite menteri ketua parpol asn eselon,Netral
Prabowo Tinjau Progres Pembangunan Istana Negara di IKN dan Persiapan HUT RI: Prabowo Subianto mengunjungi Ibukota Nusantara (IKN) di Kalimantan Timur untuk meninjau progres pembangunan Istana Negara. https://t.co/0FVN5EfCdL,prabowo tinjau progres pembangunan istana negara di ikn dan persiapan hut ri prabowo subianto mengunjungi ibukota nusantara ikn di kalimantan timur untuk meninjau progres pembangunan istana negara,prabowo tinjau progres pembangunan istana negara di ikn dan persiapan hut ri prabowo subianto mengunjungi ibukota nusantara ikn di kalimantan timur untuk meninjau progres pembangunan istana negara,prabowo tinjau progres pembangunan istana negara di ikn dan persiapan hut ri prabowo subianto mengunjungi ibukota nusantara ikn di kalimantan timur untuk meninjau progres pembangunan istana negara,tinjau progres pembangunan istana negara ikn persiapan hut ri subianto mengunjungi ibukota nusantara ikn kalimantan timur meninjau progres pembangunan istana negara,tinjau progres bangun istana negara ikn siap hut ri subianto unjung ibukota nusantara ikn kalimantan timur tinjau progres bangun istana negara,Netral
Lah goblok kan lu pada yang ngeiyain buat ibukota dipindahin. Ya masa lu pada kaga tau kalo ibukota pindah parlemen jg harus pindah. Sampe nolak pindah tolol.,lah goblok kan lu pada yang ngeiyain buat ibukota dipindahin ya masa lu pada kaga tau kalo ibukota pindah parlemen jg harus pindah sampe nolak pindah tolol,lah goblok kan lu pada yang ngeiyain buat ibukota dipindahin ya masa lu pada kaga tau kalo ibukota pindah parlemen jg harus pindah sampe nolak pindah tolol,lah goblok kan lu pada yang ngeiyain buat ibukota dipindahin ya masa lu pada tidak tau kalau ibukota pindah parlemen juga harus pindah sampai nolak pindah bodoh,goblok lu ngeiyain ibukota dipindahin lu tau ibukota pindah parlemen pindah nolak pindah bodoh,goblok lu ngeiyain ibukota dipindahin lu tau ibukota pindah parlemen pindah nolak pindah bodoh,Netral
@txtdrjkt jatohin truss biar rakyat makin yakin kan buat pindah ibukota,jatohin truss biar rakyat makin yakin kan buat pindah ibukota,jatohin truss biar rakyat makin yakin kan buat pindah ibukota,jatuhin truss biar rakyat makin yakin kan buat pindah ibukota,jatuhin truss biar rakyat pindah ibukota,jatuhin truss biar rakyat pindah ibukota,Netral
Jakarta sdh gak layak jadi ibukota lebih baik lo pada pindah aja ke kalimantan. Jadikan IKN layaknya setara Ibukota Jakarta spt programnya Amin,jakarta sdh gak layak jadi ibukota lebih baik lo pada pindah aja ke kalimantan jadikan ikn layaknya setara ibukota jakarta spt programnya amin,jakarta sdh gak layak jadi ibukota lebih baik lo pada pindah aja ke kalimantan jadikan ikn layaknya setara ibukota jakarta spt programnya amin,jakarta sudah tidak layak jadi ibukota lebih baik kamu pada pindah saja ke kalimantan jadikan ikn layaknya setara ibukota jakarta seperti programnya amin,jakarta layak ibukota pindah kalimantan jadikan ikn layaknya setara ibukota jakarta programnya amin,jakarta layak ibukota pindah kalimantan jadi ikn layak tara ibukota jakarta program amin,Positif
@liputan6dotcom Etapi ga heran ding krn PKS kan mmg ga pro ibukota pindah IKN,etapi ga heran ding krn pks kan mmg ga pro ibukota pindah ikn,etapi ga heran ding krn pks kan mmg ga pro ibukota pindah ikn,tapi tidak heran ding karena pks kan memang tidak pro ibukota pindah ikn,heran ding pks pro ibukota pindah ikn,heran ding pks pro ibukota pindah ikn,Netral
Oalah ternyata ini alasan saat pindah ibu kota lalu beberapa negara pisahkan ibukota presiden dan ibukota legislator,oalah ternyata ini alasan saat pindah ibu kota lalu beberapa negara pisahkan ibukota presiden dan ibukota legislator,oalah ternyata ini alasan saat pindah ibu kota lalu beberapa negara pisahkan ibukota presiden dan ibukota legislator,oalah ternyata ini alasan saat pindah ibu kota lalu beberapa negara pisahkan ibukota presiden dan ibukota legislator,oalah alasan pindah kota negara pisahkan ibukota presiden ibukota legislator,oalah alas pindah kota negara pisah ibukota presiden ibukota legislator,Netral
@Dennysiregar7 @DPR_RI Krn Investasi asing enggan masuk mk ada kemungkinan UU IKN akan diubah lf mengikuti kemauan investor asing. DPR sdh mulai ancang2 ambil sikap menolak perubahan UU tsb. Kalau tdk ada investor asing yg masuk mk IKN akan terbengkalai spt bbrp negara lain yg ingin pindah ibukota,krn investasi asing enggan masuk mk ada kemungkinan uu ikn akan diubah lf mengikuti kemauan investor asing dpr sdh mulai ancang ambil sikap menolak perubahan uu tsb kalau tdk ada investor asing yg masuk mk ikn akan terbengkalai spt bbrp negara lain yg ingin pindah ibukota,krn investasi asing enggan masuk mk ada kemungkinan uu ikn akan diubah lf mengikuti kemauan investor asing dpr sdh mulai ancang ambil sikap menolak perubahan uu tsb kalau tdk ada investor asing yg masuk mk ikn akan terbengkalai spt bbrp negara lain yg ingin pindah ibukota,karena investasi asing enggan masuk mk ada kemungkinan uu ikn akan diubah lf mengikuti kemauan investor asing dpr sudah mulai ancang ambil sikap menolak perubahan uu tersebut kalau tidak ada investor asing yang masuk mk ikn akan terbengkalai seperti beberapa negara lain yang ingin pindah ibukota,investasi asing enggan masuk mk uu ikn diubah lf mengikuti kemauan investor asing dpr ancang ambil sikap menolak perubahan uu investor asing masuk mk ikn terbengkalai negara pindah ibukota,investasi asing enggan masuk mk uu ikn ubah lf ikut mau investor asing dpr ancang ambil sikap tolak ubah uu investor asing masuk mk ikn bengkalai negara pindah ibukota,Negatif
@hobbynonton harusnya kan kalo udah ketok palu ibukota pindah ke sana udah tau dong apa2 aja yg bakalan pindah ke sana. bukannya seharusnya udah ada dokumen perencanaan gitu ya. ga masalahin ikn nya tp knp orang2 itu minta ga dipindah kan aneh wkwkwk,harusnya kan kalo udah ketok palu ibukota pindah ke sana udah tau dong apa aja yg bakalan pindah ke sana bukannya seharusnya udah ada dokumen perencanaan gitu ya ga masalahin ikn nya tp knp orang itu minta ga dipindah kan aneh wkwkwk,harusnya kan kalo udah ketok palu ibukota pindah ke sana udah tau dong apa aja yg bakalan pindah ke sana bukannya seharusnya udah ada dokumen perencanaan gitu ya ga masalahin ikn nya tp knp orang itu minta ga dipindah kan aneh wkwkwk,harusnya kan kalau sudah ketok palu ibukota pindah ke sana sudah tau dong apa saja yang akan pindah ke sana bukannya seharusnya sudah ada dokumen perencanaan gitu ya tidak masalahin ikn nya tapi kenapa orang itu minta tidak dipindah kan aneh wkwkwk,ketok palu ibukota pindah tau pindah dokumen perencanaan gitu masalahin ikn nya orang dipindah aneh,ketok palu ibukota pindah tau pindah dokumen rencana gitu masalahin ikn nya orang pindah aneh,Netral
Persiapan untuk peringatan Hari Kemerdekaan di Ibu Kota Nusantara berjalan lancar. #ikn #ibukotanusantara #ibukotanegara #ikn #nusantara #ibukota #17agustus2024 #upacarakemerdekaan #presidenjokowi #presidenjokowidodo #pembangunanikn https://t.co/Zo4v6LeAYV,persiapan untuk peringatan hari kemerdekaan di ibu kota nusantara berjalan lancar,persiapan untuk peringatan hari kemerdekaan di ibu kota nusantara berjalan lancar,persiapan untuk peringatan hari kemerdekaan di ibu kota nusantara berjalan lancar,persiapan peringatan kemerdekaan kota nusantara berjalan lancar,siap ingat merdeka kota nusantara jalan lancar,Netral
@NarasiNewsroom lahhhhh ngapain ibukota pindah ke IKN kalau geto pindah juga lah sana DPR nya,lahhhhh ngapain ibukota pindah ke ikn kalau geto pindah juga lah sana dpr nya,lahhhhh ngapain ibukota pindah ke ikn kalau geto pindah juga lah sana dpr nya,lahhhhh apa ibukota pindah ke ikn kalau geto pindah juga lah sana dpr nya,lahhhhh ibukota pindah ikn geto pindah dpr nya,lahhhhh ibukota pindah ikn geto pindah dpr nya,Netral
@detikcom Lama - lama IKN ini jadi semacam project halu orang tua dgn alesan pindah ibukota. Segala mobil terbang tiang listrik jawab arah.. Apalagi besok? Ada robot otonom yg bisa ngerjain banyak hal? Tolol.,lama lama ikn ini jadi semacam project halu orang tua dgn alesan pindah ibukota segala mobil terbang tiang listrik jawab arah apalagi besok ada robot otonom yg bisa ngerjain banyak hal tolol,lama lama ikn ini jadi semacam project halu orang tua dgn alesan pindah ibukota segala mobil terbang tiang listrik jawab arah apalagi besok ada robot otonom yg bisa ngerjain banyak hal tolol,lama lama ikn ini jadi semacam proyek halu orang tua dengan alasan pindah ibukota segala mobil terbang tiang listrik jawab arah apalagi besok ada robot otonom yang bisa ngerjain banyak hal bodoh,ikn proyek halu orang tua alasan pindah ibukota mobil terbang tiang listrik arah besok robot otonom ngerjain bodoh,ikn proyek halu orang tua alas pindah ibukota mobil terbang tiang listrik arah besok robot otonom ngerjain bodoh,Netral
@cnbcindonesia Pindah ke ikn lah mosok dpr ri tingganya ga di ibukota piye,pindah ke ikn lah mosok dpr ri tingganya ga di ibukota piye,pindah ke ikn lah mosok dpr ri tingganya ga di ibukota piye,pindah ke ikn lah mosok dpr ri tingganya tidak di ibukota bagaimana,pindah ikn mosok dpr ri tingganya ibukota,pindah ikn mosok dpr ri tingganya ibukota,Netral
@Dennysiregar7 @DPR_RI IKN harus pindah.. jakarta sudah diramal bakal tenggelam.. Kalo ga pindah trus ada tamu negara datang dan melihat ibukota kok banjir.. kan malu jadinya,ikn harus pindah jakarta sudah diramal bakal tenggelam kalo ga pindah trus ada tamu negara datang dan melihat ibukota kok banjir kan malu jadinya,ikn harus pindah jakarta sudah diramal bakal tenggelam kalo ga pindah trus ada tamu negara datang dan melihat ibukota kok banjir kan malu jadinya,ikn harus pindah jakarta sudah diramal akan tenggelam kalau tidak pindah terus ada tamu negara datang dan melihat ibukota kok banjir kan malu jadinya,ikn pindah jakarta diramal tenggelam pindah tamu negara ibukota banjir malu,ikn pindah jakarta ramal tenggelam pindah tamu negara ibukota banjir malu,Netral
@pejabrut Dibuang ke ibukota (nusantara),dibuang ke ibukota nusantara,dibuang ke ibukota nusantara,dibuang ke ibukota nusantara,dibuang ibukota nusantara,buang ibukota nusantara,Netral
@janggelanungu Bagi mereka intinya pindah ibukota gak peduli analisis perencanaan dari perspektif lain.,bagi mereka intinya pindah ibukota gak peduli analisis perencanaan dari perspektif lain,bagi mereka intinya pindah ibukota gak peduli analisis perencanaan dari perspektif lain,bagi mereka intinya pindah ibukota tidak peduli analisis perencanaan dari perspektif lain,intinya pindah ibukota peduli analisis perencanaan perspektif,inti pindah ibukota peduli analisis rencana perspektif,Netral
Apakah ibukota sementara pindah ke solo?,apakah ibukota sementara pindah ke solo,apakah ibukota sementara pindah ke solo,apakah ibukota sementara pindah ke solo,ibukota pindah solo,ibukota pindah solo,Netral
@pakaipeci Sengaja ditutup itu sumur biar banjir dan biar kelihatan JKT gak cocok lagi jdi ibukota disuruh pindah ke IKN,sengaja ditutup itu sumur biar banjir dan biar kelihatan jkt gak cocok lagi jdi ibukota disuruh pindah ke ikn,sengaja ditutup itu sumur biar banjir dan biar kelihatan jkt gak cocok lagi jdi ibukota disuruh pindah ke ikn,sengaja ditutup itu sumur biar banjir dan biar kelihatan jakarta tidak cocok lagi jadi ibukota disuruh pindah ke ikn,sengaja ditutup sumur biar banjir biar jakarta cocok ibukota disuruh pindah ikn,sengaja tutup sumur biar banjir biar jakarta cocok ibukota suruh pindah ikn,Netral
Lha kenapa ga pada segera aja presiden beserta kabinetnya pindah ke IBUKOTA BARU sono! Mana Bahlil? Angkut juga para buzzer2 ... https://t.co/OcaNMqyME6,lha kenapa ga pada segera aja presiden beserta kabinetnya pindah ke ibukota baru sono mana bahlil angkut juga para buzzer,lha kenapa ga pada segera aja presiden beserta kabinetnya pindah ke ibukota baru sono mana bahlil angkut juga para buzzer,lha kenapa tidak pada segera saja presiden beserta kabinetnya pindah ke ibukota baru sono mana bahlil angkut juga para buzzer,lha presiden beserta kabinetnya pindah ibukota sono bahlil angkut buzzer,lha presiden serta kabinet pindah ibukota sono bahlil angkut buzzer,Netral
@tvOneNews pindah ke IKN sana skrg Jakarta uda bkn lg ibukota negara..,pindah ke ikn sana skrg jakarta uda bkn lg ibukota negara,pindah ke ikn sana skrg jakarta uda bkn lg ibukota negara,pindah ke ikn sana sekarang jakarta sudah bkn lagi ibukota negara,pindah ikn jakarta bkn ibukota negara,pindah ikn jakarta bkn ibukota negara,Netral
UNTUNG WAN YAMAN KEOK ! Capres Anies &amp; PKS ingin batalkan IKN Nusantara ibukota tetap di Jakarta. Anies tuding proyek IKN menciptakan ketimpangan baru mendirikan satu kota besar di tengah hutan. https://t.co/mhuC8RaRvp @NyaiiBubu @iBon_65 @Bnie18 @DharmaSayoga @Bambang_Budimab,untung wan yaman keok capres anies amp pks ingin batalkan ikn nusantara ibukota tetap di jakarta anies tuding proyek ikn menciptakan ketimpangan baru mendirikan satu kota besar di tengah hutan,untung wan yaman keok capres anies amp pks ingin batalkan ikn nusantara ibukota tetap di jakarta anies tuding proyek ikn menciptakan ketimpangan baru mendirikan satu kota besar di tengah hutan,untung wan yaman keok capres anies sampai pks ingin batalkan ikn nusantara ibukota tetap di jakarta anies tuding proyek ikn menciptakan ketimpangan baru mendirikan satu kota besar di tengah hutan,untung wan yaman keok capres pks batalkan ikn nusantara ibukota jakarta tuding proyek ikn menciptakan ketimpangan mendirikan kota hutan,untung wan yaman keok capres pks batal ikn nusantara ibukota jakarta tuding proyek ikn cipta timpang diri kota hutan,Netral
@tvOneNews Ibukota pindah ke Depok &amp; Citayem,ibukota pindah ke depok amp citayem,ibukota pindah ke depok amp citayem,ibukota pindah ke depok sampai citayem,ibukota pindah depok citayem,ibukota pindah depok citayem,Netral
Status DKI Jakarta sebagai ibukota negara sudah berakhir sejak 15 Februari. Itu artinya sebentar lagi Nusantara Kaltim akan resmi sebagai ibukota negara Indonesia https://t.co/coGvoId5rr,status dki jakarta sebagai ibukota negara sudah berakhir sejak februari itu artinya sebentar lagi nusantara kaltim akan resmi sebagai ibukota negara indonesia,status dki jakarta sebagai ibukota negara sudah berakhir sejak februari itu artinya sebentar lagi nusantara kaltim akan resmi sebagai ibukota negara indonesia,status dki jakarta sebagai ibukota negara sudah berakhir sejak februari itu artinya sebentar lagi nusantara kaltim akan resmi sebagai ibukota negara indonesia,status dki jakarta ibukota negara februari sebentar nusantara kaltim resmi ibukota negara indonesia,status dki jakarta ibukota negara februari sebentar nusantara kaltim resmi ibukota negara indonesia,Netral
@tvOneNews Apakah Ibukota RI sudah pindah ke SOLO ?,apakah ibukota ri sudah pindah ke solo,apakah ibukota ri sudah pindah ke solo,apakah ibukota ri sudah pindah ke solo,ibukota ri pindah solo,ibukota ri pindah solo,Netral
Dgn berlakunya ibukota baru IKN seharusnya dari mulai presiden menteri2 dan pejabat negara lainnya Harusnya Pindah dong ke IKN ngapain di Jakarta ???jakarta akan tenggelam akibat banjir dan gub salah program,dgn berlakunya ibukota baru ikn seharusnya dari mulai presiden menteri dan pejabat negara lainnya harusnya pindah dong ke ikn ngapain di jakarta jakarta akan tenggelam akibat banjir dan gub salah program,dgn berlakunya ibukota baru ikn seharusnya dari mulai presiden menteri dan pejabat negara lainnya harusnya pindah dong ke ikn ngapain di jakarta jakarta akan tenggelam akibat banjir dan gub salah program,dengan berlakunya ibukota baru ikn seharusnya dari mulai presiden menteri dan pejabat negara lainnya harusnya pindah dong ke ikn apa di jakarta jakarta akan tenggelam akibat banjir dan gub salah program,berlakunya ibukota ikn presiden menteri pejabat negara pindah ikn jakarta jakarta tenggelam akibat banjir gub salah program,laku ibukota ikn presiden menteri jabat negara pindah ikn jakarta jakarta tenggelam akibat banjir gub salah program,Negatif
Berakhir Status Ibu Kota Negara Jakarta sebagai ibu kota negara habis pada 15 Februari lalu. Status Jakarta sebagai ibukota sendiri baru bisa tergantikan oleh IKN Nusantara di apabila Keputusan Presiden terkait terbit. @suryasena53 @Bambang_Budimab @wangi_mentik @DharmaSayoga,berakhir status ibu kota negara jakarta sebagai ibu kota negara habis pada februari lalu status jakarta sebagai ibukota sendiri baru bisa tergantikan oleh ikn nusantara di apabila keputusan presiden terkait terbit,berakhir status ibu kota negara jakarta sebagai ibu kota negara habis pada februari lalu status jakarta sebagai ibukota sendiri baru bisa tergantikan oleh ikn nusantara di apabila keputusan presiden terkait terbit,berakhir status ibu kota negara jakarta sebagai ibu kota negara habis pada februari lalu status jakarta sebagai ibukota sendiri baru bisa tergantikan oleh ikn nusantara di apabila keputusan presiden terkait terbit,status kota negara jakarta kota negara habis februari status jakarta ibukota tergantikan ikn nusantara keputusan presiden terkait terbit,status kota negara jakarta kota negara habis februari status jakarta ibukota ganti ikn nusantara putus presiden kait terbit,Netral
@tvOneNews Ayo pindah dong kan secara uud jakarta bukan lagi ibukota kok masih bercokol di jakarta?,ayo pindah dong kan secara uud jakarta bukan lagi ibukota kok masih bercokol di jakarta,ayo pindah dong kan secara uud jakarta bukan lagi ibukota kok masih bercokol di jakarta,ayo pindah dong kan secara uud jakarta bukan lagi ibukota kok masih bercokol di jakarta,ayo pindah uud jakarta ibukota bercokol jakarta,ayo pindah uud jakarta ibukota cokol jakarta,Netral
@cobeh2022 Dgn berlakunya ibukota baru IKN seharusnya dari mulai presiden menteri2 dan pejabat negara lainnya Harusnya Pindah dong ke IKN ngapain di Jakarta ???,dgn berlakunya ibukota baru ikn seharusnya dari mulai presiden menteri dan pejabat negara lainnya harusnya pindah dong ke ikn ngapain di jakarta,dgn berlakunya ibukota baru ikn seharusnya dari mulai presiden menteri dan pejabat negara lainnya harusnya pindah dong ke ikn ngapain di jakarta,dengan berlakunya ibukota baru ikn seharusnya dari mulai presiden menteri dan pejabat negara lainnya harusnya pindah dong ke ikn apa di jakarta,berlakunya ibukota ikn presiden menteri pejabat negara pindah ikn jakarta,laku ibukota ikn presiden menteri jabat negara pindah ikn jakarta,Netral
@KangSemproel @tvOneNews Kalo Jakarta sdh bukan ibukota sebaiknya usir saja si anu itu spy sgr nempati habitat aslinya di Hutan Nusantara.,kalo jakarta sdh bukan ibukota sebaiknya usir saja si anu itu spy sgr nempati habitat aslinya di hutan nusantara,kalo jakarta sdh bukan ibukota sebaiknya usir saja si anu itu spy sgr nempati habitat aslinya di hutan nusantara,kalau jakarta sudah bukan ibukota sebaiknya usir saja si anu itu spy sgr nempati habitat aslinya di hutan nusantara,jakarta ibukota usir si anu spy sgr nempati habitat aslinya hutan nusantara,jakarta ibukota usir si anu spy sgr nempati habitat asli hutan nusantara,Netral
@tvOneNews Ibukota pindah solo,ibukota pindah solo,ibukota pindah solo,ibukota pindah solo,ibukota pindah solo,ibukota pindah solo,Netral
@tvOneNews Kami Sekecamatan mengucapkan Bodo Amat !!! Rakyat taunya ada harga sembako murah BBM subsidi pendidikan murah mau ada ibukota kek kau pindah kek Bukan Urusan Saya.,kami sekecamatan mengucapkan bodo amat rakyat taunya ada harga sembako murah bbm subsidi pendidikan murah mau ada ibukota kek kau pindah kek bukan urusan saya,kami sekecamatan mengucapkan bodo amat rakyat taunya ada harga sembako murah bbm subsidi pendidikan murah mau ada ibukota kek kau pindah kek bukan urusan saya,kami sekecamatan mengucapkan bodoh sekali rakyat taunya ada harga sembako murah bbm subsidi pendidikan murah mau ada ibukota seperti kau pindah seperti bukan urusan aku,sekecamatan bodoh rakyat taunya harga sembako murah bbm subsidi pendidikan murah ibukota kau pindah urusan,camat bodoh rakyat tau harga sembako murah bbm subsidi didik murah ibukota kau pindah urus,Netral
IKN Nusantara akan jadi ibukota negara yg terbaik. Semuanya didesain berbasis state of the art of technology termasuk sumber energi bersih yg didukung teknologi pintar berbasis Artificial Intelligence (AI). FB IG Devina Amel Mark Zuckerberg Ganjar Fitra Eri Heru Budi Ini X https://t.co/qSeJG5I9qV,ikn nusantara akan jadi ibukota negara yg terbaik semuanya didesain berbasis state of the art of technology termasuk sumber energi bersih yg didukung teknologi pintar berbasis artificial intelligence ai fb ig devina amel mark zuckerberg ganjar fitra eri heru budi ini x,ikn nusantara akan jadi ibukota negara yg terbaik semuanya didesain berbasis state of the art of technology termasuk sumber energi bersih yg didukung teknologi pintar berbasis artificial intelligence ai fb ig devina amel mark zuckerberg ganjar fitra eri heru budi ini x,ikn nusantara akan jadi ibukota negara yang terbaik semuanya didesain berbasis state of sebuah art of technology termasuk sumber energi bersih yang didukung teknologi pintar berbasis artificial intelligence ai fb ig devina amel mark zuckerberg ganjar fitra eri heru budi ini x,ikn nusantara ibukota negara terbaik didesain berbasis state of art of technology sumber energi bersih didukung teknologi pintar berbasis artificial intelligence ai fb ig devina amel mark zuckerberg fitra eri heru budi x,ikn nusantara ibukota negara baik desain bas state of art of technology sumber energi bersih dukung teknologi pintar bas artificial intelligence ai fb ig devina amel mark zuckerberg fitra eri heru budi x,Positif
yaudah yg dukung IKN buruan pindah dari Jkt ke Ibukota baru kan Jakarta #bukanibukotalagi buruan sono hus hus ngurus negara kok gini amat sih.. #brengsek https://t.co/NyM9NQwdhB,yaudah yg dukung ikn buruan pindah dari jkt ke ibukota baru kan jakarta buruan sono hus hus ngurus negara kok gini amat sih,yaudah yg dukung ikn buruan pindah dari jkt ke ibukota baru kan jakarta buruan sono hus hus ngurus negara kok gini amat sih,yasudah yang dukung ikn buruan pindah dari jakarta ke ibukota baru kan jakarta buruan sono hus hus ngurus negara kok gini sekali sih,yasudah dukung ikn buruan pindah jakarta ibukota jakarta buruan sono hus hus ngurus negara gini,yasudah dukung ikn buru pindah jakarta ibukota jakarta buru sono hus hus ngurus negara gin,Positif
@tvOneNews Berarti mmg dari 2007 sdh disiapkan rencana penggantian ibukota. Presiden2 sblmnya tdk berani mengambil keputusan hanya Jokowi tegas pindah ibukota. Harusnya dr 2007 sdh disiapkan yg baru skr pasti sdh pindah. Yg ribut skr mending diam sj.,berarti mmg dari sdh disiapkan rencana penggantian ibukota presiden sblmnya tdk berani mengambil keputusan hanya jokowi tegas pindah ibukota harusnya dr sdh disiapkan yg baru skr pasti sdh pindah yg ribut skr mending diam sj,berarti mmg dari sdh disiapkan rencana penggantian ibukota presiden sblmnya tdk berani mengambil keputusan hanya jokowi tegas pindah ibukota harusnya dr sdh disiapkan yg baru skr pasti sdh pindah yg ribut skr mending diam sj,berarti memang dari sudah disiapkan rencana penggantian ibukota presiden sblmnya tidak berani mengambil keputusan hanya jokowi tegas pindah ibukota harusnya dari sudah disiapkan yang baru skr pasti sudah pindah yang ribut skr mending diam sj,disiapkan rencana penggantian ibukota presiden sblmnya berani mengambil keputusan jokowi pindah ibukota disiapkan skr pindah ribut skr mending diam sj,siap rencana ganti ibukota presiden sblmnya berani ambil putus jokowi pindah ibukota siap skr pindah ribut skr mending diam sj,Negatif
@ridwanhr Sri sultan hamengku nuswantara Jan Etes lagi mereview mobil terbang PP Ibukota Nusantara - Jakarta bersama Legend Otomotif sekaligus Ex Gubernur Jateng Ridwan Hanif.,sri sultan hamengku nuswantara jan etes lagi mereview mobil terbang pp ibukota nusantara jakarta bersama legend otomotif sekaligus ex gubernur jateng ridwan hanif,sri sultan hamengku nuswantara jan etes lagi mereview mobil terbang pp ibukota nusantara jakarta bersama legend otomotif sekaligus ex gubernur jateng ridwan hanif,sri sultan hamengku nuswantara jan etes lagi mereview mobil terbang pp ibukota nusantara jakarta bersama legend otomotif sekaligus ex gubernur jateng ridwan hanif,sri sultan hamengku nuswantara jan etes mereview mobil terbang pp ibukota nusantara jakarta legend otomotif ex gubernur jateng ridwan hanif,sri sultan hamengku nuswantara jan etes mereview mobil terbang pp ibukota nusantara jakarta legend otomotif ex gubernur jateng ridwan hanif,Netral
Siapa yang peduli sama alasan pindah ibukota kalo Jakarta udah kayak kolam renang? @kuroonumerouno https://t.co/jGAta17Pok,siapa yang peduli sama alasan pindah ibukota kalo jakarta udah kayak kolam renang,siapa yang peduli sama alasan pindah ibukota kalo jakarta udah kayak kolam renang,siapa yang peduli sama alasan pindah ibukota kalau jakarta sudah seperti kolam renang,peduli alasan pindah ibukota jakarta kolam renang,peduli alas pindah ibukota jakarta kolam renang,Netral
Udah lah jangan bikin alasan aja buat pindah ibukota @KENAN9A https://t.co/L89lk2uyeX,udah lah jangan bikin alasan aja buat pindah ibukota,udah lah jangan bikin alasan aja buat pindah ibukota,sudah lah jangan bikin alasan saja buat pindah ibukota,bikin alasan pindah ibukota,bikin alas pindah ibukota,Netral
@tvOneNews Ibukota pindah ke Solo saja,ibukota pindah ke solo saja,ibukota pindah ke solo saja,ibukota pindah ke solo saja,ibukota pindah solo,ibukota pindah solo,Netral
@tvOneNews Rezim paling amburadul ibukota blm pindah status jakarta sebagai ibukota sdh habis kan gila,rezim paling amburadul ibukota blm pindah status jakarta sebagai ibukota sdh habis kan gila,rezim paling amburadul ibukota blm pindah status jakarta sebagai ibukota sdh habis kan gila,rezim paling acak ibukota belum pindah status jakarta sebagai ibukota sudah habis kan gila,rezim acak ibukota pindah status jakarta ibukota habis gila,rezim acak ibukota pindah status jakarta ibukota habis gila,Negatif
@tvOneNews Sebegitu niat nya sampe ibukota pindah ke kota buatan yg masi hutan weleh2,sebegitu niat nya sampe ibukota pindah ke kota buatan yg masi hutan weleh,sebegitu niat nya sampe ibukota pindah ke kota buatan yg masi hutan weleh,sebegitu niat nya sampai ibukota pindah ke kota buatan yang masih hutan weleh,niat nya ibukota pindah kota buatan hutan weleh,niat nya ibukota pindah kota buat hutan weh,Netral
Masih aja mikirin pindah ibukota daripada atasi banjir @laviablue https://t.co/7YpOPK1gBW,masih aja mikirin pindah ibukota daripada atasi banjir,masih aja mikirin pindah ibukota daripada atasi banjir,masih saja mikirin pindah ibukota daripada atasi banjir,mikirin pindah ibukota atasi banjir,mikirin pindah ibukota atas banjir,Netral
Udah jelas ada yang bikin Jakarta banjir biar alasan pindah ibukota makin kuat @LilisaSijeuni24 https://t.co/vPqVNcyZMu,udah jelas ada yang bikin jakarta banjir biar alasan pindah ibukota makin kuat,udah jelas ada yang bikin jakarta banjir biar alasan pindah ibukota makin kuat,sudah jelas ada yang bikin jakarta banjir biar alasan pindah ibukota makin kuat,bikin jakarta banjir biar alasan pindah ibukota kuat,bikin jakarta banjir biar alas pindah ibukota kuat,Netral
Nggak peduli sama rakyat yang penting pindah ibukota @lovelyjkee https://t.co/6Kz6WYmBQg,nggak peduli sama rakyat yang penting pindah ibukota,nggak peduli sama rakyat yang penting pindah ibukota,tidak peduli sama rakyat yang penting pindah ibukota,peduli rakyat pindah ibukota,peduli rakyat pindah ibukota,Netral
Banjir gak ada habisnya tapi malah pindah ibukota jadi fokus Nggak logis @lushciouszh https://t.co/pGvlqanXWo,banjir gak ada habisnya tapi malah pindah ibukota jadi fokus nggak logis,banjir gak ada habisnya tapi malah pindah ibukota jadi fokus nggak logis,banjir tidak ada habisnya tapi malah pindah ibukota jadi fokus tidak logis,banjir habisnya pindah ibukota fokus logis,banjir habis pindah ibukota fokus logis,Netral
Jakarta banjir tapi solusinya malah pindah ibukota Nggak masuk akal @luvmatcha7 https://t.co/wfWXCvaYv0,jakarta banjir tapi solusinya malah pindah ibukota nggak masuk akal,jakarta banjir tapi solusinya malah pindah ibukota nggak masuk akal,jakarta banjir tapi solusinya malah pindah ibukota tidak masuk akal,jakarta banjir solusinya pindah ibukota masuk akal,jakarta banjir solusi pindah ibukota masuk akal,Netral
Lebih baik atasin banjir daripada mikirin pindah ibukota @luvleykjw https://t.co/awZm5glv6J,lebih baik atasin banjir daripada mikirin pindah ibukota,lebih baik atasin banjir daripada mikirin pindah ibukota,lebih baik atasin banjir daripada mikirin pindah ibukota,atasin banjir mikirin pindah ibukota,atasin banjir mikirin pindah ibukota,Positif
@opposite6892 Apakah ini kesengajaan supaya Jakarta terendam banjir dan pindah ibukota ke IKN menjadi sesuatu yg harus dilakukan..,apakah ini kesengajaan supaya jakarta terendam banjir dan pindah ibukota ke ikn menjadi sesuatu yg harus dilakukan,apakah ini kesengajaan supaya jakarta terendam banjir dan pindah ibukota ke ikn menjadi sesuatu yg harus dilakukan,apakah ini kesengajaan supaya jakarta terendam banjir dan pindah ibukota ke ikn menjadi sesuatu yang harus dilakukan,kesengajaan jakarta terendam banjir pindah ibukota ikn,sengaja jakarta rendam banjir pindah ibukota ikn,Netral
@adhams tidak ada korelasi yg kuat antara letak ibukota/pindah ibukota dengan pemerataan,tidak ada korelasi yg kuat antara letak ibukotapindah ibukota dengan pemerataan,tidak ada korelasi yg kuat antara letak ibukotapindah ibukota dengan pemerataan,tidak ada korelasi yang kuat antara letak ibukotapindah ibukota dengan pemerataan,korelasi kuat letak ibukotapindah ibukota pemerataan,korelasi kuat letak ibukotapindah ibukota perata,Netral
Bukan kreatif tapi bener-bener bikin risih Gimana bisa banjir jadi alasan pindah ibukota? Lah kok gitu @llvtrjo https://t.co/kD5aLiG2z8,bukan kreatif tapi benerbener bikin risih gimana bisa banjir jadi alasan pindah ibukota lah kok gitu,bukan kreatif tapi benerbener bikin risih gimana bisa banjir jadi alasan pindah ibukota lah kok gitu,bukan kreatif tapi benerbener bikin risih gimana bisa banjir jadi alasan pindah ibukota lah kok gitu,kreatif benerbener bikin risih gimana banjir alasan pindah ibukota gitu,kreatif benerbener bikin risih gimana banjir alas pindah ibukota gitu,Netral
@H4T14K4LN4L42 @jokowi @psi_id Jakarta memang sengaja untuk ditenggelamkan biar ada alasan ibukota pindah ke IKN,jakarta memang sengaja untuk ditenggelamkan biar ada alasan ibukota pindah ke ikn,jakarta memang sengaja untuk ditenggelamkan biar ada alasan ibukota pindah ke ikn,jakarta memang sengaja untuk ditenggelamkan biar ada alasan ibukota pindah ke ikn,jakarta sengaja ditenggelamkan biar alasan ibukota pindah ikn,jakarta sengaja tenggelam biar alas ibukota pindah ikn,Netral
@opposite6892 Jakarta sengaja ditenggelamkan biar ada alasan ibukota pindah ke IKN,jakarta sengaja ditenggelamkan biar ada alasan ibukota pindah ke ikn,jakarta sengaja ditenggelamkan biar ada alasan ibukota pindah ke ikn,jakarta sengaja ditenggelamkan biar ada alasan ibukota pindah ke ikn,jakarta sengaja ditenggelamkan biar alasan ibukota pindah ikn,jakarta sengaja tenggelam biar alas ibukota pindah ikn,Netral
Jakarta banjir keknya sengaja banget biar alasan pindah ibukota makin kuat Ngeri @lucastronomi https://t.co/tORbJorUyw,jakarta banjir keknya sengaja banget biar alasan pindah ibukota makin kuat ngeri,jakarta banjir keknya sengaja banget biar alasan pindah ibukota makin kuat ngeri,jakarta banjir keknya sengaja sekali biar alasan pindah ibukota makin kuat ngeri,jakarta banjir keknya sengaja biar alasan pindah ibukota kuat ngeri,jakarta banjir kek sengaja biar alas pindah ibukota kuat ngeri,Netral
@cnbcindonesia Kenapa ibukota pindah? Karena...,kenapa ibukota pindah karena,kenapa ibukota pindah karena,kenapa ibukota pindah karena,ibukota pindah,ibukota pindah,Netral
@opposite6892 Luar biasa hebatnya pj Gub DKI jakarta membuatkan kolam renang gratis buat warganya. Mereka enak enak di istana dan menikmati fasilitas yg di kasihkan oleh negara melalui pajak. Luar biasa ini akan menjadi landasan kuatnya utk pindahkan ibukota nusantara,luar biasa hebatnya pj gub dki jakarta membuatkan kolam renang gratis buat warganya mereka enak enak di istana dan menikmati fasilitas yg di kasihkan oleh negara melalui pajak luar biasa ini akan menjadi landasan kuatnya utk pindahkan ibukota nusantara,luar biasa hebatnya pj gub dki jakarta membuatkan kolam renang gratis buat warganya mereka enak enak di istana dan menikmati fasilitas yg di kasihkan oleh negara melalui pajak luar biasa ini akan menjadi landasan kuatnya utk pindahkan ibukota nusantara,luar biasa hebatnya pj gub dki jakarta membuatkan kolam renang gratis buat warganya mereka enak enak di istana dan menikmati fasilitas yang di kasihkan oleh negara melalui pajak luar biasa ini akan menjadi landasan kuatnya untuk pindahkan ibukota nusantara,hebatnya pj gub dki jakarta membuatkan kolam renang gratis warganya enak enak istana menikmati fasilitas kasihkan negara pajak landasan kuatnya pindahkan ibukota nusantara,hebat pj gub dki jakarta buat kolam renang gratis warga enak enak istana nikmat fasilitas kasih negara pajak landas kuat pindah ibukota nusantara,Netral
@adhams Nope. IKN itu lebih ke proyek Mercusuar aja pemerataan ya bukan pindah Ibukota tapi bagaimana membangun kota supaya bisa berdiri sendiri,nope ikn itu lebih ke proyek mercusuar aja pemerataan ya bukan pindah ibukota tapi bagaimana membangun kota supaya bisa berdiri sendiri,nope ikn itu lebih ke proyek mercusuar aja pemerataan ya bukan pindah ibukota tapi bagaimana membangun kota supaya bisa berdiri sendiri,nope ikn itu lebih ke proyek mercusuar saja pemerataan ya bukan pindah ibukota tapi bagaimana membangun kota supaya bisa berdiri sendiri,nope ikn proyek mercusuar pemerataan pindah ibukota membangun kota berdiri,nope ikn proyek mercusuar perata pindah ibukota bangun kota diri,Netral
Presiden Joko Widodo resmikan command center tahap 1 Ibukota Negara Nusantara. https://t.co/w6cRHQ2AGk,presiden joko widodo resmikan command center tahap ibukota negara nusantara,presiden joko widodo resmikan command center tahap ibukota negara nusantara,presiden joko widodo resmikan command center tahap ibukota negara nusantara,presiden joko widodo resmikan command center tahap ibukota negara nusantara,presiden joko widodo resmi command center tahap ibukota negara nusantara,Netral
@_Cheesetea_ @mainanda08 @calendzr @tanyarlfes Rencana pindah ibukota bahkan sebelum kamu atau saya lahir,rencana pindah ibukota bahkan sebelum kamu atau saya lahir,rencana pindah ibukota bahkan sebelum kamu atau saya lahir,rencana pindah ibukota bahkan sebelum kamu atau aku lahir,rencana pindah ibukota lahir,rencana pindah ibukota lahir,Netral
@palingteguh @sociotalker Ibukota ini semua mengakui sebagai proyek jokowi secara egois dia pengen dikenang di monumen ikn pindah ibukota boleh hanya saja ya di kota yang sudah ada sebelumnya dan tidak masalah kalau menjadi kota sepi seperti canberra toh intinya memindah pusat2 pemerintahan saja,ibukota ini semua mengakui sebagai proyek jokowi secara egois dia pengen dikenang di monumen ikn pindah ibukota boleh hanya saja ya di kota yang sudah ada sebelumnya dan tidak masalah kalau menjadi kota sepi seperti canberra toh intinya memindah pusat pemerintahan saja,ibukota ini semua mengakui sebagai proyek jokowi secara egois dia pengen dikenang di monumen ikn pindah ibukota boleh hanya saja ya di kota yang sudah ada sebelumnya dan tidak masalah kalau menjadi kota sepi seperti canberra toh intinya memindah pusat pemerintahan saja,ibukota ini semua mengakui sebagai proyek jokowi secara egois dia ingin dikenang di monumen ikn pindah ibukota boleh hanya saja ya di kota yang sudah ada sebelumnya dan tidak masalah kalau menjadi kota sepi seperti canberra toh intinya memindah pusat pemerintahan saja,ibukota mengakui proyek jokowi egois dikenang monumen ikn pindah ibukota kota kota sepi canberra intinya memindah pusat pemerintahan,ibukota aku proyek jokowi egois kenang monumen ikn pindah ibukota kota kota sepi canberra inti pindah pusat perintah,Negatif
@polyanthumm @Sesa_Opas @ardi_tama1 Makanya omong kosong kalo ada yg bilang pindah ibukota = pemerataan. Lebih baik budget 500T dibagi 38 Prov masing2 Prov kebagian 13T.,makanya omong kosong kalo ada yg bilang pindah ibukota pemerataan lebih baik budget t dibagi prov masing prov kebagian t,makanya omong kosong kalo ada yg bilang pindah ibukota pemerataan lebih baik budget t dibagi prov masing prov kebagian t,makanya omong kosong kalau ada yang bilang pindah ibukota pemerataan lebih baik biaya t dibagi prov masing prov kebagian t,omong kosong bilang pindah ibukota pemerataan biaya t dibagi prov prov kebagian t,omong kosong bilang pindah ibukota perata biaya t bagi prov prov bagi t,Positif
Agar ada alasan pindah ibukota Jika benar sumur resapan di cor Betapa jahatnya kalian,agar ada alasan pindah ibukota jika benar sumur resapan di cor betapa jahatnya kalian,agar ada alasan pindah ibukota jika benar sumur resapan di cor betapa jahatnya kalian,agar ada alasan pindah ibukota jika benar sumur resapan di cor betapa jahatnya kalian,alasan pindah ibukota sumur resapan cor betapa jahatnya,alas pindah ibukota sumur resap cor betapa jahat,Netral
@democrazymedia Mungkin biar ada alasan pindah ibukota ke pulau Konoha yg sedang dibangun. (Berandai andai aja ini bukan realita) Ini hanya cerita fiktif belaka.,mungkin biar ada alasan pindah ibukota ke pulau konoha yg sedang dibangun berandai andai aja ini bukan realita ini hanya cerita fiktif belaka,mungkin biar ada alasan pindah ibukota ke pulau konoha yg sedang dibangun berandai andai aja ini bukan realita ini hanya cerita fiktif belaka,mungkin biar ada alasan pindah ibukota ke pulau konoha yang sedang dibangun berandai andai saja ini bukan realita ini hanya cerita fiktif belaka,biar alasan pindah ibukota pulau konoha dibangun berandai andai realita cerita fiktif belaka,biar alas pindah ibukota pulau konoha bangun beranda andai realita cerita fiktif belaka,Netral
@sociotalker Ga semua proyek pindah ibukota gagal kok. Banyak jg proyek pindah ibukota yang berhasil. Brazil pindah ibukota dari Rio ke Brasilia di 1960. Aussy jg berhasil pindahin ibukotanya dari Melbourne ke Canberra. Jadi emang prosesnya itu tergantung dari tujuan pindahnya itu kenapa.,ga semua proyek pindah ibukota gagal kok banyak jg proyek pindah ibukota yang berhasil brazil pindah ibukota dari rio ke brasilia di aussy jg berhasil pindahin ibukotanya dari melbourne ke canberra jadi emang prosesnya itu tergantung dari tujuan pindahnya itu kenapa,ga semua proyek pindah ibukota gagal kok banyak jg proyek pindah ibukota yang berhasil brazil pindah ibukota dari rio ke brasilia di aussy jg berhasil pindahin ibukotanya dari melbourne ke canberra jadi emang prosesnya itu tergantung dari tujuan pindahnya itu kenapa,tidak semua proyek pindah ibukota gagal kok banyak juga proyek pindah ibukota yang berhasil brazil pindah ibukota dari rio ke brasilia di aussy juga berhasil pindahin ibukotanya dari melbourne ke canberra jadi memang prosesnya itu tergantung dari tujuan pindahnya itu kenapa,proyek pindah ibukota gagal proyek pindah ibukota berhasil brazil pindah ibukota rio brasilia aussy berhasil pindahin ibukotanya melbourne canberra prosesnya tergantung tujuan pindahnya,proyek pindah ibukota gagal proyek pindah ibukota hasil brazil pindah ibukota rio brasilia aussy hasil pindahin ibukotanya melbourne canberra proses gantung tuju pindah,Positif
@opposite6892 Sengaja agar ibukota pindah ke ikn,sengaja agar ibukota pindah ke ikn,sengaja agar ibukota pindah ke ikn,sengaja agar ibukota pindah ke ikn,sengaja ibukota pindah ikn,sengaja ibukota pindah ikn,Netral
@sefkelik Kesultanan di Sumatera Timur itu dahulu taklukan Kerajaan Siak bang di Traktat Siak 1858 masih tertulis pembagian wilayah taklukan Siak setelah 1865 booming tembakau baru secara ekonomi mereka tumbuh apatah lagi setelah ibukota Residen Pantai Timur pindah ke Medan.,kesultanan di sumatera timur itu dahulu taklukan kerajaan siak bang di traktat siak masih tertulis pembagian wilayah taklukan siak setelah booming tembakau baru secara ekonomi mereka tumbuh apatah lagi setelah ibukota residen pantai timur pindah ke medan,kesultanan di sumatera timur itu dahulu taklukan kerajaan siak bang di traktat siak masih tertulis pembagian wilayah taklukan siak setelah booming tembakau baru secara ekonomi mereka tumbuh apatah lagi setelah ibukota residen pantai timur pindah ke medan,kesultanan di sumatera timur itu dahulu taklukan kerajaan siak kakak di traktat siak masih tertulis pembagian wilayah taklukan siak setelah booming tembakau baru secara ekonomi mereka tumbuh apatah lagi setelah ibukota residen pantai timur pindah ke medan,kesultanan sumatera timur taklukan kerajaan siak kakak traktat siak tertulis pembagian wilayah taklukan siak booming tembakau ekonomi tumbuh ibukota residen pantai timur pindah medan,sultan sumatera timur takluk raja siak kakak traktat siak tulis bagi wilayah takluk siak booming tembakau ekonomi tumbuh ibukota residen pantai timur pindah medan,Netral
@palingteguh @sociotalker Kalau saya menolak pindah ibukota yg bangun kota dari nol.mending kota yg sudah ada.alasannya ya jelas biaya.,kalau saya menolak pindah ibukota yg bangun kota dari nolmending kota yg sudah adaalasannya ya jelas biaya,kalau saya menolak pindah ibukota yg bangun kota dari nolmending kota yg sudah adaalasannya ya jelas biaya,kalau aku menolak pindah ibukota yang bangun kota dari nolmending kota yang sudah adaalasannya ya jelas biaya,menolak pindah ibukota bangun kota nolmending kota adaalasannya biaya,tolak pindah ibukota bangun kota nolmending kota adaalasannya biaya,Negatif
@sociotalker Pindah ibukota spy susah di demo sulit digulingkan kekuasaaanya...naif sekali yg percaya kl demi pemerataan pembangunan....kl memang niat uda Dari dulu dibangun Kalimantan mulai dr infrastruktur,pindah ibukota spy susah di demo sulit digulingkan kekuasaaanyanaif sekali yg percaya kl demi pemerataan pembangunankl memang niat uda dari dulu dibangun kalimantan mulai dr infrastruktur,pindah ibukota spy susah di demo sulit digulingkan kekuasaaanyanaif sekali yg percaya kl demi pemerataan pembangunankl memang niat uda dari dulu dibangun kalimantan mulai dr infrastruktur,pindah ibukota spy susah di demo sulit digulingkan kekuasaaanyanaif sekali yang percaya kalau demi pemerataan pembangunankl memang niat sudah dari dulu dibangun kalimantan mulai dari infrastruktur,pindah ibukota spy susah demo sulit digulingkan kekuasaaanyanaif percaya pemerataan pembangunankl niat dibangun kalimantan infrastruktur,pindah ibukota spy susah demo sulit guling kekuasaaanyanaif percaya perata pembangunankl niat bangun kalimantan infrastruktur,Negatif
@adhams 78 tahun kemudian ternyata ekonomi hanya berpusat di jawa dan kalimantan pemerintah akhirnya memindahkan ibukota ke sumatera lalu 78 tahun kemudian pindah lagi ke sulawesi lalu 78 tahun lagi ke papua.,tahun kemudian ternyata ekonomi hanya berpusat di jawa dan kalimantan pemerintah akhirnya memindahkan ibukota ke sumatera lalu tahun kemudian pindah lagi ke sulawesi lalu tahun lagi ke papua,tahun kemudian ternyata ekonomi hanya berpusat di jawa dan kalimantan pemerintah akhirnya memindahkan ibukota ke sumatera lalu tahun kemudian pindah lagi ke sulawesi lalu tahun lagi ke papua,tahun kemudian ternyata ekonomi hanya berpusat di jawa dan kalimantan pemerintah akhirnya memindahkan ibukota ke sumatera lalu tahun kemudian pindah lagi ke sulawesi lalu tahun lagi ke papua,ekonomi berpusat jawa kalimantan pemerintah memindahkan ibukota sumatera pindah sulawesi papua,ekonomi pusat jawa kalimantan perintah pindah ibukota sumatera pindah sulawesi papua,Netral
@pakaipeci Apakah ini termasuk skenario agar ibukota pindah ke IKN ?,apakah ini termasuk skenario agar ibukota pindah ke ikn,apakah ini termasuk skenario agar ibukota pindah ke ikn,apakah ini termasuk skenario agar ibukota pindah ke ikn,skenario ibukota pindah ikn,skenario ibukota pindah ikn,Netral
Apakah kalau ibukota pindah ini ikut dibawa?,apakah kalau ibukota pindah ini ikut dibawa,apakah kalau ibukota pindah ini ikut dibawa,apakah kalau ibukota pindah ini ikut dibawa,ibukota pindah dibawa,ibukota pindah bawa,Netral
@TeknisiKampong @palingteguh @sociotalker Pindah ke yg udah ada pun bakal jd rebutan proyek &amp; bakal bnyk kepala daerah yg cemburu jk daerahnya tdk dijadikn sbg calon ibukota baru. Akn mngganggu stabilitas politik ekonomi &amp; aktivitas warga. Mgkn aja biayanya lbh besar lg. Hrs bongkar2 dan bangun kembali yg sdh dibongkar.,pindah ke yg udah ada pun bakal jd rebutan proyek amp bakal bnyk kepala daerah yg cemburu jk daerahnya tdk dijadikn sbg calon ibukota baru akn mngganggu stabilitas politik ekonomi amp aktivitas warga mgkn aja biayanya lbh besar lg hrs bongkar dan bangun kembali yg sdh dibongkar,pindah ke yg udah ada pun bakal jd rebutan proyek amp bakal bnyk kepala daerah yg cemburu jk daerahnya tdk dijadikn sbg calon ibukota baru akn mngganggu stabilitas politik ekonomi amp aktivitas warga mgkn aja biayanya lbh besar lg hrs bongkar dan bangun kembali yg sdh dibongkar,pindah ke yang sudah ada pun akan jadi rebutan proyek sampai akan banyak kepala daerah yang cemburu gurau daerahnya tidak dijadikn sebagai calon ibukota baru akn mngganggu stabilitas politik ekonomi sampai aktivitas warga mgkn saja biayanya lebih besar lagi harus bongkar dan bangun kembali yang sudah dibongkar,pindah rebutan proyek kepala daerah cemburu gurau daerahnya dijadikn calon ibukota akn mngganggu stabilitas politik ekonomi aktivitas warga mgkn biayanya bongkar bangun dibongkar,pindah rebut proyek kepala daerah cemburu gurau daerah dijadikn calon ibukota akn mngganggu stabilitas politik ekonomi aktivitas warga mgkn biaya bongkar bangun bongkar,Netral
@palingteguh @sociotalker Menolak pindah ibukota dari nol Karna kita sudah banyak kota kenapa ga mengembangkan kota yang ada. Simple Itu bangun ibukota dari nol statusnya juga dipertanyakan bangun ibukota untuk negara atau untuk kepentingan semata? Karena negara ga cuma tentang ibukota,menolak pindah ibukota dari nol karna kita sudah banyak kota kenapa ga mengembangkan kota yang ada simple itu bangun ibukota dari nol statusnya juga dipertanyakan bangun ibukota untuk negara atau untuk kepentingan semata karena negara ga cuma tentang ibukota,menolak pindah ibukota dari nol karna kita sudah banyak kota kenapa ga mengembangkan kota yang ada simple itu bangun ibukota dari nol statusnya juga dipertanyakan bangun ibukota untuk negara atau untuk kepentingan semata karena negara ga cuma tentang ibukota,menolak pindah ibukota dari nol karena kita sudah banyak kota kenapa tidak mengembangkan kota yang ada simple itu bangun ibukota dari nol statusnya juga dipertanyakan bangun ibukota untuk negara atau untuk kepentingan semata karena negara tidak hanya tentang ibukota,menolak pindah ibukota nol kota mengembangkan kota simple bangun ibukota nol statusnya bangun ibukota negara kepentingan negara ibukota,tolak pindah ibukota nol kota kembang kota simple bangun ibukota nol status bangun ibukota negara penting negara ibukota,Negatif
@palingteguh @sociotalker Pindah ibukotanya bener2 bikin kota baru dan itu ga realistis klo kita ngeliat kondisi ekonomi Indonesia klo misal nih pindah ibukota ke kota yg udh settle ga perlu buang APBN sebanyak itu mah realistis aja,pindah ibukotanya bener bikin kota baru dan itu ga realistis klo kita ngeliat kondisi ekonomi indonesia klo misal nih pindah ibukota ke kota yg udh settle ga perlu buang apbn sebanyak itu mah realistis aja,pindah ibukotanya bener bikin kota baru dan itu ga realistis klo kita ngeliat kondisi ekonomi indonesia klo misal nih pindah ibukota ke kota yg udh settle ga perlu buang apbn sebanyak itu mah realistis aja,pindah ibukotanya benar bikin kota baru dan itu tidak realistis kalau kita ngeliat kondisi ekonomi indonesia kalau misal ini pindah ibukota ke kota yang sudah settle tidak perlu buang apbn sebanyak itu mah realistis saja,pindah ibukotanya bikin kota realistis ngeliat kondisi ekonomi indonesia pindah ibukota kota settle buang apbn mah realistis,pindah ibukotanya bikin kota realistis ngeliat kondisi ekonomi indonesia pindah ibukota kota settle buang apbn mah realistis,Netral
Nyari alasan buat pindah ibukota tapi yang ini overkill banget @nanairosub https://t.co/O0aqagoUgg,nyari alasan buat pindah ibukota tapi yang ini overkill banget,nyari alasan buat pindah ibukota tapi yang ini overkill banget,nyari alasan buat pindah ibukota tapi yang ini overkill sekali,nyari alasan pindah ibukota overkill,nyari alas pindah ibukota overkill,Netral
Mau pindah ibukota boleh tapi gak pake cara kotor kayak gini @mollyexoo9 https://t.co/qgZqbyrcSB,mau pindah ibukota boleh tapi gak pake cara kotor kayak gini,mau pindah ibukota boleh tapi gak pake cara kotor kayak gini,mau pindah ibukota boleh tapi tidak pakai cara kotor seperti gini,pindah ibukota pakai kotor gini,pindah ibukota pakai kotor gin,Negatif
Apa urusan pindah ibukota kalau rakyat masih terendam banjir? @nupya_ https://t.co/DL0zGN3Rie,apa urusan pindah ibukota kalau rakyat masih terendam banjir,apa urusan pindah ibukota kalau rakyat masih terendam banjir,apa urusan pindah ibukota kalau rakyat masih terendam banjir,urusan pindah ibukota rakyat terendam banjir,urus pindah ibukota rakyat rendam banjir,Netral
Jakarta terendam yohanes sibuk bernyanyi lagu pindah ibukota @nsavirad https://t.co/iiy67re59W,jakarta terendam yohanes sibuk bernyanyi lagu pindah ibukota,jakarta terendam yohanes sibuk bernyanyi lagu pindah ibukota,jakarta terendam yohanes sibuk bernyanyi lagu pindah ibukota,jakarta terendam yohanes sibuk bernyanyi lagu pindah ibukota,jakarta rendam yohanes sibuk nyanyi lagu pindah ibukota,Netral
Warga Jakarta dahulu korban banjir sekarang ditambah lagi dengan rencana pindah ibukota @neoctvi https://t.co/6UgSPzHiP5,warga jakarta dahulu korban banjir sekarang ditambah lagi dengan rencana pindah ibukota,warga jakarta dahulu korban banjir sekarang ditambah lagi dengan rencana pindah ibukota,warga jakarta dahulu korban banjir sekarang ditambah lagi dengan rencana pindah ibukota,warga jakarta korban banjir ditambah rencana pindah ibukota,warga jakarta korban banjir tambah rencana pindah ibukota,Negatif
@OposisiCerdas Ngarang saja... ibukota sdh ijin pindah oleh UU,ngarang saja ibukota sdh ijin pindah oleh uu,ngarang saja ibukota sdh ijin pindah oleh uu,ngarang saja ibukota sudah izin pindah oleh uu,ngarang ibukota izin pindah uu,ngarang ibukota izin pindah uu,Netral
Jakarta banjir yohanes sibuk pindah ibukota apa logikanya? @nisnismanis03 https://t.co/T1Ut39o8wd,jakarta banjir yohanes sibuk pindah ibukota apa logikanya,jakarta banjir yohanes sibuk pindah ibukota apa logikanya,jakarta banjir yohanes sibuk pindah ibukota apa logikanya,jakarta banjir yohanes sibuk pindah ibukota logikanya,jakarta banjir yohanes sibuk pindah ibukota logika,Netral
Jakarta kucel gini mendingan fokus nyari solusi daripada pindah-pindah ibukota @odoy_sange https://t.co/SdQjcIPS5w,jakarta kucel gini mendingan fokus nyari solusi daripada pindahpindah ibukota,jakarta kucel gini mendingan fokus nyari solusi daripada pindahpindah ibukota,jakarta kucel gini mendingan fokus nyari solusi daripada pindahpindah ibukota,jakarta kucel gini mendingan fokus nyari solusi pindahpindah ibukota,jakarta kucel gin mending fokus nyari solusi pindahpindah ibukota,Positif
Jakarta terendam yohanes sibuk impor ide pindah ibukota gimana mau maju? @nikislovr https://t.co/YHYNFrv1iK,jakarta terendam yohanes sibuk impor ide pindah ibukota gimana mau maju,jakarta terendam yohanes sibuk impor ide pindah ibukota gimana mau maju,jakarta terendam yohanes sibuk impor ide pindah ibukota gimana mau maju,jakarta terendam yohanes sibuk impor ide pindah ibukota gimana maju,jakarta rendam yohanes sibuk impor ide pindah ibukota gimana maju,Positif
Investasi China Masuk Ke Ibukota Nusantara https://t.co/8DkNJjnFTq,investasi china masuk ke ibukota nusantara,investasi china masuk ke ibukota nusantara,investasi china masuk ke ibukota nusantara,investasi china masuk ibukota nusantara,investasi china masuk ibukota nusantara,Netral
Urusan warga diabaikan pindah ibukota jadi prioritas utama gimana gitu? @naurologyz https://t.co/kD5aLiG2z8,urusan warga diabaikan pindah ibukota jadi prioritas utama gimana gitu,urusan warga diabaikan pindah ibukota jadi prioritas utama gimana gitu,urusan warga diabaikan pindah ibukota jadi prioritas utama gimana gitu,urusan warga diabaikan pindah ibukota prioritas utama gimana gitu,urus warga abai pindah ibukota prioritas utama gimana gitu,Netral
Banjir mulu di Jakarta terus yang diurus cuma bikin alasan pindah ibukota @RafliAbdiMalikR https://t.co/6UgSPzHiP5,banjir mulu di jakarta terus yang diurus cuma bikin alasan pindah ibukota,banjir mulu di jakarta terus yang diurus cuma bikin alasan pindah ibukota,banjir selalu di jakarta terus yang diurus hanya bikin alasan pindah ibukota,banjir jakarta diurus bikin alasan pindah ibukota,banjir jakarta urus bikin alas pindah ibukota,Netral
Bikin banjir demi pindah ibukota? Tega banget sih @pindkypiee_ https://t.co/My7p68Dkmk,bikin banjir demi pindah ibukota tega banget sih,bikin banjir demi pindah ibukota tega banget sih,bikin banjir demi pindah ibukota tega sekali sih,bikin banjir pindah ibukota tega,bikin banjir pindah ibukota tega,Netral
Alasan ibukota pindah? Kreatif maksimal @ra_ddenly https://t.co/JgBsOIeRSD,alasan ibukota pindah kreatif maksimal,alasan ibukota pindah kreatif maksimal,alasan ibukota pindah kreatif maksimal,alasan ibukota pindah kreatif maksimal,alas ibukota pindah kreatif maksimal,Netral
Banjir jadi pengingat ibukota harus pindah @readytoloveuji https://t.co/JDTKmYv14k,banjir jadi pengingat ibukota harus pindah,banjir jadi pengingat ibukota harus pindah,banjir jadi pengingat ibukota harus pindah,banjir pengingat ibukota pindah,banjir ingat ibukota pindah,Netral
Niatnya pindah ibukota tapi bikin Jakarta tambah kacau @rgrs02 https://t.co/mCnLrWbKr1,niatnya pindah ibukota tapi bikin jakarta tambah kacau,niatnya pindah ibukota tapi bikin jakarta tambah kacau,niatnya pindah ibukota tapi bikin jakarta tambah kacau,niatnya pindah ibukota bikin jakarta kacau,niat pindah ibukota bikin jakarta kacau,Negatif
Rakyat disusahin demi ambisi pindah ibukota @ranakhunsa https://t.co/oMAMorYDhl,rakyat disusahin demi ambisi pindah ibukota,rakyat disusahin demi ambisi pindah ibukota,rakyat disusahin demi ambisi pindah ibukota,rakyat disusahin ambisi pindah ibukota,rakyat disusahin ambisi pindah ibukota,Netral
Jakarta banjir terus malah dibuat-buat alasan pindah ibukota @rian_rjp https://t.co/8V9Siy1IZv,jakarta banjir terus malah dibuatbuat alasan pindah ibukota,jakarta banjir terus malah dibuatbuat alasan pindah ibukota,jakarta banjir terus malah dibuatbuat alasan pindah ibukota,jakarta banjir dibuatbuat alasan pindah ibukota,jakarta banjir dibuatbuat alas pindah ibukota,Netral
Yang bikin ibukota banjir terus malah pada bawa-bawa pindah ibukota @rinnirich https://t.co/DDHCtSt2oY,yang bikin ibukota banjir terus malah pada bawabawa pindah ibukota,yang bikin ibukota banjir terus malah pada bawabawa pindah ibukota,yang bikin ibukota banjir terus malah pada bawabawa pindah ibukota,bikin ibukota banjir bawabawa pindah ibukota,bikin ibukota banjir bawabawa pindah ibukota,Netral
Seakan-akan sengaja diulur biar pindah ibukota cepet kesampaian @rapwunzel https://t.co/hkaGgAHM4X,seakanakan sengaja diulur biar pindah ibukota cepet kesampaian,seakanakan sengaja diulur biar pindah ibukota cepet kesampaian,seakanakan sengaja diulur biar pindah ibukota cepat kesampaian,seakanakan sengaja diulur biar pindah ibukota cepat,seakanakan sengaja ulur biar pindah ibukota cepat,Netral
Jakarta banjir terus malah dibikin-bikin alasan pindah ibukota @rangga___dwipa https://t.co/QdXoBG6Io1,jakarta banjir terus malah dibikinbikin alasan pindah ibukota,jakarta banjir terus malah dibikinbikin alasan pindah ibukota,jakarta banjir terus malah dibikinbikin alasan pindah ibukota,jakarta banjir dibikinbikin alasan pindah ibukota,jakarta banjir dibikinbikin alas pindah ibukota,Netral
Yang ada malah bikin alasan pindah ibukota padahal Jakarta banjir terus @rafar_intherain https://t.co/3Y9BOaQWGf,yang ada malah bikin alasan pindah ibukota padahal jakarta banjir terus,yang ada malah bikin alasan pindah ibukota padahal jakarta banjir terus,yang ada malah bikin alasan pindah ibukota padahal jakarta banjir terus,bikin alasan pindah ibukota jakarta banjir,bikin alas pindah ibukota jakarta banjir,Netral
@khainis95840631 @palingteguh @sociotalker Urusan negara ya di ibukota baru lah..kan semua kementrian pindah,urusan negara ya di ibukota baru lahkan semua kementrian pindah,urusan negara ya di ibukota baru lahkan semua kementrian pindah,urusan negara ya di ibukota baru lahkan semua kementrian pindah,urusan negara ibukota lahkan kementrian pindah,urus negara ibukota lah tri pindah,Netral
Yang penting apa bikin pindah ibukota? Nggak logis @noyesarangeri https://t.co/xdW5IbmB73,yang penting apa bikin pindah ibukota nggak logis,yang penting apa bikin pindah ibukota nggak logis,yang penting apa bikin pindah ibukota tidak logis,bikin pindah ibukota logis,bikin pindah ibukota logis,Netral
Harusnya mikirin kepentingan rakyat dulu daripada urusan pindah ibukota @notforyou130 https://t.co/sSicENJfRS,harusnya mikirin kepentingan rakyat dulu daripada urusan pindah ibukota,harusnya mikirin kepentingan rakyat dulu daripada urusan pindah ibukota,harusnya mikirin kepentingan rakyat dulu daripada urusan pindah ibukota,mikirin kepentingan rakyat urusan pindah ibukota,mikirin penting rakyat urus pindah ibukota,Netral
Pindah ibukota dengan cara kayak gini? Ngaco @oheyitsdey https://t.co/Swe9XUuhNw,pindah ibukota dengan cara kayak gini ngaco,pindah ibukota dengan cara kayak gini ngaco,pindah ibukota dengan cara seperti gini kacau,pindah ibukota gini kacau,pindah ibukota gin kacau,Netral
Mana mungkin bikin banjir buat pindah ibukota? @normallyasian_ https://t.co/dvjtcvGnD1,mana mungkin bikin banjir buat pindah ibukota,mana mungkin bikin banjir buat pindah ibukota,mana mungkin bikin banjir buat pindah ibukota,bikin banjir pindah ibukota,bikin banjir pindah ibukota,Netral
Udah banjir masih aja sibuk pindah ibukota Prioritas mana? @potatooochipss https://t.co/jGAta17Pok,udah banjir masih aja sibuk pindah ibukota prioritas mana,udah banjir masih aja sibuk pindah ibukota prioritas mana,sudah banjir masih saja sibuk pindah ibukota prioritas mana,banjir sibuk pindah ibukota prioritas,banjir sibuk pindah ibukota prioritas,Netral
Jakarta banjir malah mikirin pindah ibukota Kurang ajar banget @onyourfebs https://t.co/125sflluDt,jakarta banjir malah mikirin pindah ibukota kurang ajar banget,jakarta banjir malah mikirin pindah ibukota kurang ajar banget,jakarta banjir malah mikirin pindah ibukota kurang ajar sekali,jakarta banjir mikirin pindah ibukota ajar,jakarta banjir mikirin pindah ibukota ajar,Netral
Tarik duit buat proyek pindah ibukota bukan buat perbaiki Jakarta @onyoura_saa https://t.co/Hq67dc7ES0,tarik duit buat proyek pindah ibukota bukan buat perbaiki jakarta,tarik duit buat proyek pindah ibukota bukan buat perbaiki jakarta,tarik uang buat proyek pindah ibukota bukan buat perbaiki jakarta,tarik uang proyek pindah ibukota perbaiki jakarta,tarik uang proyek pindah ibukota baik jakarta,Netral
@palingteguh @sociotalker menolak pindah ke kota yang dibangun dari nol dan ga transparan dri segi apapun. tapi sepertinya jg gaada kota yang bener2 siap jadi ibukota kedua unless bangun dari nol. kalo pun ada tetep akan banyak adjustmentnya apalagi dengan desas desus yang requestnya banyak,menolak pindah ke kota yang dibangun dari nol dan ga transparan dri segi apapun tapi sepertinya jg gaada kota yang bener siap jadi ibukota kedua unless bangun dari nol kalo pun ada tetep akan banyak adjustmentnya apalagi dengan desas desus yang requestnya banyak,menolak pindah ke kota yang dibangun dari nol dan ga transparan dri segi apapun tapi sepertinya jg gaada kota yang bener siap jadi ibukota kedua unless bangun dari nol kalo pun ada tetep akan banyak adjustmentnya apalagi dengan desas desus yang requestnya banyak,menolak pindah ke kota yang dibangun dari nol dan tidak transparan dari segi apapun tapi sepertinya juga tidak ada kota yang benar siap jadi ibukota kedua unless bangun dari nol kalau pun ada tetap akan banyak adjustmentnya apalagi dengan desas desus yang requestnya banyak,menolak pindah kota dibangun nol transparan segi apapun tidak ada kota ibukota unless bangun nol adjustmentnya desas desus requestnya,tolak pindah kota bangun nol transparan segi apa tidak ada kota ibukota unless bangun nol adjustmentnya desas desus requestnya,Netral
Nggak peduli sama Jakarta fokusnya pindah ibukota @onyourm__iqi https://t.co/zxU0pOQfk7,nggak peduli sama jakarta fokusnya pindah ibukota,nggak peduli sama jakarta fokusnya pindah ibukota,tidak peduli sama jakarta fokusnya pindah ibukota,peduli jakarta fokusnya pindah ibukota,peduli jakarta fokus pindah ibukota,Netral
@misskadrun_ @msaid_didu Unsurnya memang d sengaja biar ibukota pindah ke IKN,unsurnya memang d sengaja biar ibukota pindah ke ikn,unsurnya memang d sengaja biar ibukota pindah ke ikn,unsurnya memang di sengaja biar ibukota pindah ke ikn,unsurnya sengaja biar ibukota pindah ikn,unsur sengaja biar ibukota pindah ikn,Netral
Gila sih bikin alasan konyol buat pindah ibukota @s010427 https://t.co/o0mDyFKqT5,gila sih bikin alasan konyol buat pindah ibukota,gila sih bikin alasan konyol buat pindah ibukota,gila sih bikin alasan konyol buat pindah ibukota,gila bikin alasan konyol pindah ibukota,gila bikin alas konyol pindah ibukota,Netral
Nyari alasan pindah ibukota Jakarta jadi tumbal @ruki2017sakura https://t.co/eMie6kqdCH,nyari alasan pindah ibukota jakarta jadi tumbal,nyari alasan pindah ibukota jakarta jadi tumbal,nyari alasan pindah ibukota jakarta jadi tumbal,nyari alasan pindah ibukota jakarta tumbal,nyari alas pindah ibukota jakarta tumbal,Netral
Alasan pindah ibukota semakin kenceng dengan banjir terus @quizyra https://t.co/jscRrWeAcV,alasan pindah ibukota semakin kenceng dengan banjir terus,alasan pindah ibukota semakin kenceng dengan banjir terus,alasan pindah ibukota semakin cepat dengan banjir terus,alasan pindah ibukota cepat banjir,alas pindah ibukota cepat banjir,Netral
Banjir jadi alasan untuk pindah ibukota tapi siapa yang peduli sama warga? @radishluvie https://t.co/dvjtcvGnD1,banjir jadi alasan untuk pindah ibukota tapi siapa yang peduli sama warga,banjir jadi alasan untuk pindah ibukota tapi siapa yang peduli sama warga,banjir jadi alasan untuk pindah ibukota tapi siapa yang peduli sama warga,banjir alasan pindah ibukota peduli warga,banjir alas pindah ibukota peduli warga,Netral
Nyari sensasi pindah ibukota malah bikin sakit hati rakyat @ryder0929 https://t.co/T5vUZ8SN1J,nyari sensasi pindah ibukota malah bikin sakit hati rakyat,nyari sensasi pindah ibukota malah bikin sakit hati rakyat,nyari sensasi pindah ibukota malah bikin sakit hati rakyat,nyari sensasi pindah ibukota bikin sakit hati rakyat,nyari sensasi pindah ibukota bikin sakit hati rakyat,Netral
Keputusan yang bikin pusing kepala Jakarta dibuat banjir cuma buat alasan pindah ibukota @RPuswari https://t.co/2N0kVPBqfs,keputusan yang bikin pusing kepala jakarta dibuat banjir cuma buat alasan pindah ibukota,keputusan yang bikin pusing kepala jakarta dibuat banjir cuma buat alasan pindah ibukota,keputusan yang bikin pusing kepala jakarta dibuat banjir hanya buat alasan pindah ibukota,keputusan bikin pusing kepala jakarta banjir alasan pindah ibukota,putus bikin pusing kepala jakarta banjir alas pindah ibukota,Netral
Jakarta banjir tapi malah mikirin pindah ibukota Nggak fokus @reankeitwilight https://t.co/IQOLaZDYpk,jakarta banjir tapi malah mikirin pindah ibukota nggak fokus,jakarta banjir tapi malah mikirin pindah ibukota nggak fokus,jakarta banjir tapi malah mikirin pindah ibukota tidak fokus,jakarta banjir mikirin pindah ibukota fokus,jakarta banjir mikirin pindah ibukota fokus,Netral
Pindah ibukota kah jawaban atas semua masalah Jakarta? @shotaberrycake https://t.co/VeZdOxytpU,pindah ibukota kah jawaban atas semua masalah jakarta,pindah ibukota kah jawaban atas semua masalah jakarta,pindah ibukota kah jawaban atas semua masalah jakarta,pindah ibukota kah jakarta,pindah ibukota kah jakarta,Negatif
Duh kayaknya udah waktunya nih bukan pindah ibukota tapi pindah pemimpin yang beneran peduli sama rakyat @secretralys https://t.co/Fx4XDIe673,duh kayaknya udah waktunya nih bukan pindah ibukota tapi pindah pemimpin yang beneran peduli sama rakyat,duh kayaknya udah waktunya nih bukan pindah ibukota tapi pindah pemimpin yang beneran peduli sama rakyat,aduh kayaknya sudah waktunya ini bukan pindah ibukota tapi pindah pemimpin yang beneran peduli sama rakyat,aduh kayaknya pindah ibukota pindah pemimpin beneran peduli rakyat,aduh kayak pindah ibukota pindah pimpin beneran peduli rakyat,Netral
Masih bisa di maklumin kalo ga hafal nama ibukota luar jawa. Tp kalo di pulau jawa aja lu skip dahlah. Pindah negara bila perlu pindah planet sanaa Soalnya jaman SD disuruh hafalin noh 33prov (waktu itu) kalo ngga hafal ngga bole pulang.,masih bisa di maklumin kalo ga hafal nama ibukota luar jawa tp kalo di pulau jawa aja lu skip dahlah pindah negara bila perlu pindah planet sanaa soalnya jaman sd disuruh hafalin noh prov waktu itu kalo ngga hafal ngga bole pulang,masih bisa di maklumin kalo ga hafal nama ibukota luar jawa tp kalo di pulau jawa aja lu skip dahlah pindah negara bila perlu pindah planet sanaa soalnya jaman sd disuruh hafalin noh prov waktu itu kalo ngga hafal ngga bole pulang,masih bisa di maklumin kalau tidak hafal nama ibukota luar jawa tapi kalau di pulau jawa saja lu skip dahlah pindah negara bila perlu pindah planet sanaa soalnya zaman sd disuruh hafalin noh prov waktu itu kalau tidak hafal tidak bole pulang,maklumin hafal nama ibukota jawa pulau jawa lu skip dahlah pindah negara pindah planet sanaa zaman sd disuruh hafalin noh prov hafal bole pulang,maklumin hafal nama ibukota jawa pulau jawa lu skip dah pindah negara pindah planet sanaa zaman sd suruh hafalin noh prov hafal bole pulang,Netral
@ARSIPAJA Belum ada yang komen ya kalau dari 2022 ibukota kalsel udah pindah ke banjarbaru Yang ngasih pertanyaaan aja gak tau atau mungkin ini emang video lama,belum ada yang komen ya kalau dari ibukota kalsel udah pindah ke banjarbaru yang ngasih pertanyaaan aja gak tau atau mungkin ini emang video lama,belum ada yang komen ya kalau dari ibukota kalsel udah pindah ke banjarbaru yang ngasih pertanyaaan aja gak tau atau mungkin ini emang video lama,belum ada yang komen ya kalau dari ibukota kalsel sudah pindah ke banjarbaru yang ngasih pertanyaaan saja tidak tau atau mungkin ini memang video lama,komen ibukota kalsel pindah banjarbaru ngasih pertanyaaan tau video,komen ibukota kalsel pindah banjarbaru ngasih pertanyaaan tau video,Netral
@stravenues apakah ketika nanti ibukota resmi pindah ke ikn pemudik dari Jakarta akan tetap banyak atau terminimalisir juga?,apakah ketika nanti ibukota resmi pindah ke ikn pemudik dari jakarta akan tetap banyak atau terminimalisir juga,apakah ketika nanti ibukota resmi pindah ke ikn pemudik dari jakarta akan tetap banyak atau terminimalisir juga,apakah ketika nanti ibukota resmi pindah ke ikn pemudik dari jakarta akan tetap banyak atau terminimalisir juga,ibukota resmi pindah ikn pemudik jakarta terminimalisir,ibukota resmi pindah ikn mudik jakarta terminimalisir,Netral
@s_maretha @KuchikiRizka @tanyakanrl Kalau dicari besarnya pulau ibukota provinsi maluku bisa aja pindah dari Ambon ke Masohi,kalau dicari besarnya pulau ibukota provinsi maluku bisa aja pindah dari ambon ke masohi,kalau dicari besarnya pulau ibukota provinsi maluku bisa aja pindah dari ambon ke masohi,kalau dicari besarnya pulau ibukota provinsi maluku bisa saja pindah dari ambon ke masohi,dicari besarnya pulau ibukota provinsi maluku pindah ambon masohi,cari besar pulau ibukota provinsi malu pindah ambon masohi,Netral
@youthful_mediaa Ibu Kota Nusantara IKN mendapat dukungan dari berbagai kalangan masyarakat yang ingin memajukan bangsa Indonesia. #IbuKota,ibu kota nusantara ikn mendapat dukungan dari berbagai kalangan masyarakat yang ingin memajukan bangsa indonesia,ibu kota nusantara ikn mendapat dukungan dari berbagai kalangan masyarakat yang ingin memajukan bangsa indonesia,ibu kota nusantara ikn mendapat dukungan dari berbagai kalangan masyarakat yang ingin memajukan bangsa indonesia,kota nusantara ikn dukungan kalangan masyarakat memajukan bangsa indonesia,kota nusantara ikn dukung kalang masyarakat maju bangsa indonesia,Positif
@CruellaTiamo Iyaa bangeeett ini mom Jalanan chaos pasar chaos mo nangeess rasanya Berasa orang ibukota pindah kesini semuaaa,iyaa bangeeett ini mom jalanan chaos pasar chaos mo nangeess rasanya berasa orang ibukota pindah kesini semuaaa,iyaa bangeeett ini mom jalanan chaos pasar chaos mo nangeess rasanya berasa orang ibukota pindah kesini semuaaa,iya bangeeett ini mom jalanan chaos pasar chaos ingin nangis rasanya berasa orang ibukota pindah kesini semuaaa,iya bangeeett mom jalanan chaos pasar chaos nangis berasa orang ibukota pindah kesini semuaaa,iya bangeeett mom jalan chaos pasar chaos nang asa orang ibukota pindah kesini semuaaa,Netral
@ARSIPAJA Sok sokan mencalonkan diri jadi Tuan Rumah Olimpiade 2036 di ibukota tercinta Nusantara,sok sokan mencalonkan diri jadi tuan rumah olimpiade di ibukota tercinta nusantara,sok sokan mencalonkan diri jadi tuan rumah olimpiade di ibukota tercinta nusantara,sok sokan mencalonkan diri jadi tuan rumah olimpiade di ibukota tercinta nusantara,sok sokan mencalonkan tuan rumah olimpiade ibukota tercinta nusantara,sok sok calon tuan rumah olimpiade ibukota cinta nusantara,Netral
@hrdbacot Wkwkwkwkwkwkwkwkwkwkwkwkwkwkwkwkwkwkwkwkwkwkwkwkwkwkwk Dihitung pas pusat ibukota kabupaten pindah,wkwkwkwkwkwkwkwkwkwkwkwkwkwkwkwkwkwkwkwkwkwkwkwkwkwkwk dihitung pas pusat ibukota kabupaten pindah,wkwkwkwkwkwkwkwkwkwkwkwkwkwkwkwkwkwkwkwkwkwkwkwkwkwkwk dihitung pas pusat ibukota kabupaten pindah,wkwkwkwkwkwkwkwkwkwkwkwkwkwkwkwkwkwkwkwkwkwkwkwkwkwkwk dihitung pas pusat ibukota kabupaten pindah,wkwkwkwkwkwkwkwkwkwkwkwkwkwkwkwkwkwkwkwkwkwkwkwkwkwkwk dihitung pas pusat ibukota kabupaten pindah,wkwkwkwkwkwkwkwkwkwkwkwkwkwkwkwkwkwkwkwkwkwkwkwkwkwkwk hitung pas pusat ibukota kabupaten pindah,Netral
nanti setelah ibukota pindah apakah hal ini benar2 jd permanen?,nanti setelah ibukota pindah apakah hal ini benar jd permanen,nanti setelah ibukota pindah apakah hal ini benar jd permanen,nanti setelah ibukota pindah apakah hal ini benar jadi permanen,ibukota pindah permanen,ibukota pindah permanen,Netral
@tanyakanrl Sama mungkin bagi manusia jadul yg dulu belajarnya di atlas buku rpul dll ibukota maluku utara adalah ternate sekarang sudah pindah juga https://t.co/iMeda4KSXm,sama mungkin bagi manusia jadul yg dulu belajarnya di atlas buku rpul dll ibukota maluku utara adalah ternate sekarang sudah pindah juga,sama mungkin bagi manusia jadul yg dulu belajarnya di atlas buku rpul dll ibukota maluku utara adalah ternate sekarang sudah pindah juga,sama mungkin bagi manusia jadul yang dulu belajarnya di atlas buku rpul dsb ibukota maluku utara adalah ternate sekarang sudah pindah juga,manusia jadul belajarnya atlas buku rpul dsb ibukota maluku utara ternate pindah,manusia jadul ajar atlas buku rpul dsb ibukota malu utara ternate pindah,Netral
Ibukota udah pindah nih ke IKN. Apa saatnya kita cari rumah di IKN yaaaa,ibukota udah pindah nih ke ikn apa saatnya kita cari rumah di ikn yaaaa,ibukota udah pindah nih ke ikn apa saatnya kita cari rumah di ikn yaaaa,ibukota sudah pindah ini ke ikn apa saatnya kita cari rumah di ikn yaaaa,ibukota pindah ikn cari rumah ikn yaaaa,ibukota pindah ikn cari rumah ikn yaaaa,Netral
@ARSIPAJA FYI Ibukota Kalimantan Selatan sudah bukan Banjarmasin ya gaes sudah pindah ke Banjarbaru,fyi ibukota kalimantan selatan sudah bukan banjarmasin ya gaes sudah pindah ke banjarbaru,fyi ibukota kalimantan selatan sudah bukan banjarmasin ya gaes sudah pindah ke banjarbaru,fyi ibukota kalimantan selatan sudah bukan banjarmasin ya teman sudah pindah ke banjarbaru,fyi ibukota kalimantan selatan banjarmasin teman pindah banjarbaru,fyi ibukota kalimantan selatan banjarmasin teman pindah banjarbaru,Netral
@ARSIPAJA FYI Ibukota Kalimantan Selatan sudah pindah ke Kota Banjarbaru..,fyi ibukota kalimantan selatan sudah pindah ke kota banjarbaru,fyi ibukota kalimantan selatan sudah pindah ke kota banjarbaru,fyi ibukota kalimantan selatan sudah pindah ke kota banjarbaru,fyi ibukota kalimantan selatan pindah kota banjarbaru,fyi ibukota kalimantan selatan pindah kota banjarbaru,Netral
@ybas25 Request ngerubah pertanyaanya bole ga si: 1. Kenapa Ibukota pindah ke Kalimamtan? 3. Akan terjadi apakah di Jakarta? 9. Dimana distrik komando markas besar komunis? 2. Kenapa nomor urut pertanyaannya ga urut?,request ngerubah pertanyaanya bole ga si kenapa ibukota pindah ke kalimamtan akan terjadi apakah di jakarta dimana distrik komando markas besar komunis kenapa nomor urut pertanyaannya ga urut,request ngerubah pertanyaanya bole ga si kenapa ibukota pindah ke kalimamtan akan terjadi apakah di jakarta dimana distrik komando markas besar komunis kenapa nomor urut pertanyaannya ga urut,minta ngerubah pertanyaanya bole tidak si kenapa ibukota pindah ke kalimamtan akan terjadi apakah di jakarta dimana distrik komando markas besar komunis kenapa nomor urut pertanyaannya tidak urut,ngerubah pertanyaanya bole si ibukota pindah kalimamtan jakarta dimana distrik komando markas komunis nomor urut pertanyaannya urut,ngerubah pertanyaanya bole si ibukota pindah kalimamtan jakarta mana distrik komando markas komunis nomor urut tanya urut,Netral
@memori9999 @sulhandin @txttransportasi Ibukota pindah juga gak serta merta ada program transmigrasi kak,ibukota pindah juga gak serta merta ada program transmigrasi kak,ibukota pindah juga gak serta merta ada program transmigrasi kak,ibukota pindah juga tidak serta merta ada program transmigrasi kakak,ibukota pindah merta program transmigrasi kakak,ibukota pindah merta program transmigrasi kakak,Netral
@ARSIPAJA Ibukota Kalsel udah pindah ke Banjarbaru btw :(,ibukota kalsel udah pindah ke banjarbaru btw,ibukota kalsel udah pindah ke banjarbaru btw,ibukota kalsel sudah pindah ke banjarbaru omong,ibukota kalsel pindah banjarbaru omong,ibukota kalsel pindah banjarbaru omong,Netral
@ARSIPAJA ibukota Kalsel udah pindah ke Banjarbaru btw,ibukota kalsel udah pindah ke banjarbaru btw,ibukota kalsel udah pindah ke banjarbaru btw,ibukota kalsel sudah pindah ke banjarbaru omong,ibukota kalsel pindah banjarbaru omong,ibukota kalsel pindah banjarbaru omong,Netral
Btw ibukota Kalimantan Selatan udah pindah ke Banjarbaru sejak 2022,btw ibukota kalimantan selatan udah pindah ke banjarbaru sejak,btw ibukota kalimantan selatan udah pindah ke banjarbaru sejak,omong ibukota kalimantan selatan sudah pindah ke banjarbaru sejak,omong ibukota kalimantan selatan pindah banjarbaru,omong ibukota kalimantan selatan pindah banjarbaru,Netral
@Myth_ical121 @aightxx @Strategi_Bisnis Pindah ibukota kok menjajah? Gatau kah Indonesia udh pernah ganti ibukota ke Yogyakarta? Gk paham definisi menjajah lebih baik diam si,pindah ibukota kok menjajah gatau kah indonesia udh pernah ganti ibukota ke yogyakarta gk paham definisi menjajah lebih baik diam si,pindah ibukota kok menjajah gatau kah indonesia udh pernah ganti ibukota ke yogyakarta gk paham definisi menjajah lebih baik diam si,pindah ibukota kok menjajah tidak tahu kah indonesia sudah pernah ganti ibukota ke yogyakarta tidak paham definisi menjajah lebih baik diam si,pindah ibukota menjajah tidak tahu kah indonesia ganti ibukota yogyakarta paham definisi menjajah diam si,pindah ibukota jajah tidak tahu kah indonesia ganti ibukota yogyakarta paham definisi jajah diam si,Positif
@Edqbal @Strategi_Bisnis Luar pulau jawa udah proses pembangunan mas gatau kah? Klo Kalimantan jangan ditanya ibukota aja pindah kesana udh pasti jadi Jakarta ke 2 tp khusus pusat pemerintah doang bukan macam? kek JKT,luar pulau jawa udah proses pembangunan mas gatau kah klo kalimantan jangan ditanya ibukota aja pindah kesana udh pasti jadi jakarta ke tp khusus pusat pemerintah doang bukan macam kek jkt,luar pulau jawa udah proses pembangunan mas gatau kah klo kalimantan jangan ditanya ibukota aja pindah kesana udh pasti jadi jakarta ke tp khusus pusat pemerintah doang bukan macam kek jkt,luar pulau jawa sudah proses pembangunan kakak tidak tahu kah kalau kalimantan jangan ditanya ibukota saja pindah kesana sudah pasti jadi jakarta ke tapi khusus pusat pemerintah doang bukan macam seperti jakarta,pulau jawa proses pembangunan kakak tidak tahu kah kalimantan ibukota pindah kesana jakarta khusus pusat pemerintah doang jakarta,pulau jawa proses bangun kakak tidak tahu kah kalimantan ibukota pindah kesana jakarta khusus pusat perintah doang jakarta,Netral
aku pernah nulis kisah fiksi Canibal pemakan daging manusia atheisme itu kisah nyata mbah yaaaai makanya aku mundur 2 langkah .. pindah ke Negoro Darossalam ibukota Jakarta ga laku mbah yaaaai https://t.co/8nPfYguUeh,aku pernah nulis kisah fiksi canibal pemakan daging manusia atheisme itu kisah nyata mbah yaaaai makanya aku mundur langkah pindah ke negoro darossalam ibukota jakarta ga laku mbah yaaaai,aku pernah nulis kisah fiksi canibal pemakan daging manusia atheisme itu kisah nyata mbah yaaaai makanya aku mundur langkah pindah ke negoro darossalam ibukota jakarta ga laku mbah yaaaai,aku pernah nulis kisah fiksi canibal pemakan daging manusia atheisme itu kisah nyata mbah yaaaai makanya aku mundur langkah pindah ke negoro darossalam ibukota jakarta tidak laku mbah yaaaai,nulis kisah fiksi canibal pemakan daging manusia atheisme kisah nyata mbah yaaaai mundur langkah pindah negoro darossalam ibukota jakarta laku mbah yaaaai,nulis kisah fiksi canibal makan daging manusia atheisme kisah nyata mbah yaaaai mundur langkah pindah negoro darossalam ibukota jakarta laku mbah yaaaai,Netral
eh ibukota udh resmi pindah kah? jskarta udh bukan ibu kota lg ya?,eh ibukota udh resmi pindah kah jskarta udh bukan ibu kota lg ya,eh ibukota udh resmi pindah kah jskarta udh bukan ibu kota lg ya,eh ibukota sudah resmi pindah kah jakarta sudah bukan ibu kota lagi ya,ibukota resmi pindah kah jakarta kota,ibukota resmi pindah kah jakarta kota,Netral
